{
	"credit": "Made with Blockbench",
	"parent": "breadbasket1a",
	"textures": {
		"0": "block/breadbasket",
		"1": "block/bread3",
		"2": "block/bread3_layer",
		"particle": "block/bread3"
	},
	"elements": [
		{
			"name": "basket",
			"from": [2.06638, 2.9882, -0.07151],
			"to": [14.06638, 3.9882, 11.92849],
			"rotation": {"angle": -22.5, "axis": "x", "origin": [8, 6.48623, 6.95]},
			"faces": {
				"north": {"uv": [9.016, 3.016, 11.984, 3.25], "texture": "#0"},
				"east": {"uv": [6.016, 3.016, 8.984, 3.25], "texture": "#0"},
				"south": {"uv": [3.016, 3.016, 5.984, 3.25], "texture": "#0"},
				"west": {"uv": [0.016, 3.016, 2.984, 3.25], "texture": "#0"},
				"up": {"uv": [5.984, 2.984, 3.016, 0.016], "rotation": 180, "texture": "#0"},
				"down": {"uv": [8.984, 0.016, 6.016, 2.984], "rotation": 180, "texture": "#0"}
			}
		},
		{
			"name": "basket",
			"from": [1.06638, 2.9882, -1.07151],
			"to": [2.06638, 7.9882, 12.92849],
			"rotation": {"angle": -22.5, "axis": "x", "origin": [8, 6.48623, 6.95]},
			"faces": {
				"north": {"uv": [11.25, 8.016, 11.484, 9.25], "texture": "#0"},
				"east": {"uv": [7.75, 8.016, 11.25, 9.25], "texture": "#0"},
				"south": {"uv": [7.516, 8.016, 7.75, 9.25], "texture": "#0"},
				"west": {"uv": [4.016, 8.016, 7.484, 9.25], "texture": "#0"},
				"up": {"uv": [7.75, 7.984, 7.516, 4.516], "rotation": 180, "texture": "#0"},
				"down": {"uv": [7.984, 4.516, 7.75, 7.984], "rotation": 180, "texture": "#0"}
			}
		},
		{
			"name": "basket",
			"from": [14.06638, 2.9882, -1.07151],
			"to": [15.06638, 7.9882, 12.92849],
			"rotation": {"angle": -22.5, "axis": "x", "origin": [8, 6.48623, 6.95]},
			"faces": {
				"north": {"uv": [7.25, 6.75, 7.484, 7.984], "texture": "#0"},
				"east": {"uv": [3.75, 6.75, 7.25, 7.984], "texture": "#0"},
				"south": {"uv": [3.516, 6.75, 3.75, 7.984], "texture": "#0"},
				"west": {"uv": [0.016, 6.75, 3.484, 7.984], "texture": "#0"},
				"up": {"uv": [3.75, 6.75, 3.516, 3.25], "rotation": 180, "texture": "#0"},
				"down": {"uv": [3.984, 3.25, 3.75, 6.75], "rotation": 180, "texture": "#0"}
			}
		},
		{
			"name": "basketfront",
			"from": [2.06638, 2.9882, -1.07151],
			"to": [14.06638, 7.9882, -0.07151],
			"rotation": {"angle": -22.5, "axis": "x", "origin": [8, 6.48623, 6.95]},
			"faces": {
				"north": {"uv": [11.516, 5.016, 14.484, 6.25], "texture": "#0"},
				"east": {"uv": [11.25, 5.016, 11.484, 6.25], "texture": "#0"},
				"south": {"uv": [8.25, 5.016, 11.25, 6.25], "texture": "#0"},
				"west": {"uv": [8.016, 5.016, 8.25, 6.25], "texture": "#0"},
				"up": {"uv": [11.25, 4.984, 8.25, 4.75], "rotation": 180, "texture": "#0"},
				"down": {"uv": [14.25, 4.75, 11.25, 4.984], "rotation": 180, "texture": "#0"}
			}
		},
		{
			"name": "basketback",
			"from": [2.06638, 2.9882, 11.92849],
			"to": [14.06638, 7.9882, 12.92849],
			"rotation": {"angle": -22.5, "axis": "x", "origin": [8, 6.48623, 6.95]},
			"faces": {
				"north": {"uv": [11.516, 3.516, 14.484, 4.75], "texture": "#0"},
				"east": {"uv": [11.25, 3.516, 11.484, 4.75], "texture": "#0"},
				"south": {"uv": [8.25, 3.516, 11.25, 4.75], "texture": "#0"},
				"west": {"uv": [8.016, 3.516, 8.25, 4.75], "texture": "#0"},
				"up": {"uv": [11.25, 3.484, 8.25, 3.25], "rotation": 180, "texture": "#0"},
				"down": {"uv": [14.25, 3.25, 11.25, 3.484], "rotation": 180, "texture": "#0"}
			}
		},
		{
			"name": "log",
			"from": [0.56638, 0.1, 10.95427],
			"to": [15.56638, 4.1, 14.95427],
			"rotation": {"angle": 0, "axis": "x", "origin": [8, 6.48623, 6.95]},
			"faces": {
				"north": {"uv": [5.25, 11.25, 8.984, 11.984], "texture": "#0"},
				"east": {"uv": [4.516, 11.25, 5.25, 11.984], "texture": "#0"},
				"south": {"uv": [0.75, 11.25, 4.484, 11.984], "texture": "#0"},
				"west": {"uv": [0.016, 11.25, 0.75, 11.984], "texture": "#0"},
				"up": {"uv": [4.484, 11.25, 0.75, 10.516], "rotation": 180, "texture": "#0"},
				"down": {"uv": [8.25, 10.516, 4.516, 11.25], "rotation": 180, "texture": "#0"}
			}
		},
		{
			"from": [5.75, 1, 0],
			"to": [9.75, 16, 3],
			"rotation": {"angle": 22.5, "axis": "x", "origin": [11, 0, 4.0625]},
			"faces": {
				"north": {"uv": [12.06, 0.06, 15.94, 14.94], "texture": "#1"},
				"east": {"uv": [5.06, 0.06, 7.94, 14.94], "texture": "#1"},
				"south": {"uv": [8.06, 0.06, 11.94, 14.94], "texture": "#1"},
				"west": {"uv": [7.94, 0.06, 5.06, 14.94], "texture": "#1"},
				"up": {"uv": [1.06, 14.94, 4.94, 12.06], "texture": "#1"},
				"down": {"uv": [1.06, 12.06, 4.94, 14.94], "texture": "#1"}
			}
		},
		{
			"from": [5.45, 1, 0],
			"to": [5.45, 16, 3],
			"rotation": {"angle": 22.5, "axis": "x", "origin": [11, 0, 4.0625]},
			"faces": {
				"west": {"uv": [7.94, 0.06, 5.06, 14.94], "texture": "#2"}
			}
		},
		{
			"from": [10.05, 1, 0],
			"to": [10.05, 16, 3],
			"rotation": {"angle": 22.5, "axis": "x", "origin": [11, 0, 4.0625]},
			"faces": {
				"east": {"uv": [5.06, 0.06, 7.94, 14.94], "texture": "#2"}
			}
		},
		{
			"from": [5.75, 1, -0.25],
			"to": [9.75, 16, -0.25],
			"rotation": {"angle": 22.5, "axis": "x", "origin": [11, 0, 4.0625]},
			"faces": {
				"north": {"uv": [12.06, 0.06, 15.94, 14.94], "texture": "#2"}
			}
		},
		{
			"from": [9.75, 0.78909, 7.53983],
			"to": [13.75, 15.78909, 10.53983],
			"rotation": {"angle": 45, "axis": "x", "origin": [11.75, 10.53909, 8.35233]},
			"faces": {
				"north": {"uv": [12.06, 0.06, 15.94, 14.94], "texture": "#1"},
				"east": {"uv": [5.06, 0.06, 7.94, 14.94], "texture": "#1"},
				"south": {"uv": [8.06, 0.06, 11.94, 14.94], "texture": "#1"},
				"west": {"uv": [7.94, 0.06, 5.06, 14.94], "texture": "#1"},
				"up": {"uv": [1.06, 14.94, 4.94, 12.06], "texture": "#1"},
				"down": {"uv": [1.06, 12.06, 4.94, 14.94], "texture": "#1"}
			}
		},
		{
			"from": [9.45, 0.78909, 7.53983],
			"to": [9.45, 15.78909, 10.53983],
			"rotation": {"angle": 45, "axis": "x", "origin": [11.75, 10.53909, 8.35233]},
			"faces": {
				"west": {"uv": [7.94, 0.06, 5.06, 14.94], "texture": "#2"}
			}
		},
		{
			"from": [14.05, 0.78909, 7.53983],
			"to": [14.05, 15.78909, 10.53983],
			"rotation": {"angle": 45, "axis": "x", "origin": [11.75, 10.53909, 8.35233]},
			"faces": {
				"east": {"uv": [5.06, 0.06, 7.94, 14.94], "texture": "#2"}
			}
		},
		{
			"from": [9.75, 0.78909, 7.28983],
			"to": [13.75, 15.78909, 7.28983],
			"rotation": {"angle": 45, "axis": "x", "origin": [11.75, 10.53909, 8.35233]},
			"faces": {
				"north": {"uv": [12.06, 0.06, 15.94, 14.94], "texture": "#2"}
			}
		},
		{
			"from": [2.75, 2.5, 4.75],
			"to": [6.75, 17.5, 7.75],
			"rotation": {"angle": 22.5, "axis": "x", "origin": [8, 2, 8.8125]},
			"faces": {
				"north": {"uv": [12.06, 0.06, 15.94, 14.94], "texture": "#1"},
				"east": {"uv": [5.06, 0.06, 7.94, 14.94], "texture": "#1"},
				"south": {"uv": [8.06, 0.06, 11.94, 14.94], "texture": "#1"},
				"west": {"uv": [7.94, 0.06, 5.06, 14.94], "texture": "#1"},
				"up": {"uv": [1.06, 14.94, 4.94, 12.06], "texture": "#1"},
				"down": {"uv": [1.06, 12.06, 4.94, 14.94], "texture": "#1"}
			}
		},
		{
			"from": [2.45, 2.5, 4.75],
			"to": [2.45, 17.5, 7.75],
			"rotation": {"angle": 22.5, "axis": "x", "origin": [8, 2, 8.8125]},
			"faces": {
				"west": {"uv": [7.94, 0.06, 5.06, 14.94], "texture": "#2"}
			}
		},
		{
			"from": [7.05, 2.5, 4.75],
			"to": [7.05, 17.5, 7.75],
			"rotation": {"angle": 22.5, "axis": "x", "origin": [8, 2, 8.8125]},
			"faces": {
				"east": {"uv": [5.06, 0.06, 7.94, 14.94], "texture": "#2"}
			}
		},
		{
			"from": [2.75, 2.5, 4.5],
			"to": [6.75, 17.5, 4.5],
			"rotation": {"angle": 22.5, "axis": "x", "origin": [8, 2, 8.8125]},
			"faces": {
				"north": {"uv": [12.06, 0.06, 15.94, 14.94], "texture": "#2"}
			}
		}
	],
	"display": {
		"thirdperson_righthand": {
			"rotation": [65, 0, 0],
			"translation": [-6, 5, 1.25]
		},
		"firstperson_righthand": {
			"translation": [-8.75, -8.5, -7]
		},
		"ground": {
			"translation": [0, 4, 0]
		},
		"gui": {
			"rotation": [180, -29, 180]
		},
		"fixed": {
			"rotation": [-90, 0, 0],
			"translation": [0, 0, -15],
			"scale": [2, 2, 2]
		}
	},
	"groups": [
		{
			"name": "basket",
			"origin": [0, 0, 0],
			"color": 0,
			"children": [
				{
					"name": "basket",
					"origin": [0, 0.2, 7],
					"color": 1,
					"children": [
						0,
						1,
						2,
						{
							"name": "basketfront",
							"origin": [0, 0.2, 0],
							"color": 2,
							"children": [3]
						},
						{
							"name": "basketback",
							"origin": [0, 0.2, -13],
							"color": 3,
							"children": [4]
						}
					]
				},
				{
					"name": "log",
					"origin": [0, 0, 0],
					"color": 0,
					"children": [5]
				}
			]
		},
		{
			"name": "group",
			"origin": [8, 8, 8],
			"color": 0,
			"children": [
				{
					"name": "bread3",
					"origin": [0, 0, 0],
					"color": 0,
					"children": [6, 7, 8, 9]
				},
				{
					"name": "bread3",
					"origin": [0, 0, 0],
					"color": 0,
					"children": [10, 11, 12, 13]
				},
				{
					"name": "bread3",
					"origin": [0, 0, 0],
					"color": 0,
					"children": [14, 15, 16, 17]
				}
			]
		}
	]
}