{
	"credit": "Made with Blockbench",
	"parent": "breadbasket1",
	"textures": {
		"0": "block/breadbasket",
		"1": "block/bread1",
		"2": "block/bread1_layer",
		"particle": "block/bread1"
	},
	"elements": [
		{
			"name": "basket",
			"from": [2.06638, -0.0118, 1.92849],
			"to": [14.06638, 0.9882, 13.92849],
			"rotation": {"angle": 0, "axis": "x", "origin": [8, 6.48623, 6.95]},
			"faces": {
				"north": {"uv": [9.016, 3.016, 11.984, 3.25], "texture": "#0"},
				"east": {"uv": [6.016, 3.016, 8.984, 3.25], "texture": "#0"},
				"south": {"uv": [3.016, 3.016, 5.984, 3.25], "texture": "#0"},
				"west": {"uv": [0.016, 3.016, 2.984, 3.25], "texture": "#0"},
				"up": {"uv": [5.984, 2.984, 3.016, 0.016], "rotation": 180, "texture": "#0"},
				"down": {"uv": [8.984, 0.016, 6.016, 2.984], "rotation": 180, "texture": "#0"}
			}
		},
		{
			"name": "basket",
			"from": [1.06638, -0.0118, 0.92849],
			"to": [2.06638, 4.9882, 14.92849],
			"rotation": {"angle": 0, "axis": "x", "origin": [8, 6.48623, 6.95]},
			"faces": {
				"north": {"uv": [11.25, 8.016, 11.484, 9.25], "texture": "#0"},
				"east": {"uv": [7.75, 8.016, 11.25, 9.25], "texture": "#0"},
				"south": {"uv": [7.516, 8.016, 7.75, 9.25], "texture": "#0"},
				"west": {"uv": [4.016, 8.016, 7.484, 9.25], "texture": "#0"},
				"up": {"uv": [7.75, 7.984, 7.516, 4.516], "rotation": 180, "texture": "#0"},
				"down": {"uv": [7.984, 4.516, 7.75, 7.984], "rotation": 180, "texture": "#0"}
			}
		},
		{
			"name": "basket",
			"from": [14.06638, -0.0118, 0.92849],
			"to": [15.06638, 4.9882, 14.92849],
			"rotation": {"angle": 0, "axis": "x", "origin": [8, 6.48623, 6.95]},
			"faces": {
				"north": {"uv": [7.25, 6.75, 7.484, 7.984], "texture": "#0"},
				"east": {"uv": [3.75, 6.75, 7.25, 7.984], "texture": "#0"},
				"south": {"uv": [3.516, 6.75, 3.75, 7.984], "texture": "#0"},
				"west": {"uv": [0.016, 6.75, 3.484, 7.984], "texture": "#0"},
				"up": {"uv": [3.75, 6.75, 3.516, 3.25], "rotation": 180, "texture": "#0"},
				"down": {"uv": [3.984, 3.25, 3.75, 6.75], "rotation": 180, "texture": "#0"}
			}
		},
		{
			"name": "basketfront",
			"from": [2.06638, -0.0118, 0.92849],
			"to": [14.06638, 4.9882, 1.92849],
			"rotation": {"angle": 0, "axis": "x", "origin": [8, 6.48623, 6.95]},
			"faces": {
				"north": {"uv": [11.516, 5.016, 14.484, 6.25], "texture": "#0"},
				"east": {"uv": [11.25, 5.016, 11.484, 6.25], "texture": "#0"},
				"south": {"uv": [8.25, 5.016, 11.25, 6.25], "texture": "#0"},
				"west": {"uv": [8.016, 5.016, 8.25, 6.25], "texture": "#0"},
				"up": {"uv": [11.25, 4.984, 8.25, 4.75], "rotation": 180, "texture": "#0"},
				"down": {"uv": [14.25, 4.75, 11.25, 4.984], "rotation": 180, "texture": "#0"}
			}
		},
		{
			"name": "basketback",
			"from": [2.06638, -0.0118, 13.92849],
			"to": [14.06638, 4.9882, 14.92849],
			"rotation": {"angle": 0, "axis": "x", "origin": [8, 6.48623, 6.95]},
			"faces": {
				"north": {"uv": [11.516, 3.516, 14.484, 4.75], "texture": "#0"},
				"east": {"uv": [11.25, 3.516, 11.484, 4.75], "texture": "#0"},
				"south": {"uv": [8.25, 3.516, 11.25, 4.75], "texture": "#0"},
				"west": {"uv": [8.016, 3.516, 8.25, 4.75], "texture": "#0"},
				"up": {"uv": [11.25, 3.484, 8.25, 3.25], "rotation": 180, "texture": "#0"},
				"down": {"uv": [14.25, 3.25, 11.25, 3.484], "rotation": 180, "texture": "#0"}
			}
		},
		{
			"from": [2.10726, 2.00875, 9.70693],
			"to": [9.87354, 8.91211, 13.15862],
			"rotation": {"angle": 22.5, "axis": "x", "origin": [7.9904, 4.46043, 8.7398]},
			"faces": {
				"north": {"uv": [0.06, 0.06, 8.94, 7.94], "rotation": 180, "texture": "#1"},
				"east": {"uv": [0.06, 8.06, 7.94, 11.94], "rotation": 90, "texture": "#1"},
				"south": {"uv": [4.06, 9.06, 8.94, 11.94], "texture": "#1"},
				"west": {"uv": [0.06, 8.06, 7.94, 11.94], "rotation": 270, "texture": "#1"},
				"up": {"uv": [0.06, 8.06, 8.94, 11.94], "texture": "#1"},
				"down": {"uv": [0.06, 8.06, 8.94, 11.94], "rotation": 180, "texture": "#1"}
			}
		},
		{
			"from": [2.10726, 2.00875, 9.60694],
			"to": [9.87354, 8.91211, 9.60694],
			"rotation": {"angle": 22.5, "axis": "x", "origin": [7.9904, 4.46043, 8.7398]},
			"faces": {
				"north": {"uv": [0.06, 0.06, 8.94, 7.94], "rotation": 180, "texture": "#2"}
			}
		},
		{
			"from": [2.97018, 2.87167, 8.84401],
			"to": [9.01062, 8.04919, 9.70693],
			"rotation": {"angle": 22.5, "axis": "x", "origin": [7.9904, 4.46043, 8.7398]},
			"faces": {
				"north": {"uv": [1.06, 1.06, 7.94, 6.94], "rotation": 180, "texture": "#1"},
				"east": {"uv": [0.06, 7.06, 5.94, 7.94], "rotation": 90, "texture": "#1"},
				"south": {"uv": [0.06, 0.06, 0.06, 0.06], "texture": "#1"},
				"west": {"uv": [1.06, 0.06, 6.94, 0.94], "rotation": 270, "texture": "#1"},
				"up": {"uv": [0.06, 8.06, 6.94, 8.94], "texture": "#1"},
				"down": {"uv": [2.06, 7.06, 8.94, 7.94], "rotation": 180, "texture": "#1"}
			}
		},
		{
			"from": [2.97018, 2.87167, 8.64402],
			"to": [9.01062, 8.04919, 8.64402],
			"rotation": {"angle": 22.5, "axis": "x", "origin": [7.9904, 4.46043, 8.7398]},
			"faces": {
				"north": {"uv": [1.06, 1.06, 7.94, 6.94], "rotation": 180, "texture": "#2"}
			}
		},
		{
			"from": [6.10726, 1.54994, 4.0135],
			"to": [13.87354, 8.4533, 7.46518],
			"rotation": {"angle": 45, "axis": "x", "origin": [9.9904, 5.00162, 4.04636]},
			"faces": {
				"north": {"uv": [0.06, 0.06, 8.94, 7.94], "rotation": 180, "texture": "#1"},
				"east": {"uv": [0.06, 8.06, 7.94, 11.94], "rotation": 90, "texture": "#1"},
				"south": {"uv": [4.06, 9.06, 8.94, 11.94], "texture": "#1"},
				"west": {"uv": [0.06, 8.06, 7.94, 11.94], "rotation": 270, "texture": "#1"},
				"up": {"uv": [0.06, 8.06, 8.94, 11.94], "texture": "#1"},
				"down": {"uv": [0.06, 8.06, 8.94, 11.94], "rotation": 180, "texture": "#1"}
			}
		},
		{
			"from": [6.10726, 1.54994, 3.9135],
			"to": [13.87354, 8.4533, 3.9135],
			"rotation": {"angle": 45, "axis": "x", "origin": [9.9904, 5.00162, 4.04636]},
			"faces": {
				"north": {"uv": [0.06, 0.06, 8.94, 7.94], "rotation": 180, "texture": "#2"}
			}
		},
		{
			"from": [6.97018, 2.41286, 3.15058],
			"to": [13.01062, 7.59038, 4.0135],
			"rotation": {"angle": 45, "axis": "x", "origin": [9.9904, 5.00162, 4.04636]},
			"faces": {
				"north": {"uv": [1.06, 1.06, 7.94, 6.94], "rotation": 180, "texture": "#1"},
				"east": {"uv": [0.06, 7.06, 5.94, 7.94], "rotation": 90, "texture": "#1"},
				"south": {"uv": [0.06, 0.06, 0.06, 0.06], "texture": "#1"},
				"west": {"uv": [1.06, 0.06, 6.94, 0.94], "rotation": 270, "texture": "#1"},
				"up": {"uv": [0.06, 8.06, 6.94, 8.94], "texture": "#1"},
				"down": {"uv": [2.06, 7.06, 8.94, 7.94], "rotation": 180, "texture": "#1"}
			}
		},
		{
			"from": [6.97018, 2.41286, 2.95058],
			"to": [13.01062, 7.59038, 2.95058],
			"rotation": {"angle": 45, "axis": "x", "origin": [9.9904, 5.00162, 4.04636]},
			"faces": {
				"north": {"uv": [1.06, 1.06, 7.94, 6.94], "rotation": 180, "texture": "#2"}
			}
		}
	],
	"display": {
		"thirdperson_righthand": {
			"rotation": [65, 0, 0],
			"translation": [-6, 7.75, 4.25]
		},
		"firstperson_righthand": {
			"translation": [-8.75, 0, -3]
		},
		"ground": {
			"translation": [0, 4, 0]
		},
		"gui": {
			"rotation": [-152.75, 0, -180],
			"translation": [0, 1.5, 0]
		},
		"fixed": {
			"rotation": [-90, 0, 0],
			"translation": [0, 0, -15],
			"scale": [2, 2, 2]
		}
	},
	"groups": [
		{
			"name": "basket",
			"origin": [0, 0, 0],
			"color": 0,
			"children": [
				{
					"name": "basket",
					"origin": [0, 0.2, 7],
					"color": 1,
					"children": [
						0,
						1,
						2,
						{
							"name": "basketfront",
							"origin": [0, 0.2, 0],
							"color": 2,
							"children": [3]
						},
						{
							"name": "basketback",
							"origin": [0, 0.2, -13],
							"color": 3,
							"children": [4]
						}
					]
				},
				{
					"name": "log",
					"origin": [0, 0, 0],
					"color": 0,
					"children": []
				}
			]
		},
		{
			"name": "group",
			"origin": [0, 0, 0],
			"color": 0,
			"children": [5, 6, 7, 8]
		},
		{
			"name": "group",
			"origin": [0, 0, 0],
			"color": 0,
			"children": [9, 10, 11, 12]
		}
	]
}