{
	"credit": "Made with Blockbench",
	"textures": {
		"0": "block/jam2",
		"particle": "block/jam2"
	},
	"elements": [
		{
			"name": "glass",
			"from": [2, 0, 5],
			"to": [7, 6, 10],
			"rotation": {"angle": 0, "axis": "y", "origin": [3.968, 3.96489, 7.97526]},
			"faces": {
				"north": {"uv": [0.06, 0.06, 4.94, 6.94], "texture": "#0"},
				"east": {"uv": [0.06, 0.06, 4.94, 6.94], "texture": "#0"},
				"south": {"uv": [0.06, 0.06, 4.88, 6.94], "texture": "#0"},
				"west": {"uv": [0.06, 0.06, 4.94, 6.94], "texture": "#0"},
				"down": {"uv": [0.06, 7.06, 4.94, 11.94], "texture": "#0"}
			}
		},
		{
			"name": "jam",
			"from": [2.75, 0.5, 5.75],
			"to": [6.25, 4.5, 9.25],
			"rotation": {"angle": 0, "axis": "y", "origin": [3.968, 3.96489, 7.97526]},
			"faces": {
				"north": {"uv": [13.06, 0.06, 15.94, 3.94], "texture": "#0"},
				"east": {"uv": [13.06, 0.06, 15.94, 3.94], "texture": "#0"},
				"south": {"uv": [13.06, 0.06, 15.94, 3.94], "texture": "#0"},
				"west": {"uv": [13.06, 0.06, 15.94, 3.94], "texture": "#0"},
				"up": {"uv": [13.06, 0.06, 15.94, 2.94], "texture": "#0"},
				"down": {"uv": [13.06, 0.06, 15.94, 2.94], "texture": "#0"}
			}
		},
		{
			"name": "lid",
			"from": [1.75, 6, 4.75],
			"to": [7.25, 7, 10.25],
			"rotation": {"angle": 0, "axis": "y", "origin": [8.968, 6.96489, 7.97526]},
			"faces": {
				"north": {"uv": [5.06, 4.06, 9.94, 4.94], "texture": "#0"},
				"east": {"uv": [5.06, 4.06, 9.94, 4.94], "texture": "#0"},
				"south": {"uv": [5.06, 4.06, 9.94, 4.94], "texture": "#0"},
				"west": {"uv": [5.06, 0.06, 9.94, 0.94], "texture": "#0"},
				"up": {"uv": [5.06, 0.06, 9.94, 4.94], "texture": "#0"},
				"down": {"uv": [5.06, 0.06, 9.94, 4.94], "texture": "#0"}
			}
		},
		{
			"from": [1.9, 5, 10.05],
			"to": [7.1, 5.75, 10.05],
			"rotation": {"angle": 0, "axis": "y", "origin": [3.968, 3.96489, 7.97526]},
			"faces": {
				"north": {"uv": [0.06, 12.06, 4.94, 12.94], "texture": "#0"},
				"east": {"uv": [0.06, 12.06, 4.94, 12.94], "texture": "#0"},
				"south": {"uv": [0.06, 12.06, 4.94, 12.94], "texture": "#0"},
				"west": {"uv": [0.06, 12.06, 4.94, 12.94], "texture": "#0"},
				"up": {"uv": [0.06, 12.06, 4.94, 12.94], "texture": "#0"},
				"down": {"uv": [0.06, 12.06, 4.94, 12.94], "texture": "#0"}
			}
		},
		{
			"from": [1.4, 2.12686, 10.48811],
			"to": [2.4, 4.12686, 10.48811],
			"rotation": {"angle": -22.5, "axis": "x", "origin": [3.968, 3.96489, 7.97526]},
			"faces": {
				"north": {"uv": [7.06, 5.06, 7.94, 6.94], "texture": "#0"},
				"east": {"uv": [7.06, 5.06, 7.94, 6.94], "texture": "#0"},
				"south": {"uv": [7.06, 5.06, 7.94, 6.94], "texture": "#0"},
				"west": {"uv": [7.06, 5.06, 7.94, 6.94], "texture": "#0"},
				"up": {"uv": [7.06, 5.06, 7.94, 6.94], "texture": "#0"},
				"down": {"uv": [7.06, 5.06, 7.94, 6.94], "texture": "#0"}
			}
		},
		{
			"from": [0.75, 3.52686, 10.03811],
			"to": [1.75, 4.52686, 10.03811],
			"rotation": {"angle": -22.5, "axis": "x", "origin": [3.968, 3.96489, 7.97526]},
			"faces": {
				"north": {"uv": [5.06, 12.06, 6, 12.94], "texture": "#0"},
				"east": {"uv": [5.06, 12.06, 6, 12.94], "texture": "#0"},
				"south": {"uv": [5.06, 12.06, 6, 12.94], "texture": "#0"},
				"west": {"uv": [5.06, 12.06, 6, 12.94], "texture": "#0"},
				"up": {"uv": [5.06, 12.06, 6, 12.94], "texture": "#0"},
				"down": {"uv": [5.06, 12.06, 6, 12.94], "texture": "#0"}
			}
		},
		{
			"from": [1.899, 5, 4.851],
			"to": [1.899, 5.75, 10.051],
			"rotation": {"angle": 0, "axis": "y", "origin": [3.968, 3.96489, 7.97526]},
			"faces": {
				"north": {"uv": [0.06, 12.06, 4.94, 12.94], "texture": "#0"},
				"east": {"uv": [0.06, 12.06, 4.94, 12.94], "texture": "#0"},
				"south": {"uv": [0.06, 12.06, 4.94, 12.94], "texture": "#0"},
				"west": {"uv": [0.06, 12.06, 4.94, 12.94], "texture": "#0"},
				"up": {"uv": [0.06, 12.06, 4.94, 12.94], "rotation": 270, "texture": "#0"},
				"down": {"uv": [0.06, 12.06, 4.94, 12.94], "rotation": 90, "texture": "#0"}
			}
		},
		{
			"from": [1.9, 5, 4.851],
			"to": [7.1, 5.75, 4.851],
			"rotation": {"angle": 0, "axis": "y", "origin": [3.968, 3.96489, 7.97526]},
			"faces": {
				"north": {"uv": [0.06, 12.06, 4.94, 12.94], "texture": "#0"},
				"east": {"uv": [0.06, 12.06, 4.94, 12.94], "texture": "#0"},
				"south": {"uv": [0.06, 12.06, 4.94, 12.94], "texture": "#0"},
				"west": {"uv": [0.06, 12.06, 4.94, 12.94], "texture": "#0"},
				"up": {"uv": [0.06, 12.06, 4.94, 12.94], "texture": "#0"},
				"down": {"uv": [0.06, 12.06, 4.94, 12.94], "texture": "#0"}
			}
		},
		{
			"from": [7.099, 5, 4.851],
			"to": [7.099, 5.75, 10.051],
			"rotation": {"angle": 0, "axis": "y", "origin": [3.968, 3.96489, 7.97526]},
			"faces": {
				"north": {"uv": [0.06, 12.06, 4.94, 12.94], "texture": "#0"},
				"east": {"uv": [0.06, 12.06, 4.94, 12.94], "texture": "#0"},
				"south": {"uv": [0.06, 12.06, 4.94, 12.94], "texture": "#0"},
				"west": {"uv": [0.06, 12.06, 4.94, 12.94], "texture": "#0"},
				"up": {"uv": [0.06, 12.06, 4.94, 12.94], "rotation": 270, "texture": "#0"},
				"down": {"uv": [0.06, 12.06, 4.94, 12.94], "rotation": 90, "texture": "#0"}
			}
		},
		{
			"from": [2.2, 0.2, 10.05],
			"to": [3.7, 0.95, 10.05],
			"rotation": {"angle": 0, "axis": "y", "origin": [3.968, 3.96489, 7.97526]},
			"faces": {
				"north": {"uv": [5.06, 5.06, 6.94, 5.94], "texture": "#0"},
				"east": {"uv": [5.06, 5.06, 6.94, 5.94], "texture": "#0"},
				"south": {"uv": [5.06, 5.06, 6.94, 5.94], "texture": "#0"},
				"west": {"uv": [5.06, 5.06, 6.94, 5.94], "texture": "#0"},
				"up": {"uv": [5.06, 5.06, 6.94, 5.94], "texture": "#0"},
				"down": {"uv": [5.06, 5.06, 6.94, 5.94], "texture": "#0"}
			}
		},
		{
			"from": [5.3, 0.2, 4.9],
			"to": [6.8, 0.95, 4.9],
			"rotation": {"angle": 0, "axis": "y", "origin": [3.968, 3.96489, 7.97526]},
			"faces": {
				"north": {"uv": [5.06, 5.06, 6.94, 5.94], "texture": "#0"},
				"east": {"uv": [5.06, 5.06, 6.94, 5.94], "texture": "#0"},
				"south": {"uv": [5.06, 5.06, 6.94, 5.94], "texture": "#0"},
				"west": {"uv": [5.06, 5.06, 6.94, 5.94], "texture": "#0"},
				"up": {"uv": [5.06, 5.06, 6.94, 5.94], "texture": "#0"},
				"down": {"uv": [5.06, 5.06, 6.94, 5.94], "texture": "#0"}
			}
		},
		{
			"name": "jam",
			"from": [9.75, 0.5, 6.75],
			"to": [13.25, 5.5, 10.25],
			"rotation": {"angle": 0, "axis": "y", "origin": [12.06944, 4.03644, 8.54136]},
			"faces": {
				"north": {"uv": [13.06, 0.06, 15.94, 4.94], "texture": "#0"},
				"east": {"uv": [13.06, 0.06, 15.94, 4.94], "texture": "#0"},
				"south": {"uv": [13.06, 0.06, 15.94, 4.94], "texture": "#0"},
				"west": {"uv": [13.06, 0.06, 15.94, 4.94], "texture": "#0"},
				"up": {"uv": [13.06, 0.06, 15.94, 2.94], "texture": "#0"},
				"down": {"uv": [13.06, 0.06, 15.94, 2.94], "texture": "#0"}
			}
		},
		{
			"name": "glass",
			"from": [9, 0, 6],
			"to": [14, 6, 11],
			"rotation": {"angle": 0, "axis": "y", "origin": [12.06944, 4.03644, 8.54136]},
			"faces": {
				"north": {"uv": [0.06, 0.06, 4.94, 6.94], "texture": "#0"},
				"east": {"uv": [0.06, 0.06, 4.94, 6.94], "texture": "#0"},
				"south": {"uv": [0.06, 0.06, 4.94, 6.94], "texture": "#0"},
				"west": {"uv": [0.06, 0.06, 4.94, 6.94], "texture": "#0"},
				"down": {"uv": [0.06, 7.06, 4.94, 11.94], "texture": "#0"}
			}
		},
		{
			"name": "lid",
			"from": [8.75, 6, 5.75],
			"to": [14.25, 7, 11.25],
			"rotation": {"angle": 0, "axis": "y", "origin": [9.06944, 4.03644, 7.54136]},
			"faces": {
				"north": {"uv": [5.06, 4.06, 9.94, 4.94], "texture": "#0"},
				"east": {"uv": [5.06, 4.06, 9.94, 4.94], "texture": "#0"},
				"south": {"uv": [5.06, 4.06, 9.94, 4.94], "texture": "#0"},
				"west": {"uv": [5.06, 0.06, 9.94, 0.94], "texture": "#0"},
				"up": {"uv": [5.06, 0.06, 9.94, 4.94], "texture": "#0"},
				"down": {"uv": [5.06, 0.06, 9.94, 4.94], "texture": "#0"}
			}
		},
		{
			"from": [8.9, 5, 11.05],
			"to": [14.1, 5.75, 11.05],
			"rotation": {"angle": 0, "axis": "y", "origin": [12.06944, 4.03644, 8.54136]},
			"faces": {
				"north": {"uv": [0.06, 12.06, 4.94, 12.94], "texture": "#0"},
				"east": {"uv": [0.06, 12.06, 4.94, 12.94], "texture": "#0"},
				"south": {"uv": [0.06, 12.06, 4.94, 12.94], "texture": "#0"},
				"west": {"uv": [0.06, 12.06, 4.94, 12.94], "texture": "#0"},
				"up": {"uv": [0.06, 12.06, 4.94, 12.94], "texture": "#0"},
				"down": {"uv": [0.06, 12.06, 4.94, 12.94], "texture": "#0"}
			}
		},
		{
			"from": [14.76317, 2.14959, 8.051],
			"to": [14.76317, 4.14959, 9.051],
			"rotation": {"angle": 22.5, "axis": "z", "origin": [12.06944, 4.03644, 8.54136]},
			"faces": {
				"north": {"uv": [7.94, 5.06, 7.06, 6.94], "texture": "#0"},
				"east": {"uv": [7.94, 5.06, 7.06, 6.94], "texture": "#0"},
				"south": {"uv": [7.94, 5.06, 7.06, 6.94], "texture": "#0"},
				"west": {"uv": [7.94, 5.06, 7.06, 6.94], "texture": "#0"},
				"up": {"uv": [7.06, 6.94, 7.94, 5.06], "rotation": 90, "texture": "#0"},
				"down": {"uv": [7.06, 6.94, 7.94, 5.06], "rotation": 270, "texture": "#0"}
			}
		},
		{
			"from": [14.56317, 3.54959, 8.651],
			"to": [14.56317, 4.54959, 9.651],
			"rotation": {"angle": 22.5, "axis": "z", "origin": [12.06944, 4.03644, 8.54136]},
			"faces": {
				"north": {"uv": [6, 12.06, 5.06, 12.94], "texture": "#0"},
				"east": {"uv": [6, 12.06, 5.06, 12.94], "texture": "#0"},
				"south": {"uv": [6, 12.06, 5.06, 12.94], "texture": "#0"},
				"west": {"uv": [6, 12.06, 5.06, 12.94], "texture": "#0"},
				"up": {"uv": [5.06, 12.94, 6, 12.06], "rotation": 90, "texture": "#0"},
				"down": {"uv": [5.06, 12.94, 6, 12.06], "rotation": 270, "texture": "#0"}
			}
		},
		{
			"from": [8.899, 5, 5.851],
			"to": [8.899, 5.75, 11.051],
			"rotation": {"angle": 0, "axis": "y", "origin": [12.06944, 4.03644, 8.54136]},
			"faces": {
				"north": {"uv": [0.06, 12.06, 4.94, 12.94], "texture": "#0"},
				"east": {"uv": [0.06, 12.06, 4.94, 12.94], "texture": "#0"},
				"south": {"uv": [0.06, 12.06, 4.94, 12.94], "texture": "#0"},
				"west": {"uv": [0.06, 12.06, 4.94, 12.94], "texture": "#0"},
				"up": {"uv": [0.06, 12.06, 4.94, 12.94], "rotation": 270, "texture": "#0"},
				"down": {"uv": [0.06, 12.06, 4.94, 12.94], "rotation": 90, "texture": "#0"}
			}
		},
		{
			"from": [8.9, 5, 5.851],
			"to": [14.1, 5.75, 5.851],
			"rotation": {"angle": 0, "axis": "y", "origin": [12.06944, 4.03644, 8.54136]},
			"faces": {
				"north": {"uv": [0.06, 12.06, 4.94, 12.94], "texture": "#0"},
				"east": {"uv": [0.06, 12.06, 4.94, 12.94], "texture": "#0"},
				"south": {"uv": [0.06, 12.06, 4.94, 12.94], "texture": "#0"},
				"west": {"uv": [0.06, 12.06, 4.94, 12.94], "texture": "#0"},
				"up": {"uv": [0.06, 12.06, 4.94, 12.94], "texture": "#0"},
				"down": {"uv": [0.06, 12.06, 4.94, 12.94], "texture": "#0"}
			}
		},
		{
			"from": [14.099, 5, 5.851],
			"to": [14.099, 5.75, 11.051],
			"rotation": {"angle": 0, "axis": "y", "origin": [12.06944, 4.03644, 8.54136]},
			"faces": {
				"north": {"uv": [0.06, 12.06, 4.94, 12.94], "texture": "#0"},
				"east": {"uv": [0.06, 12.06, 4.94, 12.94], "texture": "#0"},
				"south": {"uv": [0.06, 12.06, 4.94, 12.94], "texture": "#0"},
				"west": {"uv": [0.06, 12.06, 4.94, 12.94], "texture": "#0"},
				"up": {"uv": [0.06, 12.06, 4.94, 12.94], "rotation": 270, "texture": "#0"},
				"down": {"uv": [0.06, 12.06, 4.94, 12.94], "rotation": 90, "texture": "#0"}
			}
		},
		{
			"from": [12.3, 0.2, 5.9],
			"to": [13.8, 0.95, 5.9],
			"rotation": {"angle": 0, "axis": "y", "origin": [12.06944, 4.03644, 8.54136]},
			"faces": {
				"north": {"uv": [5.06, 5.06, 6.94, 5.94], "texture": "#0"},
				"east": {"uv": [5.06, 5.06, 6.94, 5.94], "texture": "#0"},
				"south": {"uv": [5.06, 5.06, 6.94, 5.94], "texture": "#0"},
				"west": {"uv": [5.06, 5.06, 6.94, 5.94], "texture": "#0"},
				"up": {"uv": [5.06, 5.06, 6.94, 5.94], "texture": "#0"},
				"down": {"uv": [5.06, 5.06, 6.94, 5.94], "texture": "#0"}
			}
		},
		{
			"from": [9.2, 0.2, 11.05],
			"to": [10.7, 0.95, 11.05],
			"rotation": {"angle": 0, "axis": "y", "origin": [12.06944, 4.03644, 8.54136]},
			"faces": {
				"north": {"uv": [5.06, 5.06, 6.94, 5.94], "texture": "#0"},
				"east": {"uv": [5.06, 5.06, 6.94, 5.94], "texture": "#0"},
				"south": {"uv": [5.06, 5.06, 6.94, 5.94], "texture": "#0"},
				"west": {"uv": [5.06, 5.06, 6.94, 5.94], "texture": "#0"},
				"up": {"uv": [5.06, 5.06, 6.94, 5.94], "texture": "#0"},
				"down": {"uv": [5.06, 5.06, 6.94, 5.94], "texture": "#0"}
			}
		},
		{
			"name": "jam",
			"from": [6.25, 7.5, 6.25],
			"to": [9.75, 12.5, 9.75],
			"rotation": {"angle": 0, "axis": "y", "origin": [8.56944, 11.03644, 8.04136]},
			"faces": {
				"north": {"uv": [13.06, 0.06, 15.94, 4.94], "texture": "#0"},
				"east": {"uv": [13.06, 0.06, 15.94, 4.94], "texture": "#0"},
				"south": {"uv": [13.06, 0.06, 15.94, 4.94], "texture": "#0"},
				"west": {"uv": [13.06, 0.06, 15.94, 4.94], "texture": "#0"},
				"up": {"uv": [13.06, 0.06, 15.94, 2.94], "texture": "#0"},
				"down": {"uv": [13.06, 0.06, 15.94, 2.94], "texture": "#0"}
			}
		},
		{
			"name": "glass",
			"from": [5.5, 7, 5.5],
			"to": [10.5, 13, 10.5],
			"rotation": {"angle": 0, "axis": "y", "origin": [8.56944, 11.03644, 8.04136]},
			"faces": {
				"north": {"uv": [0.06, 0.06, 4.94, 6.94], "texture": "#0"},
				"east": {"uv": [0.06, 0.06, 4.94, 6.94], "texture": "#0"},
				"south": {"uv": [0.06, 0.06, 4.94, 6.94], "texture": "#0"},
				"west": {"uv": [0.06, 0.06, 4.94, 6.94], "texture": "#0"},
				"down": {"uv": [0.06, 7.06, 4.94, 11.94], "texture": "#0"}
			}
		},
		{
			"name": "lid",
			"from": [5.25, 13, 5.25],
			"to": [10.75, 14, 10.75],
			"rotation": {"angle": 0, "axis": "y", "origin": [8.56944, 11.03644, 8.04136]},
			"faces": {
				"north": {"uv": [5.06, 4.06, 9.94, 4.94], "texture": "#0"},
				"east": {"uv": [5.06, 4.06, 9.94, 4.94], "texture": "#0"},
				"south": {"uv": [5.06, 4.06, 9.94, 4.94], "texture": "#0"},
				"west": {"uv": [5.06, 0.06, 9.94, 0.94], "texture": "#0"},
				"up": {"uv": [5.06, 0.06, 9.94, 4.94], "texture": "#0"},
				"down": {"uv": [5.06, 0.06, 9.94, 4.94], "texture": "#0"}
			}
		},
		{
			"from": [5.4, 12, 10.55],
			"to": [10.6, 12.75, 10.55],
			"rotation": {"angle": 0, "axis": "y", "origin": [8.56944, 11.03644, 8.04136]},
			"faces": {
				"north": {"uv": [0.06, 12.06, 4.94, 12.94], "texture": "#0"},
				"east": {"uv": [0.06, 12.06, 4.94, 12.94], "texture": "#0"},
				"south": {"uv": [0.06, 12.06, 4.94, 12.94], "texture": "#0"},
				"west": {"uv": [0.06, 12.06, 4.94, 12.94], "texture": "#0"},
				"up": {"uv": [0.06, 12.06, 4.94, 12.94], "texture": "#0"},
				"down": {"uv": [0.06, 12.06, 4.94, 12.94], "texture": "#0"}
			}
		},
		{
			"from": [4.73683, 9.14959, 8.551],
			"to": [4.73683, 11.14959, 9.551],
			"rotation": {"angle": -22.5, "axis": "z", "origin": [7.43056, 11.03644, 8.04136]},
			"faces": {
				"north": {"uv": [7.06, 5.06, 7.94, 6.94], "texture": "#0"},
				"east": {"uv": [7.06, 5.06, 7.94, 6.94], "texture": "#0"},
				"south": {"uv": [7.06, 5.06, 7.94, 6.94], "texture": "#0"},
				"west": {"uv": [7.06, 5.06, 7.94, 6.94], "texture": "#0"},
				"up": {"uv": [7.06, 5.06, 7.94, 6.94], "rotation": 90, "texture": "#0"},
				"down": {"uv": [7.06, 5.06, 7.94, 6.94], "rotation": 270, "texture": "#0"}
			}
		},
		{
			"from": [4.93683, 10.54959, 9.151],
			"to": [4.93683, 11.54959, 10.151],
			"rotation": {"angle": -22.5, "axis": "z", "origin": [7.43056, 11.03644, 8.04136]},
			"faces": {
				"north": {"uv": [5.06, 12.06, 6, 12.94], "texture": "#0"},
				"east": {"uv": [5.06, 12.06, 6, 12.94], "texture": "#0"},
				"south": {"uv": [5.06, 12.06, 6, 12.94], "texture": "#0"},
				"west": {"uv": [5.06, 12.06, 6, 12.94], "texture": "#0"},
				"up": {"uv": [5.06, 12.06, 6, 12.94], "rotation": 90, "texture": "#0"},
				"down": {"uv": [5.06, 12.06, 6, 12.94], "rotation": 270, "texture": "#0"}
			}
		},
		{
			"from": [5.399, 12, 5.351],
			"to": [5.399, 12.75, 10.551],
			"rotation": {"angle": 0, "axis": "y", "origin": [8.56944, 11.03644, 8.04136]},
			"faces": {
				"north": {"uv": [0.06, 12.06, 4.94, 12.94], "texture": "#0"},
				"east": {"uv": [0.06, 12.06, 4.94, 12.94], "texture": "#0"},
				"south": {"uv": [0.06, 12.06, 4.94, 12.94], "texture": "#0"},
				"west": {"uv": [0.06, 12.06, 4.94, 12.94], "texture": "#0"},
				"up": {"uv": [0.06, 12.06, 4.94, 12.94], "rotation": 270, "texture": "#0"},
				"down": {"uv": [0.06, 12.06, 4.94, 12.94], "rotation": 90, "texture": "#0"}
			}
		},
		{
			"from": [5.4, 12, 5.351],
			"to": [10.6, 12.75, 5.351],
			"rotation": {"angle": 0, "axis": "y", "origin": [8.56944, 11.03644, 8.04136]},
			"faces": {
				"north": {"uv": [0.06, 12.06, 4.94, 12.94], "texture": "#0"},
				"east": {"uv": [0.06, 12.06, 4.94, 12.94], "texture": "#0"},
				"south": {"uv": [0.06, 12.06, 4.94, 12.94], "texture": "#0"},
				"west": {"uv": [0.06, 12.06, 4.94, 12.94], "texture": "#0"},
				"up": {"uv": [0.06, 12.06, 4.94, 12.94], "texture": "#0"},
				"down": {"uv": [0.06, 12.06, 4.94, 12.94], "texture": "#0"}
			}
		},
		{
			"from": [10.599, 12, 5.351],
			"to": [10.599, 12.75, 10.551],
			"rotation": {"angle": 0, "axis": "y", "origin": [8.56944, 11.03644, 8.04136]},
			"faces": {
				"north": {"uv": [0.06, 12.06, 4.94, 12.94], "texture": "#0"},
				"east": {"uv": [0.06, 12.06, 4.94, 12.94], "texture": "#0"},
				"south": {"uv": [0.06, 12.06, 4.94, 12.94], "texture": "#0"},
				"west": {"uv": [0.06, 12.06, 4.94, 12.94], "texture": "#0"},
				"up": {"uv": [0.06, 12.06, 4.94, 12.94], "rotation": 270, "texture": "#0"},
				"down": {"uv": [0.06, 12.06, 4.94, 12.94], "rotation": 90, "texture": "#0"}
			}
		},
		{
			"from": [8.8, 7.2, 5.4],
			"to": [10.3, 7.95, 5.4],
			"rotation": {"angle": 0, "axis": "y", "origin": [8.56944, 11.03644, 8.04136]},
			"faces": {
				"north": {"uv": [5.06, 5.06, 6.94, 5.94], "texture": "#0"},
				"east": {"uv": [5.06, 5.06, 6.94, 5.94], "texture": "#0"},
				"south": {"uv": [5.06, 5.06, 6.94, 5.94], "texture": "#0"},
				"west": {"uv": [5.06, 5.06, 6.94, 5.94], "texture": "#0"},
				"up": {"uv": [5.06, 5.06, 6.94, 5.94], "texture": "#0"},
				"down": {"uv": [5.06, 5.06, 6.94, 5.94], "texture": "#0"}
			}
		},
		{
			"from": [5.7, 7.2, 10.55],
			"to": [7.2, 7.95, 10.55],
			"rotation": {"angle": 0, "axis": "y", "origin": [8.56944, 11.03644, 8.04136]},
			"faces": {
				"north": {"uv": [5.06, 5.06, 6.94, 5.94], "texture": "#0"},
				"east": {"uv": [5.06, 5.06, 6.94, 5.94], "texture": "#0"},
				"south": {"uv": [5.06, 5.06, 6.94, 5.94], "texture": "#0"},
				"west": {"uv": [5.06, 5.06, 6.94, 5.94], "texture": "#0"},
				"up": {"uv": [5.06, 5.06, 6.94, 5.94], "texture": "#0"},
				"down": {"uv": [5.06, 5.06, 6.94, 5.94], "texture": "#0"}
			}
		}
	],
	"display": {
		"thirdperson_righthand": {
			"rotation": [70, -180, 0],
			"translation": [-5.75, 4, 4.25]
		},
		"firstperson_righthand": {
			"translation": [1.25, -2.5, 0]
		},
		"ground": {
			"translation": [0, 4, 0]
		},
		"gui": {
			"rotation": [24, 24, 0],
			"translation": [0, 1, 0]
		},
		"fixed": {
			"rotation": [-90, 0, 0],
			"translation": [0, 0, -15],
			"scale": [2, 2, 2]
		}
	},
	"groups": [
		{
			"name": "jam1",
			"origin": [3.2, 0.7, 10.05],
			"color": 0,
			"children": [
				0,
				1,
				2,
				{
					"name": "rope",
					"origin": [4.49978, 3.85, 7.47256],
					"color": 0,
					"children": [3, 4, 5, 6, 7, 8]
				},
				9,
				10
			]
		},
		{
			"name": "jam2",
			"origin": [3.2, 0.7, 10.05],
			"color": 0,
			"children": [
				11,
				12,
				13,
				{
					"name": "rope",
					"origin": [4.49978, 3.85, 7.47256],
					"color": 0,
					"children": [14, 15, 16, 17, 18, 19]
				},
				20,
				21
			]
		},
		{
			"name": "jam3",
			"origin": [3.2, 0.7, 10.05],
			"color": 0,
			"children": [
				22,
				23,
				24,
				{
					"name": "rope",
					"origin": [4.49978, 3.85, 7.47256],
					"color": 0,
					"children": [25, 26, 27, 28, 29, 30]
				},
				31,
				32
			]
		}
	]
}