{
	"credit": "Made with Blockbench",
	"ambientocclusion": false,
	"textures": {
		"2": "block/jam2",
		"7": "block/Hananacraft archive/basket_laundry_side",
		"8": "block/hanacraft_basket_1_mod",
		"particle": "block/jam2"
	},
	"elements": [
		{
			"from": [1, 0, 1],
			"to": [2, 4, 15],
			"rotation": {"angle": 0, "axis": "y", "origin": [8, 1.7, 8]},
			"faces": {
				"north": {"uv": [11.06, 11.06, 11.94, 14.94], "texture": "#8"},
				"east": {"uv": [1.06, 11.06, 14.94, 14.94], "texture": "#8"},
				"south": {"uv": [1.06, 11.06, 1.94, 14.94], "texture": "#8"},
				"west": {"uv": [1.06, 11.06, 14.94, 14.94], "texture": "#8"},
				"up": {"uv": [0.06, 1.06, 0.94, 14.94], "texture": "#8"},
				"down": {"uv": [1.06, 1.06, 1.94, 14.94], "texture": "#7"}
			}
		},
		{
			"from": [14, 0, 1],
			"to": [15, 4, 15],
			"rotation": {"angle": 0, "axis": "y", "origin": [8, 1.7, 8]},
			"faces": {
				"north": {"uv": [2.06, 11.06, 2.94, 14.94], "texture": "#8"},
				"east": {"uv": [1.06, 11.06, 14.94, 14.94], "texture": "#8"},
				"south": {"uv": [10.06, 11.06, 10.94, 14.94], "texture": "#8"},
				"west": {"uv": [1.06, 11.06, 14.94, 14.94], "texture": "#8"},
				"up": {"uv": [0.06, 1.06, 0.94, 14.94], "texture": "#8"},
				"down": {"uv": [2.94, 1.06, 2.06, 14.94], "texture": "#7"}
			}
		},
		{
			"from": [2, 0, 14],
			"to": [14, 4, 15],
			"rotation": {"angle": 0, "axis": "y", "origin": [8, 1.7, 8]},
			"faces": {
				"north": {"uv": [2.06, 7.06, 13.94, 10.94], "texture": "#8"},
				"east": {"uv": [0.06, 0.06, 0.94, 3.94], "texture": "#8"},
				"south": {"uv": [2.06, 7.06, 13.94, 10.94], "texture": "#8"},
				"west": {"uv": [0.06, 0.06, 0.94, 3.94], "texture": "#8"},
				"up": {"uv": [0.06, 1.06, 0.94, 12.94], "rotation": 90, "texture": "#8"},
				"down": {"uv": [1.06, 2.06, 1.94, 13.94], "rotation": 270, "texture": "#7"}
			}
		},
		{
			"from": [2, 0, 1],
			"to": [14, 4, 2],
			"rotation": {"angle": 0, "axis": "y", "origin": [8, 1.7, 8]},
			"faces": {
				"north": {"uv": [3.06, 7.06, 14.94, 10.94], "texture": "#8"},
				"east": {"uv": [0.06, 0.06, 0.94, 3.94], "texture": "#8"},
				"south": {"uv": [3.06, 7.06, 14.94, 10.94], "texture": "#8"},
				"west": {"uv": [0.06, 0.06, 0.94, 3.94], "texture": "#8"},
				"up": {"uv": [0.06, 2.06, 0.94, 13.94], "rotation": 90, "texture": "#8"},
				"down": {"uv": [1.06, 2.06, 1.94, 13.94], "rotation": 270, "texture": "#7"}
			}
		},
		{
			"from": [2, 0, 2],
			"to": [14, 1, 14],
			"rotation": {"angle": 0, "axis": "y", "origin": [8, 1.7, 8]},
			"faces": {
				"north": {"uv": [0.06, 0.06, 11.94, 0.94], "texture": "#7"},
				"east": {"uv": [0.06, 0.06, 11.94, 0.94], "texture": "#7"},
				"south": {"uv": [0.06, 0.06, 11.94, 0.94], "texture": "#7"},
				"west": {"uv": [0.06, 0.06, 11.94, 0.94], "texture": "#7"},
				"up": {"uv": [2.06, 2.06, 13.94, 13.94], "rotation": 90, "texture": "#7"},
				"down": {"uv": [2.06, 2.06, 13.94, 13.94], "rotation": 270, "texture": "#7"}
			}
		},
		{
			"name": "glass",
			"from": [8.536, 1, 5.45053],
			"to": [13.536, 7, 10.45053],
			"rotation": {"angle": 0, "axis": "y", "origin": [6.98204, 5.09506, 7.74585]},
			"faces": {
				"north": {"uv": [0.06, 0.06, 4.88, 6.94], "texture": "#2"},
				"east": {"uv": [0.06, 0.06, 4.94, 6.94], "texture": "#2"},
				"south": {"uv": [0.06, 0.06, 4.94, 6.94], "texture": "#2"},
				"west": {"uv": [0.06, 0.06, 4.94, 6.94], "texture": "#2"},
				"up": {"uv": [0, 0, 0, 0], "rotation": 180, "texture": "#2"},
				"down": {"uv": [0.06, 7.06, 4.94, 11.94], "rotation": 180, "texture": "#2"}
			}
		},
		{
			"name": "jam",
			"from": [9.286, 1.5, 6.20053],
			"to": [12.786, 5.5, 9.70053],
			"rotation": {"angle": 0, "axis": "y", "origin": [6.98204, 5.09506, 7.74585]},
			"faces": {
				"north": {"uv": [13.06, 0.06, 15.94, 3.94], "texture": "#2"},
				"east": {"uv": [13.06, 0.06, 15.94, 3.94], "texture": "#2"},
				"south": {"uv": [13.06, 0.06, 15.94, 3.94], "texture": "#2"},
				"west": {"uv": [13.06, 0.06, 15.94, 3.94], "texture": "#2"},
				"up": {"uv": [13.06, 0.06, 15.94, 2.94], "rotation": 180, "texture": "#2"},
				"down": {"uv": [13.06, 0.06, 15.94, 2.94], "rotation": 180, "texture": "#2"}
			}
		},
		{
			"name": "lid",
			"from": [8.286, 7, 5.20053],
			"to": [13.786, 8, 10.70053],
			"rotation": {"angle": 0, "axis": "y", "origin": [6.98204, 5.09506, 7.74585]},
			"faces": {
				"north": {"uv": [5.06, 4.06, 9.94, 4.94], "texture": "#2"},
				"east": {"uv": [5.06, 0.06, 9.94, 0.94], "texture": "#2"},
				"south": {"uv": [5.06, 4.06, 9.94, 4.94], "texture": "#2"},
				"west": {"uv": [5.06, 4.06, 9.94, 4.94], "texture": "#2"},
				"up": {"uv": [5.06, 0.06, 9.94, 4.94], "rotation": 180, "texture": "#2"},
				"down": {"uv": [5.06, 0.06, 9.94, 4.94], "rotation": 180, "texture": "#2"}
			}
		},
		{
			"from": [8.436, 6, 5.40053],
			"to": [13.636, 6.75, 5.40053],
			"rotation": {"angle": 0, "axis": "y", "origin": [6.98204, 5.09506, 7.74585]},
			"faces": {
				"north": {"uv": [0.06, 12.06, 4.94, 12.94], "texture": "#2"},
				"east": {"uv": [0.06, 12.06, 4.94, 12.94], "texture": "#2"},
				"south": {"uv": [0.06, 12.06, 4.94, 12.94], "texture": "#2"},
				"west": {"uv": [0.06, 12.06, 4.94, 12.94], "texture": "#2"},
				"up": {"uv": [0.06, 12.06, 4.94, 12.94], "rotation": 180, "texture": "#2"},
				"down": {"uv": [0.06, 12.06, 4.94, 12.94], "rotation": 180, "texture": "#2"}
			}
		},
		{
			"from": [13.136, 3.04396, 5.09616],
			"to": [14.136, 5.04396, 5.09616],
			"rotation": {"angle": 22.5, "axis": "x", "origin": [6.98204, 5.09506, 7.74585]},
			"faces": {
				"north": {"uv": [7.06, 5.06, 7.94, 6.94], "texture": "#2"},
				"east": {"uv": [7.06, 5.06, 7.94, 6.94], "texture": "#2"},
				"south": {"uv": [7.06, 5.06, 7.94, 6.94], "texture": "#2"},
				"west": {"uv": [7.06, 5.06, 7.94, 6.94], "texture": "#2"},
				"up": {"uv": [7.06, 5.06, 7.94, 6.94], "rotation": 180, "texture": "#2"},
				"down": {"uv": [7.06, 5.06, 7.94, 6.94], "rotation": 180, "texture": "#2"}
			}
		},
		{
			"from": [13.786, 4.44396, 5.54616],
			"to": [14.786, 5.44396, 5.54616],
			"rotation": {"angle": 22.5, "axis": "x", "origin": [6.98204, 5.09506, 7.74585]},
			"faces": {
				"north": {"uv": [5.06, 12.06, 6, 12.94], "texture": "#2"},
				"east": {"uv": [5.06, 12.06, 6, 12.94], "texture": "#2"},
				"south": {"uv": [5.06, 12.06, 6, 12.94], "texture": "#2"},
				"west": {"uv": [5.06, 12.06, 6, 12.94], "texture": "#2"},
				"up": {"uv": [5.06, 12.06, 6, 12.94], "rotation": 180, "texture": "#2"},
				"down": {"uv": [5.06, 12.06, 6, 12.94], "rotation": 180, "texture": "#2"}
			}
		},
		{
			"from": [13.637, 6, 5.39953],
			"to": [13.637, 6.75, 10.59953],
			"rotation": {"angle": 0, "axis": "y", "origin": [6.98204, 5.09506, 7.74585]},
			"faces": {
				"north": {"uv": [0.06, 12.06, 4.94, 12.94], "texture": "#2"},
				"east": {"uv": [0.06, 12.06, 4.94, 12.94], "texture": "#2"},
				"south": {"uv": [0.06, 12.06, 4.94, 12.94], "texture": "#2"},
				"west": {"uv": [0.06, 12.06, 4.94, 12.94], "texture": "#2"},
				"up": {"uv": [0.06, 12.06, 4.94, 12.94], "rotation": 90, "texture": "#2"},
				"down": {"uv": [0.06, 12.06, 4.94, 12.94], "rotation": 270, "texture": "#2"}
			}
		},
		{
			"from": [8.436, 6, 10.59953],
			"to": [13.636, 6.75, 10.59953],
			"rotation": {"angle": 0, "axis": "y", "origin": [6.98204, 5.09506, 7.74585]},
			"faces": {
				"north": {"uv": [0.06, 12.06, 4.94, 12.94], "texture": "#2"},
				"east": {"uv": [0.06, 12.06, 4.94, 12.94], "texture": "#2"},
				"south": {"uv": [0.06, 12.06, 4.94, 12.94], "texture": "#2"},
				"west": {"uv": [0.06, 12.06, 4.94, 12.94], "texture": "#2"},
				"up": {"uv": [0.06, 12.06, 4.94, 12.94], "rotation": 180, "texture": "#2"},
				"down": {"uv": [0.06, 12.06, 4.94, 12.94], "rotation": 180, "texture": "#2"}
			}
		},
		{
			"from": [8.437, 6, 5.39953],
			"to": [8.437, 6.75, 10.59953],
			"rotation": {"angle": 0, "axis": "y", "origin": [6.98204, 5.09506, 7.74585]},
			"faces": {
				"north": {"uv": [0.06, 12.06, 4.94, 12.94], "texture": "#2"},
				"east": {"uv": [0.06, 12.06, 4.94, 12.94], "texture": "#2"},
				"south": {"uv": [0.06, 12.06, 4.94, 12.94], "texture": "#2"},
				"west": {"uv": [0.06, 12.06, 4.94, 12.94], "texture": "#2"},
				"up": {"uv": [0.06, 12.06, 4.94, 12.94], "rotation": 90, "texture": "#2"},
				"down": {"uv": [0.06, 12.06, 4.94, 12.94], "rotation": 270, "texture": "#2"}
			}
		},
		{
			"from": [11.836, 1.2, 5.40053],
			"to": [13.336, 1.95, 5.40053],
			"rotation": {"angle": 0, "axis": "y", "origin": [6.98204, 5.09506, 7.74585]},
			"faces": {
				"north": {"uv": [5.06, 5.06, 6.94, 5.94], "texture": "#2"},
				"east": {"uv": [5.06, 5.06, 6.94, 5.94], "texture": "#2"},
				"south": {"uv": [5.06, 5.06, 6.94, 5.94], "texture": "#2"},
				"west": {"uv": [5.06, 5.06, 6.94, 5.94], "texture": "#2"},
				"up": {"uv": [5.06, 5.06, 6.94, 5.94], "rotation": 180, "texture": "#2"},
				"down": {"uv": [5.06, 5.06, 6.94, 5.94], "rotation": 180, "texture": "#2"}
			}
		},
		{
			"from": [8.736, 1.2, 10.55053],
			"to": [10.236, 1.95, 10.55053],
			"rotation": {"angle": 0, "axis": "y", "origin": [6.98204, 5.09506, 7.74585]},
			"faces": {
				"north": {"uv": [5.06, 5.06, 6.94, 5.94], "texture": "#2"},
				"east": {"uv": [5.06, 5.06, 6.94, 5.94], "texture": "#2"},
				"south": {"uv": [5.06, 5.06, 6.94, 5.94], "texture": "#2"},
				"west": {"uv": [5.06, 5.06, 6.94, 5.94], "texture": "#2"},
				"up": {"uv": [5.06, 5.06, 6.94, 5.94], "rotation": 180, "texture": "#2"},
				"down": {"uv": [5.06, 5.06, 6.94, 5.94], "rotation": 180, "texture": "#2"}
			}
		},
		{
			"name": "jam",
			"from": [3.23888, 1.5, 9.18273],
			"to": [6.73888, 6.5, 12.68273],
			"rotation": {"angle": 0, "axis": "y", "origin": [6.98204, 5.09506, 7.74585]},
			"faces": {
				"north": {"uv": [13.06, 0.06, 15.94, 4.94], "texture": "#2"},
				"east": {"uv": [13.06, 0.06, 15.94, 4.94], "texture": "#2"},
				"south": {"uv": [13.06, 0.06, 15.94, 4.94], "texture": "#2"},
				"west": {"uv": [13.06, 0.06, 15.94, 4.94], "texture": "#2"},
				"up": {"uv": [13.06, 0.06, 15.94, 2.94], "rotation": 180, "texture": "#2"},
				"down": {"uv": [13.06, 0.06, 15.94, 2.94], "rotation": 180, "texture": "#2"}
			}
		},
		{
			"name": "glass",
			"from": [2.48888, 1, 8.43273],
			"to": [7.48888, 7, 13.43273],
			"rotation": {"angle": 0, "axis": "y", "origin": [6.98204, 5.09506, 7.74585]},
			"faces": {
				"north": {"uv": [0.06, 0.06, 4.94, 6.94], "texture": "#2"},
				"east": {"uv": [0.06, 0.06, 4.94, 6.94], "texture": "#2"},
				"south": {"uv": [0.06, 0.06, 4.94, 6.94], "texture": "#2"},
				"west": {"uv": [0.06, 0.06, 4.94, 6.94], "texture": "#2"},
				"up": {"uv": [0, 0, 0, 0], "rotation": 180, "texture": "#2"},
				"down": {"uv": [0.06, 7.06, 4.94, 11.94], "rotation": 180, "texture": "#2"}
			}
		},
		{
			"name": "lid",
			"from": [2.23888, 7, 8.18273],
			"to": [7.73888, 8, 13.68273],
			"rotation": {"angle": 0, "axis": "y", "origin": [6.98204, 5.09506, 7.74585]},
			"faces": {
				"north": {"uv": [5.06, 4.06, 9.94, 4.94], "texture": "#2"},
				"east": {"uv": [5.06, 0.06, 9.94, 0.94], "texture": "#2"},
				"south": {"uv": [5.06, 4.06, 9.94, 4.94], "texture": "#2"},
				"west": {"uv": [5.06, 4.06, 9.94, 4.94], "texture": "#2"},
				"up": {"uv": [5.06, 0.06, 9.94, 4.94], "rotation": 180, "texture": "#2"},
				"down": {"uv": [5.06, 0.06, 9.94, 4.94], "rotation": 180, "texture": "#2"}
			}
		},
		{
			"from": [2.38888, 6, 8.38273],
			"to": [7.58888, 6.75, 8.38273],
			"rotation": {"angle": 0, "axis": "y", "origin": [6.98204, 5.09506, 7.74585]},
			"faces": {
				"north": {"uv": [0.06, 12.06, 4.94, 12.94], "texture": "#2"},
				"east": {"uv": [0.06, 12.06, 4.94, 12.94], "texture": "#2"},
				"south": {"uv": [0.06, 12.06, 4.94, 12.94], "texture": "#2"},
				"west": {"uv": [0.06, 12.06, 4.94, 12.94], "texture": "#2"},
				"up": {"uv": [0.06, 12.06, 4.94, 12.94], "rotation": 180, "texture": "#2"},
				"down": {"uv": [0.06, 12.06, 4.94, 12.94], "rotation": 180, "texture": "#2"}
			}
		},
		{
			"from": [1.9432, 2.17339, 10.38173],
			"to": [1.9432, 4.17339, 11.38173],
			"rotation": {"angle": -22.5, "axis": "z", "origin": [6.98204, 5.09506, 7.74585]},
			"faces": {
				"north": {"uv": [7.94, 5.06, 7.06, 6.94], "texture": "#2"},
				"east": {"uv": [7.94, 5.06, 7.06, 6.94], "texture": "#2"},
				"south": {"uv": [7.94, 5.06, 7.06, 6.94], "texture": "#2"},
				"west": {"uv": [7.94, 5.06, 7.06, 6.94], "texture": "#2"},
				"up": {"uv": [7.06, 6.94, 7.94, 5.06], "rotation": 270, "texture": "#2"},
				"down": {"uv": [7.06, 6.94, 7.94, 5.06], "rotation": 90, "texture": "#2"}
			}
		},
		{
			"from": [2.1432, 3.57339, 9.78173],
			"to": [2.1432, 4.57339, 10.78173],
			"rotation": {"angle": -22.5, "axis": "z", "origin": [6.98204, 5.09506, 7.74585]},
			"faces": {
				"north": {"uv": [6, 12.06, 5.06, 12.94], "texture": "#2"},
				"east": {"uv": [6, 12.06, 5.06, 12.94], "texture": "#2"},
				"south": {"uv": [6, 12.06, 5.06, 12.94], "texture": "#2"},
				"west": {"uv": [6, 12.06, 5.06, 12.94], "texture": "#2"},
				"up": {"uv": [5.06, 12.94, 6, 12.06], "rotation": 270, "texture": "#2"},
				"down": {"uv": [5.06, 12.94, 6, 12.06], "rotation": 90, "texture": "#2"}
			}
		},
		{
			"from": [7.58988, 6, 8.38173],
			"to": [7.58988, 6.75, 13.58173],
			"rotation": {"angle": 0, "axis": "y", "origin": [6.98204, 5.09506, 7.74585]},
			"faces": {
				"north": {"uv": [0.06, 12.06, 4.94, 12.94], "texture": "#2"},
				"east": {"uv": [0.06, 12.06, 4.94, 12.94], "texture": "#2"},
				"south": {"uv": [0.06, 12.06, 4.94, 12.94], "texture": "#2"},
				"west": {"uv": [0.06, 12.06, 4.94, 12.94], "texture": "#2"},
				"up": {"uv": [0.06, 12.06, 4.94, 12.94], "rotation": 90, "texture": "#2"},
				"down": {"uv": [0.06, 12.06, 4.94, 12.94], "rotation": 270, "texture": "#2"}
			}
		},
		{
			"from": [2.38888, 6, 13.58173],
			"to": [7.58888, 6.75, 13.58173],
			"rotation": {"angle": 0, "axis": "y", "origin": [6.98204, 5.09506, 7.74585]},
			"faces": {
				"north": {"uv": [0.06, 12.06, 4.94, 12.94], "texture": "#2"},
				"east": {"uv": [0.06, 12.06, 4.94, 12.94], "texture": "#2"},
				"south": {"uv": [0.06, 12.06, 4.94, 12.94], "texture": "#2"},
				"west": {"uv": [0.06, 12.06, 4.94, 12.94], "texture": "#2"},
				"up": {"uv": [0.06, 12.06, 4.94, 12.94], "rotation": 180, "texture": "#2"},
				"down": {"uv": [0.06, 12.06, 4.94, 12.94], "rotation": 180, "texture": "#2"}
			}
		},
		{
			"from": [2.38988, 6, 8.38173],
			"to": [2.38988, 6.75, 13.58173],
			"rotation": {"angle": 0, "axis": "y", "origin": [6.98204, 5.09506, 7.74585]},
			"faces": {
				"north": {"uv": [0.06, 12.06, 4.94, 12.94], "texture": "#2"},
				"east": {"uv": [0.06, 12.06, 4.94, 12.94], "texture": "#2"},
				"south": {"uv": [0.06, 12.06, 4.94, 12.94], "texture": "#2"},
				"west": {"uv": [0.06, 12.06, 4.94, 12.94], "texture": "#2"},
				"up": {"uv": [0.06, 12.06, 4.94, 12.94], "rotation": 90, "texture": "#2"},
				"down": {"uv": [0.06, 12.06, 4.94, 12.94], "rotation": 270, "texture": "#2"}
			}
		},
		{
			"from": [2.68888, 1.2, 13.53273],
			"to": [4.18888, 1.95, 13.53273],
			"rotation": {"angle": 0, "axis": "y", "origin": [6.98204, 5.09506, 7.74585]},
			"faces": {
				"north": {"uv": [5.06, 5.06, 6.94, 5.94], "texture": "#2"},
				"east": {"uv": [5.06, 5.06, 6.94, 5.94], "texture": "#2"},
				"south": {"uv": [5.06, 5.06, 6.94, 5.94], "texture": "#2"},
				"west": {"uv": [5.06, 5.06, 6.94, 5.94], "texture": "#2"},
				"up": {"uv": [5.06, 5.06, 6.94, 5.94], "rotation": 180, "texture": "#2"},
				"down": {"uv": [5.06, 5.06, 6.94, 5.94], "rotation": 180, "texture": "#2"}
			}
		},
		{
			"from": [5.78888, 1.2, 8.38273],
			"to": [7.28888, 1.95, 8.38273],
			"rotation": {"angle": 0, "axis": "y", "origin": [6.98204, 5.09506, 7.74585]},
			"faces": {
				"north": {"uv": [5.06, 5.06, 6.94, 5.94], "texture": "#2"},
				"east": {"uv": [5.06, 5.06, 6.94, 5.94], "texture": "#2"},
				"south": {"uv": [5.06, 5.06, 6.94, 5.94], "texture": "#2"},
				"west": {"uv": [5.06, 5.06, 6.94, 5.94], "texture": "#2"},
				"up": {"uv": [5.06, 5.06, 6.94, 5.94], "rotation": 180, "texture": "#2"},
				"down": {"uv": [5.06, 5.06, 6.94, 5.94], "rotation": 180, "texture": "#2"}
			}
		},
		{
			"name": "jam",
			"from": [2.86614, 2.50974, 3.33272],
			"to": [6.36614, 7.50974, 6.83272],
			"rotation": {"angle": 22.5, "axis": "z", "origin": [6.98204, 5.09506, 7.74585]},
			"faces": {
				"north": {"uv": [13.06, 0.06, 15.94, 4.94], "texture": "#2"},
				"east": {"uv": [13.06, 0.06, 15.94, 4.94], "texture": "#2"},
				"south": {"uv": [13.06, 0.06, 15.94, 4.94], "texture": "#2"},
				"west": {"uv": [13.06, 0.06, 15.94, 4.94], "texture": "#2"},
				"up": {"uv": [13.06, 0.06, 15.94, 2.94], "rotation": 180, "texture": "#2"},
				"down": {"uv": [13.06, 0.06, 15.94, 2.94], "rotation": 180, "texture": "#2"}
			}
		},
		{
			"name": "glass",
			"from": [2.11614, 2.00974, 2.58272],
			"to": [7.11614, 8.00974, 7.58272],
			"rotation": {"angle": 22.5, "axis": "z", "origin": [6.98204, 5.09506, 7.74585]},
			"faces": {
				"north": {"uv": [0.06, 0.06, 4.94, 6.94], "texture": "#2"},
				"east": {"uv": [0.06, 0.06, 4.94, 6.94], "texture": "#2"},
				"south": {"uv": [0.06, 0.06, 4.94, 6.94], "texture": "#2"},
				"west": {"uv": [0.06, 0.06, 4.94, 6.94], "texture": "#2"},
				"up": {"uv": [0, 0, 0, 0], "rotation": 180, "texture": "#2"},
				"down": {"uv": [0.06, 7.06, 4.94, 11.94], "rotation": 180, "texture": "#2"}
			}
		},
		{
			"name": "lid",
			"from": [1.86614, 8.00974, 2.33272],
			"to": [7.36614, 9.00974, 7.83272],
			"rotation": {"angle": 22.5, "axis": "z", "origin": [6.98204, 5.09506, 7.74585]},
			"faces": {
				"north": {"uv": [5.06, 4.06, 9.94, 4.94], "texture": "#2"},
				"east": {"uv": [5.06, 0.06, 9.94, 0.94], "texture": "#2"},
				"south": {"uv": [5.06, 4.06, 9.94, 4.94], "texture": "#2"},
				"west": {"uv": [5.06, 4.06, 9.94, 4.94], "texture": "#2"},
				"up": {"uv": [5.06, 0.06, 9.94, 4.94], "rotation": 180, "texture": "#2"},
				"down": {"uv": [5.06, 0.06, 9.94, 4.94], "rotation": 180, "texture": "#2"}
			}
		},
		{
			"from": [2.01614, 7.00974, 2.53272],
			"to": [7.21614, 7.75974, 2.53272],
			"rotation": {"angle": 22.5, "axis": "z", "origin": [6.98204, 5.09506, 7.74585]},
			"faces": {
				"north": {"uv": [0.06, 12.06, 4.94, 12.94], "texture": "#2"},
				"east": {"uv": [0.06, 12.06, 4.94, 12.94], "texture": "#2"},
				"south": {"uv": [0.06, 12.06, 4.94, 12.94], "texture": "#2"},
				"west": {"uv": [0.06, 12.06, 4.94, 12.94], "texture": "#2"},
				"up": {"uv": [0.06, 12.06, 4.94, 12.94], "rotation": 180, "texture": "#2"},
				"down": {"uv": [0.06, 12.06, 4.94, 12.94], "rotation": 180, "texture": "#2"}
			}
		},
		{
			"from": [5.30269, 6.49305, 3.53172],
			"to": [7.30269, 6.49305, 4.53172],
			"rotation": {"angle": -45, "axis": "z", "origin": [6.98204, 5.09506, 7.74585]},
			"faces": {
				"north": {"uv": [7.06, 5.06, 7.94, 6.94], "rotation": 90, "texture": "#2"},
				"east": {"uv": [7.06, 5.06, 7.94, 6.94], "texture": "#2"},
				"south": {"uv": [7.06, 5.06, 7.94, 6.94], "rotation": 270, "texture": "#2"},
				"west": {"uv": [7.06, 5.06, 7.94, 6.94], "rotation": 180, "texture": "#2"},
				"up": {"uv": [7.06, 5.06, 7.94, 6.94], "rotation": 270, "texture": "#2"},
				"down": {"uv": [7.06, 5.06, 7.94, 6.94], "rotation": 270, "texture": "#2"}
			}
		},
		{
			"from": [4.90269, 6.29305, 2.93172],
			"to": [5.90269, 6.29305, 3.93172],
			"rotation": {"angle": -45, "axis": "z", "origin": [6.98204, 5.09506, 7.74585]},
			"faces": {
				"north": {"uv": [5.06, 12.06, 6, 12.94], "rotation": 90, "texture": "#2"},
				"east": {"uv": [5.06, 12.06, 6, 12.94], "texture": "#2"},
				"south": {"uv": [5.06, 12.06, 6, 12.94], "rotation": 270, "texture": "#2"},
				"west": {"uv": [5.06, 12.06, 6, 12.94], "rotation": 180, "texture": "#2"},
				"up": {"uv": [5.06, 12.06, 6, 12.94], "rotation": 270, "texture": "#2"},
				"down": {"uv": [5.06, 12.06, 6, 12.94], "rotation": 270, "texture": "#2"}
			}
		},
		{
			"from": [7.21714, 7.00974, 2.53172],
			"to": [7.21714, 7.75974, 7.73172],
			"rotation": {"angle": 22.5, "axis": "z", "origin": [6.98204, 5.09506, 7.74585]},
			"faces": {
				"north": {"uv": [0.06, 12.06, 4.94, 12.94], "texture": "#2"},
				"east": {"uv": [0.06, 12.06, 4.94, 12.94], "texture": "#2"},
				"south": {"uv": [0.06, 12.06, 4.94, 12.94], "texture": "#2"},
				"west": {"uv": [0.06, 12.06, 4.94, 12.94], "texture": "#2"},
				"up": {"uv": [0.06, 12.06, 4.94, 12.94], "rotation": 90, "texture": "#2"},
				"down": {"uv": [0.06, 12.06, 4.94, 12.94], "rotation": 270, "texture": "#2"}
			}
		},
		{
			"from": [2.01614, 7.00974, 7.73172],
			"to": [7.21614, 7.75974, 7.73172],
			"rotation": {"angle": 22.5, "axis": "z", "origin": [6.98204, 5.09506, 7.74585]},
			"faces": {
				"north": {"uv": [0.06, 12.06, 4.94, 12.94], "texture": "#2"},
				"east": {"uv": [0.06, 12.06, 4.94, 12.94], "texture": "#2"},
				"south": {"uv": [0.06, 12.06, 4.94, 12.94], "texture": "#2"},
				"west": {"uv": [0.06, 12.06, 4.94, 12.94], "texture": "#2"},
				"up": {"uv": [0.06, 12.06, 4.94, 12.94], "rotation": 180, "texture": "#2"},
				"down": {"uv": [0.06, 12.06, 4.94, 12.94], "rotation": 180, "texture": "#2"}
			}
		},
		{
			"from": [2.01714, 7.00974, 2.53172],
			"to": [2.01714, 7.75974, 7.73172],
			"rotation": {"angle": 22.5, "axis": "z", "origin": [6.98204, 5.09506, 7.74585]},
			"faces": {
				"north": {"uv": [0.06, 12.06, 4.94, 12.94], "texture": "#2"},
				"east": {"uv": [0.06, 12.06, 4.94, 12.94], "texture": "#2"},
				"south": {"uv": [0.06, 12.06, 4.94, 12.94], "texture": "#2"},
				"west": {"uv": [0.06, 12.06, 4.94, 12.94], "texture": "#2"},
				"up": {"uv": [0.06, 12.06, 4.94, 12.94], "rotation": 90, "texture": "#2"},
				"down": {"uv": [0.06, 12.06, 4.94, 12.94], "rotation": 270, "texture": "#2"}
			}
		},
		{
			"from": [2.31614, 2.20974, 7.68272],
			"to": [3.81614, 2.95974, 7.68272],
			"rotation": {"angle": 22.5, "axis": "z", "origin": [6.98204, 5.09506, 7.74585]},
			"faces": {
				"north": {"uv": [5.06, 5.06, 6.94, 5.94], "texture": "#2"},
				"east": {"uv": [5.06, 5.06, 6.94, 5.94], "texture": "#2"},
				"south": {"uv": [5.06, 5.06, 6.94, 5.94], "texture": "#2"},
				"west": {"uv": [5.06, 5.06, 6.94, 5.94], "texture": "#2"},
				"up": {"uv": [5.06, 5.06, 6.94, 5.94], "rotation": 180, "texture": "#2"},
				"down": {"uv": [5.06, 5.06, 6.94, 5.94], "rotation": 180, "texture": "#2"}
			}
		},
		{
			"from": [5.41614, 2.20974, 2.53272],
			"to": [6.91614, 2.95974, 2.53272],
			"rotation": {"angle": 22.5, "axis": "z", "origin": [6.98204, 5.09506, 7.74585]},
			"faces": {
				"north": {"uv": [5.06, 5.06, 6.94, 5.94], "texture": "#2"},
				"east": {"uv": [5.06, 5.06, 6.94, 5.94], "texture": "#2"},
				"south": {"uv": [5.06, 5.06, 6.94, 5.94], "texture": "#2"},
				"west": {"uv": [5.06, 5.06, 6.94, 5.94], "texture": "#2"},
				"up": {"uv": [5.06, 5.06, 6.94, 5.94], "rotation": 180, "texture": "#2"},
				"down": {"uv": [5.06, 5.06, 6.94, 5.94], "rotation": 180, "texture": "#2"}
			}
		}
	],
	"display": {
		"thirdperson_righthand": {
			"rotation": [65, 0, 0],
			"translation": [-6, 3.25, 4.5]
		},
		"firstperson_righthand": {
			"translation": [-9, -2.75, -4.5]
		},
		"ground": {
			"translation": [0, 4, 0]
		},
		"gui": {
			"rotation": [-147.5, 47, -180],
			"translation": [0.25, 4, 0]
		},
		"fixed": {
			"rotation": [-90, 0, 0],
			"translation": [0, 0, -15],
			"scale": [2, 2, 2]
		}
	},
	"groups": [
		{
			"name": "jarbasket2",
			"origin": [8, 8, 8],
			"color": 0,
			"children": [
				{
					"name": "basket",
					"origin": [8, 8, 8],
					"color": 0,
					"children": [0, 1, 2, 3, 4]
				}
			]
		},
		{
			"name": "group",
			"origin": [6, 1.7, 10],
			"color": 0,
			"children": [
				{
					"name": "jam1",
					"origin": [3.2, 0.7, 10.05],
					"color": 0,
					"children": [
						5,
						6,
						7,
						{
							"name": "rope",
							"origin": [4.49978, 3.85, 7.47256],
							"color": 0,
							"children": [8, 9, 10, 11, 12, 13]
						},
						14,
						15
					]
				},
				{
					"name": "jam2",
					"origin": [3.2, 0.7, 10.05],
					"color": 0,
					"children": [
						16,
						17,
						18,
						{
							"name": "rope",
							"origin": [4.49978, 3.85, 7.47256],
							"color": 0,
							"children": [19, 20, 21, 22, 23, 24]
						},
						25,
						26
					]
				},
				{
					"name": "jam3",
					"origin": [3.2, 0.7, 10.05],
					"color": 0,
					"children": [
						27,
						28,
						29,
						{
							"name": "rope",
							"origin": [4.49978, 3.85, 7.47256],
							"color": 0,
							"children": [30, 31, 32, 33, 34, 35]
						},
						36,
						37
					]
				}
			]
		}
	]
}