{
	"credit": "Made with Blockbench,Made by NightEpiphany",
	"textures": {
		"1": "./wanderer_hat",
		"2": "./wanderer_hat",
		"particle": "./wanderer_hat"
	},
	"elements": [
		{
			"name": "hat_model",
			"from": [-1.5, 14.5, 22.5],
			"to": [0.5, 15.5, 26],
			"rotation": {"angle": 45, "axis": "y", "origin": [0, 0, 0]},
			"faces": {
				"north": {"uv": [14.25, 3.25, 15, 3.5], "texture": "#2"},
				"east": {"uv": [13.75, 3.5, 15, 3], "texture": "#2"},
				"south": {"uv": [7.75, 3, 8.75, 3.5], "texture": "#2"},
				"west": {"uv": [13.75, 3, 15, 3.5], "rotation": 180, "texture": "#2"},
				"up": {"uv": [13.75, 3, 15, 3.75], "rotation": 270, "texture": "#2"},
				"down": {"uv": [7.75, 0.75, 9, 1.5], "rotation": 90, "texture": "#2"}
			}
		},
		{
			"name": "hat_model",
			"from": [10.5, 14.5, 11.5],
			"to": [12.5, 15.5, 15],
			"rotation": {"angle": -45, "axis": "y", "origin": [0, 0, 0]},
			"faces": {
				"north": {"uv": [14.25, 3.25, 15, 3.5], "texture": "#2"},
				"east": {"uv": [13.75, 3.5, 15, 3], "texture": "#2"},
				"south": {"uv": [7.75, 3, 8.75, 3.5], "texture": "#2"},
				"west": {"uv": [13.75, 3, 15, 3.5], "rotation": 180, "texture": "#2"},
				"up": {"uv": [13.75, 3, 15, 3.75], "rotation": 270, "texture": "#2"},
				"down": {"uv": [7.75, 0.75, 9, 1.5], "rotation": 90, "texture": "#2"}
			}
		},
		{
			"name": "hat_model",
			"from": [10.5, 14.5, 10.5],
			"to": [14, 15.5, 12.5],
			"rotation": {"angle": 45, "axis": "y", "origin": [0, 0, 0]},
			"faces": {
				"north": {"uv": [13.75, 3.5, 15, 3], "texture": "#2"},
				"east": {"uv": [7.75, 3, 8.75, 3.5], "texture": "#2"},
				"south": {"uv": [13.75, 3, 15, 3.5], "rotation": 180, "texture": "#2"},
				"west": {"uv": [14.25, 3.25, 15, 3.5], "texture": "#2"},
				"up": {"uv": [13.75, 3, 15, 3.75], "rotation": 180, "texture": "#2"},
				"down": {"uv": [7.75, 0.75, 9, 1.5], "rotation": 180, "texture": "#2"}
			}
		},
		{
			"name": "hat_model",
			"from": [15.5, 14.5, 7.5],
			"to": [19, 15.5, 9.5],
			"faces": {
				"north": {"uv": [13.75, 3.5, 15, 3], "texture": "#2"},
				"east": {"uv": [7.75, 3, 8.75, 3.5], "texture": "#2"},
				"south": {"uv": [13.75, 3, 15, 3.5], "rotation": 180, "texture": "#2"},
				"west": {"uv": [14.25, 3.25, 15, 3.5], "texture": "#2"},
				"up": {"uv": [13.75, 3, 15, 3.75], "rotation": 180, "texture": "#2"},
				"down": {"uv": [7.75, 0.75, 9, 1.5], "rotation": 180, "texture": "#2"}
			}
		},
		{
			"name": "hat_model",
			"from": [-1.5, 14.5, -3.5],
			"to": [0.5, 15.5, 0],
			"rotation": {"angle": 45, "axis": "y", "origin": [0, 0, 0]},
			"faces": {
				"north": {"uv": [7.75, 3, 8.75, 3.5], "texture": "#2"},
				"east": {"uv": [13.75, 3, 15, 3.5], "rotation": 180, "texture": "#2"},
				"south": {"uv": [14.25, 3.25, 15, 3.5], "texture": "#2"},
				"west": {"uv": [13.75, 3.5, 15, 3], "texture": "#2"},
				"up": {"uv": [13.75, 3, 15, 3.75], "rotation": 90, "texture": "#2"},
				"down": {"uv": [7.75, 0.75, 9, 1.5], "rotation": 90, "texture": "#2"}
			}
		},
		{
			"name": "hat_model",
			"from": [-4.5, 14.5, 7.5],
			"to": [-1, 15.5, 9.5],
			"faces": {
				"north": {"uv": [13.75, 3, 15, 3.5], "rotation": 180, "texture": "#2"},
				"east": {"uv": [14.25, 3.25, 15, 3.5], "texture": "#2"},
				"south": {"uv": [13.75, 3.5, 15, 3], "texture": "#2"},
				"west": {"uv": [7.75, 3, 8.75, 3.5], "texture": "#2"},
				"up": {"uv": [13.75, 3, 15, 3.75], "texture": "#2"},
				"down": {"uv": [7.75, 0.75, 9, 1.5], "rotation": 180, "texture": "#2"}
			}
		},
		{
			"name": "hat_model",
			"from": [-2.5, 13.5, 22.5],
			"to": [1.5, 14.5, 26],
			"rotation": {"angle": 45, "axis": "y", "origin": [0, 0, 0]},
			"faces": {
				"north": {"uv": [7.75, 4, 8.75, 4.25], "texture": "#2"},
				"east": {"uv": [7.75, 4, 8.75, 4.25], "texture": "#2"},
				"south": {"uv": [7.75, 3.75, 8, 4.25], "texture": "#2"},
				"west": {"uv": [7.75, 4, 8.75, 4.25], "texture": "#2"},
				"up": {"uv": [7.75, 2.75, 8.75, 4.25], "texture": "#2"},
				"down": {"uv": [7.75, 2.75, 8.75, 4.25], "rotation": 180, "texture": "#2"}
			}
		},
		{
			"name": "hat_model",
			"from": [16.5, 13.5, 6.5],
			"to": [20, 14.5, 10.5],
			"faces": {
				"north": {"uv": [7.75, 4, 8, 4.25], "texture": "#2"},
				"east": {"uv": [7.75, 3.75, 8, 4.25], "texture": "#2"},
				"south": {"uv": [7.75, 4, 8, 4.25], "texture": "#2"},
				"west": {"uv": [7.75, 4, 8.75, 4.25], "texture": "#2"},
				"up": {"uv": [7.75, 2.75, 8.75, 4.25], "rotation": 270, "texture": "#2"},
				"down": {"uv": [7.75, 2.75, 8.75, 4.25], "rotation": 270, "texture": "#2"}
			}
		},
		{
			"name": "hat_model",
			"from": [9.5, 13.5, 11.5],
			"to": [13.5, 14.5, 15],
			"rotation": {"angle": -45, "axis": "y", "origin": [0, 0, 0]},
			"faces": {
				"north": {"uv": [7.75, 4, 8.75, 4.25], "texture": "#2"},
				"east": {"uv": [7.75, 4, 8.75, 4.25], "texture": "#2"},
				"south": {"uv": [7.75, 3.75, 8, 4.25], "texture": "#2"},
				"west": {"uv": [7.75, 4, 8.75, 4.25], "texture": "#2"},
				"up": {"uv": [7.75, 2.75, 8.75, 4.25], "texture": "#2"},
				"down": {"uv": [7.75, 2.75, 8.75, 4.25], "rotation": 180, "texture": "#2"}
			}
		},
		{
			"name": "hat_model",
			"from": [10.5, 13.5, 9.5],
			"to": [14, 14.5, 13.5],
			"rotation": {"angle": 45, "axis": "y", "origin": [0, 0, 0]},
			"faces": {
				"north": {"uv": [7.75, 4, 8.75, 4.25], "texture": "#2"},
				"east": {"uv": [7.75, 3.75, 8, 4.25], "texture": "#2"},
				"south": {"uv": [7.75, 4, 8.75, 4.25], "texture": "#2"},
				"west": {"uv": [7.75, 4, 8.75, 4.25], "texture": "#2"},
				"up": {"uv": [7.75, 2.75, 8.75, 4.25], "rotation": 270, "texture": "#2"},
				"down": {"uv": [7.75, 2.75, 8.75, 4.25], "rotation": 270, "texture": "#2"}
			}
		},
		{
			"name": "hat_model",
			"from": [-2.5, 13.5, -3.5],
			"to": [1.5, 14.5, 0],
			"rotation": {"angle": 45, "axis": "y", "origin": [0, 0, 0]},
			"faces": {
				"north": {"uv": [7.75, 3.75, 8, 4.25], "texture": "#2"},
				"east": {"uv": [7.75, 4, 8.75, 4.25], "texture": "#2"},
				"south": {"uv": [8, 3.25, 8.25, 3.75], "texture": "#2"},
				"west": {"uv": [7.75, 4, 8.75, 4.25], "texture": "#2"},
				"up": {"uv": [7.75, 2.75, 8.75, 4.25], "rotation": 180, "texture": "#2"},
				"down": {"uv": [7.75, 2.75, 8.75, 4.25], "texture": "#2"}
			}
		},
		{
			"name": "hat_model",
			"from": [-5.5, 13.5, 6.5],
			"to": [-2, 14.5, 10.5],
			"faces": {
				"north": {"uv": [7.75, 4, 8, 4.25], "texture": "#2"},
				"east": {"uv": [8, 3.25, 8.25, 3.75], "texture": "#2"},
				"south": {"uv": [7.75, 4, 8, 4.25], "texture": "#2"},
				"west": {"uv": [7.75, 3.75, 8, 4.25], "texture": "#2"},
				"up": {"uv": [7.75, 2.75, 8.75, 4.25], "rotation": 90, "texture": "#2"},
				"down": {"uv": [7.75, 2.75, 8.75, 4.25], "rotation": 90, "texture": "#2"}
			}
		},
		{
			"name": "hat_model",
			"from": [-1.5, 13.5, 25.5],
			"to": [0.5, 14.5, 27],
			"rotation": {"angle": 45, "axis": "y", "origin": [0, 0, 0]},
			"faces": {
				"north": {"uv": [7.75, 4, 8, 4.25], "texture": "#2"},
				"east": {"uv": [8.75, 3.75, 9, 4.25], "texture": "#2"},
				"south": {"uv": [8.75, 3.75, 9, 4.25], "texture": "#2"},
				"west": {"uv": [8.75, 3.5, 9, 4], "texture": "#2"},
				"up": {"uv": [7.75, 3.75, 8, 4.25], "texture": "#2"},
				"down": {"uv": [7.75, 3.75, 8, 4], "rotation": 90, "texture": "#2"}
			}
		},
		{
			"name": "hat_model",
			"from": [13.5, 13.5, 10.5],
			"to": [15, 14.5, 12.5],
			"rotation": {"angle": 45, "axis": "y", "origin": [0, 0, 0]},
			"faces": {
				"north": {"uv": [8.75, 3.75, 9, 4.25], "texture": "#2"},
				"east": {"uv": [8.75, 3.75, 9, 4.25], "texture": "#2"},
				"south": {"uv": [8.75, 3.5, 9, 4], "texture": "#2"},
				"west": {"uv": [7.75, 4, 8, 4.25], "texture": "#2"},
				"up": {"uv": [7.75, 3.75, 8, 4.25], "rotation": 270, "texture": "#2"},
				"down": {"uv": [7.75, 3.75, 8, 4], "rotation": 180, "texture": "#2"}
			}
		},
		{
			"name": "hat_model",
			"from": [10.5, 13.5, 14.5],
			"to": [12.5, 14.5, 16],
			"rotation": {"angle": -45, "axis": "y", "origin": [0, 0, 0]},
			"faces": {
				"north": {"uv": [7.75, 4, 8, 4.25], "texture": "#2"},
				"east": {"uv": [8.75, 3.75, 9, 4.25], "texture": "#2"},
				"south": {"uv": [8.75, 3.75, 9, 4.25], "texture": "#2"},
				"west": {"uv": [8.75, 3.5, 9, 4], "texture": "#2"},
				"up": {"uv": [7.75, 3.75, 8, 4.25], "texture": "#2"},
				"down": {"uv": [7.75, 3.75, 8, 4], "rotation": 90, "texture": "#2"}
			}
		},
		{
			"name": "hat_model",
			"from": [-1.5, 13.5, -4.5],
			"to": [0.5, 14.5, -3],
			"rotation": {"angle": 45, "axis": "y", "origin": [0, 0, 0]},
			"faces": {
				"north": {"uv": [7.75, 4, 8, 4.25], "texture": "#2"},
				"east": {"uv": [8.75, 3.75, 9, 4.25], "texture": "#2"},
				"south": {"uv": [8.75, 3.75, 9, 4.25], "texture": "#2"},
				"west": {"uv": [8.75, 3.5, 9, 4], "texture": "#2"},
				"up": {"uv": [7.75, 3.75, 8, 4.25], "texture": "#2"},
				"down": {"uv": [7.75, 3.75, 8, 4], "rotation": 90, "texture": "#2"}
			}
		},
		{
			"name": "hat_model",
			"from": [11.5, 15.5, 5.5],
			"to": [12.5, 16.5, 11.5],
			"faces": {
				"north": {"uv": [14.25, 3.25, 14.5, 3.5], "texture": "#2"},
				"east": {"uv": [14.25, 3.25, 15, 3.5], "texture": "#2"},
				"south": {"uv": [14.75, 3.25, 15, 3.5], "texture": "#2"},
				"west": {"uv": [14.25, 3.25, 15, 3.5], "texture": "#2"},
				"up": {"uv": [14.25, 3.25, 14.5, 3.5], "texture": "#2"},
				"down": {"uv": [14.25, 3.25, 14.5, 3.5], "texture": "#2"}
			}
		},
		{
			"name": "hat_model",
			"from": [2.5, 15.5, 5.5],
			"to": [3.5, 16.5, 11.5],
			"faces": {
				"north": {"uv": [14.25, 3.25, 14.5, 3.5], "texture": "#2"},
				"east": {"uv": [14.25, 3.25, 15, 3.5], "texture": "#2"},
				"south": {"uv": [14.75, 3.25, 15, 3.5], "texture": "#2"},
				"west": {"uv": [14.25, 3.25, 15, 3.5], "texture": "#2"},
				"up": {"uv": [14.25, 3.25, 14.5, 3.5], "texture": "#2"},
				"down": {"uv": [14.25, 3.25, 14.5, 3.5], "texture": "#2"}
			}
		},
		{
			"name": "hat_model",
			"from": [4.5, 15.5, 3.5],
			"to": [10.5, 16.5, 4.5],
			"faces": {
				"north": {"uv": [14.25, 3.25, 15, 3.5], "texture": "#2"},
				"east": {"uv": [14.25, 3.25, 14.5, 3.5], "texture": "#2"},
				"south": {"uv": [14.25, 3.25, 15, 3.5], "texture": "#2"},
				"west": {"uv": [14.75, 3.25, 15, 3.5], "texture": "#2"},
				"up": {"uv": [14.25, 3.25, 14.5, 3.5], "rotation": 90, "texture": "#2"},
				"down": {"uv": [14.25, 3.25, 14.5, 3.5], "rotation": 270, "texture": "#2"}
			}
		},
		{
			"name": "hat_model",
			"from": [4.5, 15.5, 12.5],
			"to": [10.5, 16.5, 13.5],
			"faces": {
				"north": {"uv": [14.25, 3.25, 15, 3.5], "texture": "#2"},
				"east": {"uv": [14.25, 3.25, 14.5, 3.5], "texture": "#2"},
				"south": {"uv": [14.25, 3.25, 15, 3.5], "texture": "#2"},
				"west": {"uv": [14.75, 3.25, 15, 3.5], "texture": "#2"},
				"up": {"uv": [14.25, 3.25, 14.5, 3.5], "rotation": 90, "texture": "#2"},
				"down": {"uv": [14.25, 3.25, 14.5, 3.5], "rotation": 270, "texture": "#2"}
			}
		},
		{
			"name": "hat_model",
			"from": [1.5, 15.5, 5.5],
			"to": [2.5, 16.5, 11.5],
			"faces": {
				"north": {"uv": [8.25, 1, 8.75, 1.5], "texture": "#2"},
				"east": {"uv": [7.75, 1, 9.25, 1.25], "texture": "#2"},
				"south": {"uv": [8.25, 1, 8.75, 1.5], "texture": "#2"},
				"west": {"uv": [7.75, 0.5, 9, 0.75], "texture": "#2"},
				"up": {"uv": [8.75, 0.5, 9, 1.75], "texture": "#2"},
				"down": {"uv": [7.75, 0.5, 8, 1.75], "texture": "#2"}
			}
		},
		{
			"name": "hat_model",
			"from": [4.5, 15.5, 2.5],
			"to": [10.5, 16.5, 3.5],
			"faces": {
				"north": {"uv": [7.75, 0.5, 9, 0.75], "texture": "#2"},
				"east": {"uv": [8.25, 1, 8.75, 1.5], "texture": "#2"},
				"south": {"uv": [8, 0.75, 9.25, 1], "texture": "#2"},
				"west": {"uv": [8.25, 1, 8.75, 1.5], "texture": "#2"},
				"up": {"uv": [8.75, 0.5, 9, 1.75], "rotation": 90, "texture": "#2"},
				"down": {"uv": [7.75, 0.5, 8, 1.75], "rotation": 270, "texture": "#2"}
			}
		},
		{
			"name": "hat_model",
			"from": [4.5, 15.5, 13.5],
			"to": [10.5, 16.5, 14.5],
			"faces": {
				"north": {"uv": [7.75, 0.5, 9, 0.75], "texture": "#2"},
				"east": {"uv": [8.25, 1, 8.75, 1.5], "texture": "#2"},
				"south": {"uv": [8, 0.75, 9.25, 1], "texture": "#2"},
				"west": {"uv": [8.25, 1, 8.75, 1.5], "texture": "#2"},
				"up": {"uv": [8.75, 0.5, 9, 1.75], "rotation": 90, "texture": "#2"},
				"down": {"uv": [7.75, 0.5, 8, 1.75], "rotation": 270, "texture": "#2"}
			}
		},
		{
			"name": "hat_model",
			"from": [12.5, 15.5, 5.5],
			"to": [13.5, 16.5, 11.5],
			"faces": {
				"north": {"uv": [8.25, 1, 8.75, 1.5], "texture": "#2"},
				"east": {"uv": [7.75, 0.5, 9, 0.75], "texture": "#2"},
				"south": {"uv": [8.25, 1, 8.75, 1.5], "texture": "#2"},
				"west": {"uv": [7.75, 0.5, 9, 0.75], "texture": "#2"},
				"up": {"uv": [8.75, 0.5, 9, 1.75], "texture": "#2"},
				"down": {"uv": [7.75, 0.5, 8, 1.75], "texture": "#2"}
			}
		},
		{
			"name": "hat_model",
			"from": [2.5, 15.5, 4.5],
			"to": [3.5, 16.5, 5.5],
			"faces": {
				"north": {"uv": [8.5, 1.25, 8.75, 1.5], "texture": "#2"},
				"east": {"uv": [8, 0.75, 8.25, 1], "texture": "#2"},
				"south": {"uv": [8.5, 1, 8.75, 1.25], "texture": "#2"},
				"west": {"uv": [8, 1.5, 8.25, 1.75], "texture": "#2"},
				"up": {"uv": [7.75, 1.5, 8, 1.75], "texture": "#2"},
				"down": {"uv": [8, 1.5, 8.25, 1.75], "texture": "#2"}
			}
		},
		{
			"name": "hat_model",
			"from": [3.5, 15.5, 3.5],
			"to": [4.5, 16.5, 4.5],
			"faces": {
				"north": {"uv": [8.5, 1.25, 8.75, 1.5], "texture": "#2"},
				"east": {"uv": [8, 0.75, 8.25, 1], "texture": "#2"},
				"south": {"uv": [8.5, 1, 8.75, 1.25], "texture": "#2"},
				"west": {"uv": [8, 1.5, 8.25, 1.75], "texture": "#2"},
				"up": {"uv": [7.75, 1.5, 8, 1.75], "texture": "#2"},
				"down": {"uv": [8, 1.5, 8.25, 1.75], "texture": "#2"}
			}
		},
		{
			"name": "hat_model",
			"from": [10.5, 15.5, 3.5],
			"to": [11.5, 16.5, 4.5],
			"faces": {
				"north": {"uv": [8.5, 1.25, 8.75, 1.5], "texture": "#2"},
				"east": {"uv": [8, 0.75, 8.25, 1], "texture": "#2"},
				"south": {"uv": [8.5, 1, 8.75, 1.25], "texture": "#2"},
				"west": {"uv": [8, 1.5, 8.25, 1.75], "texture": "#2"},
				"up": {"uv": [7.75, 1.5, 8, 1.75], "texture": "#2"},
				"down": {"uv": [8, 1.5, 8.25, 1.75], "texture": "#2"}
			}
		},
		{
			"name": "hat_model",
			"from": [11.5, 15.5, 4.5],
			"to": [12.5, 16.5, 5.5],
			"faces": {
				"north": {"uv": [8.5, 1.25, 8.75, 1.5], "texture": "#2"},
				"east": {"uv": [8, 0.75, 8.25, 1], "texture": "#2"},
				"south": {"uv": [8.5, 1, 8.75, 1.25], "texture": "#2"},
				"west": {"uv": [8, 1.5, 8.25, 1.75], "texture": "#2"},
				"up": {"uv": [7.75, 1.5, 8, 1.75], "texture": "#2"},
				"down": {"uv": [8, 1.5, 8.25, 1.75], "texture": "#2"}
			}
		},
		{
			"name": "hat_model",
			"from": [11.5, 15.5, 11.5],
			"to": [12.5, 16.5, 12.5],
			"faces": {
				"north": {"uv": [8.5, 1.25, 8.75, 1.5], "texture": "#2"},
				"east": {"uv": [8, 0.75, 8.25, 1], "texture": "#2"},
				"south": {"uv": [8.5, 1, 8.75, 1.25], "texture": "#2"},
				"west": {"uv": [8, 1.5, 8.25, 1.75], "texture": "#2"},
				"up": {"uv": [7.75, 1.5, 8, 1.75], "texture": "#2"},
				"down": {"uv": [8, 1.5, 8.25, 1.75], "texture": "#2"}
			}
		},
		{
			"name": "hat_model",
			"from": [10.5, 15.5, 12.5],
			"to": [11.5, 16.5, 13.5],
			"faces": {
				"north": {"uv": [8.5, 1.25, 8.75, 1.5], "texture": "#2"},
				"east": {"uv": [8, 0.75, 8.25, 1], "texture": "#2"},
				"south": {"uv": [8.5, 1, 8.75, 1.25], "texture": "#2"},
				"west": {"uv": [8, 1.5, 8.25, 1.75], "texture": "#2"},
				"up": {"uv": [7.75, 1.5, 8, 1.75], "texture": "#2"},
				"down": {"uv": [8, 1.5, 8.25, 1.75], "texture": "#2"}
			}
		},
		{
			"name": "hat_model",
			"from": [3.5, 15.5, 12.5],
			"to": [4.5, 16.5, 13.5],
			"faces": {
				"north": {"uv": [8.5, 1.25, 8.75, 1.5], "texture": "#2"},
				"east": {"uv": [8, 0.75, 8.25, 1], "texture": "#2"},
				"south": {"uv": [8.5, 1, 8.75, 1.25], "texture": "#2"},
				"west": {"uv": [8, 1.5, 8.25, 1.75], "texture": "#2"},
				"up": {"uv": [7.75, 1.5, 8, 1.75], "texture": "#2"},
				"down": {"uv": [8, 1.5, 8.25, 1.75], "texture": "#2"}
			}
		},
		{
			"name": "hat_model",
			"from": [2.5, 15.5, 11.5],
			"to": [3.5, 16.5, 12.5],
			"faces": {
				"north": {"uv": [8.5, 1.25, 8.75, 1.5], "texture": "#2"},
				"east": {"uv": [8, 0.75, 8.25, 1], "texture": "#2"},
				"south": {"uv": [8.5, 1, 8.75, 1.25], "texture": "#2"},
				"west": {"uv": [8, 1.5, 8.25, 1.75], "texture": "#2"},
				"up": {"uv": [7.75, 1.5, 8, 1.75], "texture": "#2"},
				"down": {"uv": [8, 1.5, 8.25, 1.75], "texture": "#2"}
			}
		},
		{
			"name": "hat_model",
			"from": [6.5, 13.5, 18.5],
			"to": [8.5, 19.5, 19.5],
			"faces": {
				"north": {"uv": [8, 1.5, 9, 2], "rotation": 90, "texture": "#2"},
				"east": {"uv": [8.75, 0.5, 9, 1.75], "rotation": 180, "texture": "#2"},
				"south": {"uv": [8, 1, 9.25, 1.5], "rotation": 270, "texture": "#2"},
				"west": {"uv": [8.25, 0.5, 8.5, 2], "texture": "#2"},
				"up": {"uv": [8, 0.75, 8.25, 2], "rotation": 270, "texture": "#2"},
				"down": {"uv": [8.5, 1, 8.75, 2], "rotation": 270, "texture": "#2"}
			}
		},
		{
			"name": "hat_model",
			"from": [0.5, 10.5, 17.5],
			"to": [4.5, 14.5, 17.5],
			"faces": {
				"north": {"uv": [12, 6, 13.25, 7.5], "texture": "#2"},
				"east": {"uv": [8.75, 0.5, 9, 1.75], "rotation": 180, "texture": "#2"},
				"south": {"uv": [12, 6, 13.25, 7.5], "texture": "#2"},
				"west": {"uv": [8.25, 0.5, 8.5, 2], "texture": "#2"},
				"up": {"uv": [8, 0.75, 8.25, 2], "rotation": 270, "texture": "#2"},
				"down": {"uv": [8.5, 1, 8.75, 2], "rotation": 270, "texture": "#2"}
			}
		},
		{
			"name": "hat_model",
			"from": [10.5, 10.5, 17.5],
			"to": [14.5, 14.5, 17.5],
			"faces": {
				"north": {"uv": [12, 6, 13.25, 7.5], "texture": "#2"},
				"east": {"uv": [8.75, 0.5, 9, 1.75], "rotation": 180, "texture": "#2"},
				"south": {"uv": [12, 6, 13.25, 7.5], "texture": "#2"},
				"west": {"uv": [8.25, 0.5, 8.5, 2], "texture": "#2"},
				"up": {"uv": [8, 0.75, 8.25, 2], "rotation": 270, "texture": "#2"},
				"down": {"uv": [8.5, 1, 8.75, 2], "rotation": 270, "texture": "#2"}
			}
		},
		{
			"name": "hat_model",
			"from": [6.5, 13.5, -2.5],
			"to": [8.5, 19.5, -1.5],
			"faces": {
				"north": {"uv": [8, 1.5, 9, 2], "rotation": 90, "texture": "#2"},
				"east": {"uv": [8.75, 0.5, 9, 1.75], "rotation": 180, "texture": "#2"},
				"south": {"uv": [8, 1, 9.25, 1.5], "rotation": 270, "texture": "#2"},
				"west": {"uv": [8.25, 0.5, 8.5, 2], "texture": "#2"},
				"up": {"uv": [8, 0.75, 8.25, 2], "rotation": 270, "texture": "#2"},
				"down": {"uv": [8.5, 1, 8.75, 2], "rotation": 270, "texture": "#2"}
			}
		},
		{
			"name": "hat_model",
			"from": [11.5, -7.5, 17.5],
			"to": [13.5, 10.5, 17.5],
			"faces": {
				"north": {"uv": [10.5, 6, 11.5, 16], "texture": "#2"},
				"east": {"uv": [8.75, 0.5, 9, 1.75], "rotation": 180, "texture": "#2"},
				"south": {"uv": [10.5, 6, 11.5, 16], "texture": "#2"},
				"west": {"uv": [8.25, 0.5, 8.5, 2], "texture": "#2"},
				"up": {"uv": [8, 0.75, 8.25, 2], "rotation": 270, "texture": "#2"},
				"down": {"uv": [8.5, 1, 8.75, 2], "rotation": 270, "texture": "#2"}
			}
		},
		{
			"name": "hat_model",
			"from": [1.5, -7.5, 17.5],
			"to": [3.5, 10.5, 17.5],
			"faces": {
				"north": {"uv": [10.5, 6, 11.5, 16], "texture": "#2"},
				"east": {"uv": [8.75, 0.5, 9, 1.75], "rotation": 180, "texture": "#2"},
				"south": {"uv": [10.5, 6, 11.5, 16], "texture": "#2"},
				"west": {"uv": [8.25, 0.5, 8.5, 2], "texture": "#2"},
				"up": {"uv": [8, 0.75, 8.25, 2], "rotation": 270, "texture": "#2"},
				"down": {"uv": [8.5, 1, 8.75, 2], "rotation": 270, "texture": "#2"}
			}
		},
		{
			"name": "hat_model",
			"from": [-0.5, -13.5, 17.5],
			"to": [5.5, -7.5, 17.5],
			"faces": {
				"north": {"uv": [12, 8.75, 15.25, 11.75], "texture": "#2"},
				"east": {"uv": [8.75, 0.5, 9, 1.75], "rotation": 180, "texture": "#2"},
				"south": {"uv": [12, 8.75, 15.25, 11.75], "texture": "#2"},
				"west": {"uv": [8.25, 0.5, 8.5, 2], "texture": "#2"},
				"up": {"uv": [8, 0.75, 8.25, 2], "rotation": 270, "texture": "#2"},
				"down": {"uv": [8.5, 1, 8.75, 2], "rotation": 270, "texture": "#2"}
			}
		},
		{
			"name": "hat_model",
			"from": [10.5, -14.5, 19.5],
			"to": [11.5, -12.5, 19.5],
			"faces": {
				"north": {"uv": [8.75, 0.5, 9, 1.75], "rotation": 180, "texture": "#2"},
				"east": {"uv": [15.75, 15.75, 16, 16], "texture": "#2"},
				"south": {"uv": [8.25, 0.5, 8.5, 2], "texture": "#2"},
				"west": {"uv": [15.75, 15.75, 16, 16], "texture": "#2"},
				"up": {"uv": [8, 0.75, 8.25, 2], "rotation": 180, "texture": "#2"},
				"down": {"uv": [8.5, 1, 8.75, 2], "texture": "#2"}
			}
		},
		{
			"name": "hat_model",
			"from": [3.5, -14.5, 19.5],
			"to": [4.5, -12.5, 19.5],
			"faces": {
				"north": {"uv": [8.75, 0.5, 9, 1.75], "rotation": 180, "texture": "#2"},
				"east": {"uv": [15.75, 15.75, 16, 16], "texture": "#2"},
				"south": {"uv": [8.25, 0.5, 8.5, 2], "texture": "#2"},
				"west": {"uv": [15.75, 15.75, 16, 16], "texture": "#2"},
				"up": {"uv": [8, 0.75, 8.25, 2], "rotation": 180, "texture": "#2"},
				"down": {"uv": [8.5, 1, 8.75, 2], "texture": "#2"}
			}
		},
		{
			"name": "hat_model",
			"from": [0.5, -14.5, 19.5],
			"to": [1.5, -12.5, 19.5],
			"faces": {
				"north": {"uv": [8.75, 0.5, 9, 1.75], "rotation": 180, "texture": "#2"},
				"east": {"uv": [15.75, 15.75, 16, 16], "texture": "#2"},
				"south": {"uv": [8.25, 0.5, 8.5, 2], "texture": "#2"},
				"west": {"uv": [15.75, 15.75, 16, 16], "texture": "#2"},
				"up": {"uv": [8, 0.75, 8.25, 2], "rotation": 180, "texture": "#2"},
				"down": {"uv": [8.5, 1, 8.75, 2], "texture": "#2"}
			}
		},
		{
			"name": "hat_model",
			"from": [13.5, -14.5, 19.5],
			"to": [14.5, -12.5, 19.5],
			"faces": {
				"north": {"uv": [8.75, 0.5, 9, 1.75], "rotation": 180, "texture": "#2"},
				"east": {"uv": [15.75, 15.75, 16, 16], "texture": "#2"},
				"south": {"uv": [8.25, 0.5, 8.5, 2], "texture": "#2"},
				"west": {"uv": [15.75, 15.75, 16, 16], "texture": "#2"},
				"up": {"uv": [8, 0.75, 8.25, 2], "rotation": 180, "texture": "#2"},
				"down": {"uv": [8.5, 1, 8.75, 2], "texture": "#2"}
			}
		},
		{
			"name": "hat_model",
			"from": [10.5, -14.5, 16.5],
			"to": [11.5, -12.5, 16.5],
			"faces": {
				"north": {"uv": [8.75, 0.5, 9, 1.75], "rotation": 180, "texture": "#2"},
				"east": {"uv": [15.75, 15.75, 16, 16], "texture": "#2"},
				"south": {"uv": [8.25, 1.25, 8.5, 2], "texture": "#2"},
				"west": {"uv": [15.75, 15.75, 16, 16], "texture": "#2"},
				"up": {"uv": [8, 0.75, 8.25, 2], "rotation": 180, "texture": "#2"},
				"down": {"uv": [8.5, 1, 8.75, 2], "texture": "#2"}
			}
		},
		{
			"name": "hat_model",
			"from": [3.5, -14.5, 16.5],
			"to": [4.5, -12.5, 16.5],
			"faces": {
				"north": {"uv": [8.75, 0.5, 9, 1.75], "rotation": 180, "texture": "#2"},
				"east": {"uv": [15.75, 15.75, 16, 16], "texture": "#2"},
				"south": {"uv": [8.25, 1.25, 8.5, 2], "texture": "#2"},
				"west": {"uv": [15.75, 15.75, 16, 16], "texture": "#2"},
				"up": {"uv": [8, 0.75, 8.25, 2], "rotation": 180, "texture": "#2"},
				"down": {"uv": [8.5, 1, 8.75, 2], "texture": "#2"}
			}
		},
		{
			"name": "hat_model",
			"from": [0.5, -14.5, 16.5],
			"to": [1.5, -12.5, 16.5],
			"faces": {
				"north": {"uv": [8.75, 0.5, 9, 1.75], "rotation": 180, "texture": "#2"},
				"east": {"uv": [15.75, 15.75, 16, 16], "texture": "#2"},
				"south": {"uv": [8.25, 1.25, 8.5, 2], "texture": "#2"},
				"west": {"uv": [15.75, 15.75, 16, 16], "texture": "#2"},
				"up": {"uv": [8, 0.75, 8.25, 2], "rotation": 180, "texture": "#2"},
				"down": {"uv": [8.5, 1, 8.75, 2], "texture": "#2"}
			}
		},
		{
			"name": "hat_model",
			"from": [13.5, -14.5, 16.5],
			"to": [14.5, -12.5, 16.5],
			"faces": {
				"north": {"uv": [8.75, 0.5, 9, 1.75], "rotation": 180, "texture": "#2"},
				"east": {"uv": [15.75, 15.75, 16, 16], "texture": "#2"},
				"south": {"uv": [8.25, 0.5, 8.5, 2], "texture": "#2"},
				"west": {"uv": [15.75, 15.75, 16, 16], "texture": "#2"},
				"up": {"uv": [8, 0.75, 8.25, 2], "rotation": 180, "texture": "#2"},
				"down": {"uv": [8.5, 1, 8.75, 2], "texture": "#2"}
			}
		},
		{
			"name": "hat_model",
			"from": [10.5, -12.5, 16.5],
			"to": [11.5, -12.5, 19.5],
			"faces": {
				"north": {"uv": [8, 0.75, 8.25, 2], "texture": "#2"},
				"east": {"uv": [15.75, 15.75, 16, 16], "rotation": 90, "texture": "#2"},
				"south": {"uv": [8.5, 1, 8.75, 2], "texture": "#2"},
				"west": {"uv": [15.75, 15.75, 16, 16], "rotation": 270, "texture": "#2"},
				"up": {"uv": [8.25, 0.5, 8.5, 2], "texture": "#2"},
				"down": {"uv": [8.75, 0.5, 9, 1.75], "texture": "#2"}
			}
		},
		{
			"name": "hat_model",
			"from": [10.5, -14.5, 16.5],
			"to": [11.5, -14.5, 19.5],
			"faces": {
				"north": {"uv": [8, 0.75, 8.25, 2], "texture": "#2"},
				"east": {"uv": [15.75, 15.75, 16, 16], "rotation": 90, "texture": "#2"},
				"south": {"uv": [8.5, 1, 8.75, 2], "texture": "#2"},
				"west": {"uv": [15.75, 15.75, 16, 16], "rotation": 270, "texture": "#2"},
				"up": {"uv": [8.25, 0.5, 8.5, 2], "texture": "#2"},
				"down": {"uv": [8.75, 1, 9, 1.75], "texture": "#2"}
			}
		},
		{
			"name": "hat_model",
			"from": [3.5, -14.5, 16.5],
			"to": [4.5, -14.5, 19.5],
			"faces": {
				"north": {"uv": [8, 0.75, 8.25, 2], "texture": "#2"},
				"east": {"uv": [15.75, 15.75, 16, 16], "rotation": 90, "texture": "#2"},
				"south": {"uv": [8.5, 1, 8.75, 2], "texture": "#2"},
				"west": {"uv": [15.75, 15.75, 16, 16], "rotation": 270, "texture": "#2"},
				"up": {"uv": [8.25, 0.5, 8.5, 2], "texture": "#2"},
				"down": {"uv": [8.75, 1, 9, 1.75], "texture": "#2"}
			}
		},
		{
			"name": "hat_model",
			"from": [0.5, -12.5, 16.5],
			"to": [1.5, -12.5, 19.5],
			"faces": {
				"north": {"uv": [8, 0.75, 8.25, 2], "texture": "#2"},
				"east": {"uv": [15.75, 15.75, 16, 16], "rotation": 90, "texture": "#2"},
				"south": {"uv": [8.5, 1, 8.75, 2], "texture": "#2"},
				"west": {"uv": [15.75, 15.75, 16, 16], "rotation": 270, "texture": "#2"},
				"up": {"uv": [8.25, 0.5, 8.5, 2], "texture": "#2"},
				"down": {"uv": [8.75, 1, 9, 1.75], "texture": "#2"}
			}
		},
		{
			"name": "hat_model",
			"from": [0.5, -14.5, 16.5],
			"to": [1.5, -14.5, 19.5],
			"faces": {
				"north": {"uv": [8, 0.75, 8.25, 2], "texture": "#2"},
				"east": {"uv": [15.75, 15.75, 16, 16], "rotation": 90, "texture": "#2"},
				"south": {"uv": [8.5, 1, 8.75, 2], "texture": "#2"},
				"west": {"uv": [15.75, 15.75, 16, 16], "rotation": 270, "texture": "#2"},
				"up": {"uv": [8.25, 0.5, 8.5, 2], "texture": "#2"},
				"down": {"uv": [8.75, 1, 9, 1.75], "texture": "#2"}
			}
		},
		{
			"name": "hat_model",
			"from": [3.5, -12.5, 16.5],
			"to": [4.5, -12.5, 19.5],
			"faces": {
				"north": {"uv": [8, 0.75, 8.25, 2], "texture": "#2"},
				"east": {"uv": [15.75, 15.75, 16, 16], "rotation": 90, "texture": "#2"},
				"south": {"uv": [8.5, 1, 8.75, 2], "texture": "#2"},
				"west": {"uv": [15.75, 15.75, 16, 16], "rotation": 270, "texture": "#2"},
				"up": {"uv": [8.25, 0.5, 8.5, 2], "texture": "#2"},
				"down": {"uv": [8.75, 1, 9, 1.75], "texture": "#2"}
			}
		},
		{
			"name": "hat_model",
			"from": [13.5, -14.5, 16.5],
			"to": [14.5, -14.5, 19.5],
			"faces": {
				"north": {"uv": [8, 0.75, 8.25, 2], "texture": "#2"},
				"east": {"uv": [15.75, 15.75, 16, 16], "rotation": 90, "texture": "#2"},
				"south": {"uv": [8.5, 1, 8.75, 2], "texture": "#2"},
				"west": {"uv": [15.75, 15.75, 16, 16], "rotation": 270, "texture": "#2"},
				"up": {"uv": [8.25, 0.5, 8.5, 2], "texture": "#2"},
				"down": {"uv": [8.75, 1, 9, 1.75], "texture": "#2"}
			}
		},
		{
			"name": "hat_model",
			"from": [13.5, -12.5, 16.5],
			"to": [14.5, -12.5, 19.5],
			"faces": {
				"north": {"uv": [8, 0.75, 8.25, 2], "texture": "#2"},
				"east": {"uv": [15.75, 15.75, 16, 16], "rotation": 90, "texture": "#2"},
				"south": {"uv": [8.5, 1, 8.75, 2], "texture": "#2"},
				"west": {"uv": [15.75, 15.75, 16, 16], "rotation": 270, "texture": "#2"},
				"up": {"uv": [8.25, 0.5, 8.5, 2], "texture": "#2"},
				"down": {"uv": [8.75, 1, 9, 1.75], "texture": "#2"}
			}
		},
		{
			"name": "hat_model",
			"from": [9.5, -13.5, 17.5],
			"to": [15.5, -7.5, 17.5],
			"faces": {
				"north": {"uv": [12, 8.75, 15.25, 11.75], "texture": "#2"},
				"east": {"uv": [8.75, 0.5, 9, 1.75], "rotation": 180, "texture": "#2"},
				"south": {"uv": [12, 8.75, 15.25, 11.75], "texture": "#2"},
				"west": {"uv": [8.25, 0.5, 8.5, 2], "texture": "#2"},
				"up": {"uv": [8, 0.75, 8.25, 2], "rotation": 270, "texture": "#2"},
				"down": {"uv": [8.5, 1, 8.75, 2], "rotation": 270, "texture": "#2"}
			}
		},
		{
			"name": "hat_model",
			"from": [11.5, -12.5, 16.5],
			"to": [13.5, -10.5, 18.5],
			"faces": {
				"north": {"uv": [12.5, 6.75, 12.75, 7], "texture": "#2"},
				"east": {"uv": [12.5, 6.75, 12.75, 7], "rotation": 180, "texture": "#2"},
				"south": {"uv": [12.5, 6.75, 12.75, 7], "texture": "#2"},
				"west": {"uv": [12.5, 6.75, 12.75, 7], "texture": "#2"},
				"up": {"uv": [12.5, 6.75, 12.75, 7], "rotation": 270, "texture": "#2"},
				"down": {"uv": [12.75, 6.75, 12.5, 7], "rotation": 270, "texture": "#2"}
			}
		},
		{
			"name": "hat_model",
			"from": [1.5, -12.5, 16.5],
			"to": [3.5, -10.5, 18.5],
			"faces": {
				"north": {"uv": [12.5, 6.75, 12.75, 7], "texture": "#2"},
				"east": {"uv": [12.5, 6.75, 12.75, 7], "rotation": 180, "texture": "#2"},
				"south": {"uv": [12.5, 6.75, 12.75, 7], "texture": "#2"},
				"west": {"uv": [12.5, 6.75, 12.75, 7], "texture": "#2"},
				"up": {"uv": [12.5, 6.75, 12.75, 7], "rotation": 270, "texture": "#2"},
				"down": {"uv": [12.75, 6.75, 12.5, 7], "rotation": 270, "texture": "#2"}
			}
		},
		{
			"name": "hat_model",
			"from": [2.5, -15.5, 17.5],
			"to": [3.5, -12.5, 18.5],
			"faces": {
				"north": {"uv": [14.75, 7, 15.25, 8.5], "texture": "#2"},
				"east": {"uv": [14.75, 7, 15.25, 8.5], "texture": "#2"},
				"south": {"uv": [14.75, 7, 15.25, 8.5], "texture": "#2"},
				"west": {"uv": [14.75, 7, 15.25, 8.5], "texture": "#2"},
				"up": {"uv": [12.5, 6.75, 12.75, 7], "rotation": 270, "texture": "#2"},
				"down": {"uv": [15.25, 8.75, 14.75, 9.25], "rotation": 270, "texture": "#2"}
			}
		},
		{
			"name": "hat_model",
			"from": [11.5, -15.5, 17.5],
			"to": [12.5, -12.5, 18.5],
			"faces": {
				"north": {"uv": [14.75, 7, 15.25, 8.5], "texture": "#2"},
				"east": {"uv": [14.75, 7, 15.25, 8.5], "texture": "#2"},
				"south": {"uv": [14.75, 7, 15.25, 8.5], "texture": "#2"},
				"west": {"uv": [14.75, 7, 15.25, 8.5], "texture": "#2"},
				"up": {"uv": [12.5, 6.75, 12.75, 7], "rotation": 270, "texture": "#2"},
				"down": {"uv": [15.25, 8.75, 14.75, 9.25], "rotation": 270, "texture": "#2"}
			}
		},
		{
			"name": "hat_model",
			"from": [12.5, -15.5, 17.5],
			"to": [13.5, -12.5, 18.5],
			"faces": {
				"north": {"uv": [14.75, 7, 15.25, 8.5], "texture": "#2"},
				"east": {"uv": [14.75, 7, 15.25, 8.5], "texture": "#2"},
				"south": {"uv": [14.75, 7, 15.25, 8.5], "texture": "#2"},
				"west": {"uv": [14.75, 7, 15.25, 8.5], "texture": "#2"},
				"up": {"uv": [12.5, 6.75, 12.75, 7], "rotation": 270, "texture": "#2"},
				"down": {"uv": [15.25, 8.75, 14.75, 9.25], "rotation": 270, "texture": "#2"}
			}
		},
		{
			"name": "hat_model",
			"from": [1.5, -15.5, 17.5],
			"to": [2.5, -12.5, 18.5],
			"faces": {
				"north": {"uv": [14.75, 7, 15.25, 8.5], "texture": "#2"},
				"east": {"uv": [14.75, 7, 15.25, 8.5], "texture": "#2"},
				"south": {"uv": [14.75, 7, 15.25, 8.5], "texture": "#2"},
				"west": {"uv": [14.75, 7, 15.25, 8.5], "texture": "#2"},
				"up": {"uv": [12.5, 6.75, 12.75, 7], "rotation": 270, "texture": "#2"},
				"down": {"uv": [15.25, 8.75, 14.75, 9.25], "rotation": 270, "texture": "#2"}
			}
		},
		{
			"name": "hat_model",
			"from": [6.5, 17.5, 14.5],
			"to": [8.5, 18.5, 18.5],
			"faces": {
				"north": {"uv": [8, 1, 8.25, 2], "rotation": 90, "texture": "#2"},
				"east": {"uv": [7.75, 0.75, 8.75, 1], "rotation": 180, "texture": "#2"},
				"south": {"uv": [8.5, 0.75, 9, 1.25], "rotation": 270, "texture": "#2"},
				"west": {"uv": [7.75, 1.75, 9, 2], "texture": "#2"},
				"up": {"uv": [8, 1, 9, 1.75], "rotation": 270, "texture": "#2"},
				"down": {"uv": [8, 1.5, 8.75, 2], "rotation": 270, "texture": "#2"}
			}
		},
		{
			"name": "hat_model",
			"from": [6.5, 17.5, -1.5],
			"to": [8.5, 18.5, 2.5],
			"faces": {
				"north": {"uv": [8, 1, 8.25, 2], "rotation": 90, "texture": "#2"},
				"east": {"uv": [7.75, 0.75, 8.75, 1], "rotation": 180, "texture": "#2"},
				"south": {"uv": [8.5, 0.75, 9, 1.25], "rotation": 270, "texture": "#2"},
				"west": {"uv": [7.75, 1.75, 9, 2], "texture": "#2"},
				"up": {"uv": [8, 1, 9, 1.75], "rotation": 270, "texture": "#2"},
				"down": {"uv": [8, 1.5, 8.75, 2], "rotation": 270, "texture": "#2"}
			}
		},
		{
			"name": "hat_model",
			"from": [6.5, 15.5, 14.5],
			"to": [8.5, 17.5, 15.5],
			"faces": {
				"north": {"uv": [8, 1, 8.75, 2], "rotation": 90, "texture": "#2"},
				"east": {"uv": [8.75, 1.25, 9, 1.75], "rotation": 180, "texture": "#2"},
				"south": {"uv": [8.25, 1, 8.75, 1.75], "rotation": 270, "texture": "#2"},
				"west": {"uv": [7.75, 1, 8, 1.75], "texture": "#2"},
				"up": {"uv": [8, 0.5, 8.25, 1.5], "rotation": 270, "texture": "#2"},
				"down": {"uv": [8.75, 1, 9, 2], "rotation": 270, "texture": "#2"}
			}
		},
		{
			"name": "hat_model",
			"from": [6.5, 15.5, 1.5],
			"to": [8.5, 17.5, 2.5],
			"faces": {
				"north": {"uv": [8, 1, 8.75, 2], "rotation": 90, "texture": "#2"},
				"east": {"uv": [8.75, 1.25, 9, 1.75], "rotation": 180, "texture": "#2"},
				"south": {"uv": [8.25, 1, 8.75, 1.75], "rotation": 270, "texture": "#2"},
				"west": {"uv": [7.75, 1, 8, 1.75], "texture": "#2"},
				"up": {"uv": [8, 0.5, 8.25, 1.5], "rotation": 270, "texture": "#2"},
				"down": {"uv": [8.75, 1, 9, 2], "rotation": 270, "texture": "#2"}
			}
		},
		{
			"name": "hat_model",
			"from": [6.5, 18.5, 15.5],
			"to": [8.5, 19.5, 16.5],
			"faces": {
				"north": {"uv": [8, 1.25, 8.5, 1.75], "rotation": 270, "texture": "#2"},
				"east": {"uv": [8.25, 1, 8.75, 1.5], "texture": "#2"},
				"south": {"uv": [8.25, 1, 8.5, 2], "rotation": 90, "texture": "#2"},
				"west": {"uv": [8.75, 1.5, 9.25, 2], "rotation": 180, "texture": "#2"},
				"up": {"uv": [8, 1, 8.25, 1.75], "rotation": 90, "texture": "#2"},
				"down": {"uv": [9.25, 0, 12, 2.75], "rotation": 90, "texture": "#1"}
			}
		},
		{
			"name": "hat_model",
			"from": [6.5, 18.5, -0.5],
			"to": [8.5, 19.5, 0.5],
			"faces": {
				"north": {"uv": [8, 1.25, 8.5, 1.75], "rotation": 270, "texture": "#2"},
				"east": {"uv": [8.25, 1, 8.75, 1.5], "texture": "#2"},
				"south": {"uv": [8.25, 1, 8.5, 2], "rotation": 90, "texture": "#2"},
				"west": {"uv": [8.75, 1.5, 9.25, 2], "rotation": 180, "texture": "#2"},
				"up": {"uv": [8, 1, 8.25, 1.75], "rotation": 90, "texture": "#2"},
				"down": {"uv": [9.25, 0, 12, 2.75], "rotation": 90, "texture": "#1"}
			}
		},
		{
			"name": "hat_model",
			"from": [3.5, 15.5, 4.5],
			"to": [11.5, 17.5, 12.5],
			"rotation": {"angle": 0, "axis": "y", "origin": [7.5, 14.5, 8.5]},
			"faces": {
				"north": {"uv": [7.25, 7, 9, 7.25], "texture": "#2"},
				"east": {"uv": [7.25, 7, 9, 7.25], "texture": "#2"},
				"south": {"uv": [7.25, 7, 9, 7.25], "texture": "#2"},
				"west": {"uv": [7.25, 7, 9, 7.25], "texture": "#2"},
				"up": {"uv": [7.25, 7, 9, 8.75], "texture": "#2"},
				"down": {"uv": [7.25, 7, 9, 8.75], "texture": "#2"}
			}
		},
		{
			"name": "hat_model",
			"from": [12.5, 15.5, 5.5],
			"to": [15.5, 15.5, 11.5],
			"rotation": {"angle": 22.5, "axis": "z", "origin": [7.5, 14.5, 8.5]},
			"faces": {
				"north": {"uv": [7.75, 2.5, 9.5, 2.75], "texture": "#1"},
				"east": {"uv": [7.75, 2.5, 9.5, 2.75], "texture": "#1"},
				"south": {"uv": [7.75, 2.5, 9.5, 2.75], "texture": "#1"},
				"west": {"uv": [7.75, 2.5, 9.5, 2.75], "texture": "#1"},
				"up": {"uv": [13.75, 5, 15.5, 6.25], "rotation": 90, "texture": "#2"},
				"down": {"uv": [13.75, 5, 15.5, 6.25], "rotation": 90, "texture": "#2"}
			}
		},
		{
			"name": "hat_model",
			"from": [-0.5, 15.5, 5.5],
			"to": [2.5, 15.5, 11.5],
			"rotation": {"angle": -22.5, "axis": "z", "origin": [7.5, 14.5, 8.5]},
			"faces": {
				"north": {"uv": [7.75, 2.5, 9.5, 2.75], "texture": "#1"},
				"east": {"uv": [7.75, 2.5, 9.5, 2.75], "texture": "#1"},
				"south": {"uv": [7.75, 2.5, 9.5, 2.75], "texture": "#1"},
				"west": {"uv": [7.75, 2.5, 9.5, 2.75], "texture": "#1"},
				"up": {"uv": [13.75, 5, 15.5, 6.25], "rotation": 270, "texture": "#2"},
				"down": {"uv": [13.75, 5, 15.5, 6.25], "rotation": 270, "texture": "#2"}
			}
		},
		{
			"name": "hat_model",
			"from": [4.5, 15.5, 12.5],
			"to": [10.5, 15.5, 15.5],
			"rotation": {"angle": -22.5, "axis": "x", "origin": [7.5, 14.5, 8.5]},
			"faces": {
				"north": {"uv": [7.75, 2.5, 9.5, 2.75], "texture": "#1"},
				"east": {"uv": [7.75, 2.5, 9.5, 2.75], "texture": "#1"},
				"south": {"uv": [7.75, 2.5, 9.5, 2.75], "texture": "#1"},
				"west": {"uv": [7.75, 2.5, 9.5, 2.75], "texture": "#1"},
				"up": {"uv": [13.75, 5.25, 15.5, 6.25], "rotation": 180, "texture": "#2"},
				"down": {"uv": [13.75, 5.25, 15.5, 6.25], "texture": "#2"}
			}
		},
		{
			"name": "hat_model",
			"from": [4.5, 15.5, 0.5],
			"to": [10.5, 15.5, 3.5],
			"rotation": {"angle": 22.5, "axis": "x", "origin": [7.5, 14.5, 8.5]},
			"faces": {
				"north": {"uv": [7.75, 2.5, 9.5, 2.75], "texture": "#1"},
				"east": {"uv": [7.75, 2.5, 9.5, 2.75], "texture": "#1"},
				"south": {"uv": [7.75, 2.5, 9.5, 2.75], "texture": "#1"},
				"west": {"uv": [7.75, 2.5, 9.5, 2.75], "texture": "#1"},
				"up": {"uv": [13.75, 5.25, 15.5, 6.25], "texture": "#2"},
				"down": {"uv": [13.75, 5.25, 15.5, 6.25], "rotation": 180, "texture": "#2"}
			}
		},
		{
			"name": "hat_model",
			"from": [-2, 14, -1],
			"to": [17, 15, 18],
			"rotation": {"angle": 0, "axis": "y", "origin": [8, 8, 8]},
			"faces": {
				"north": {"uv": [0, 6.25, 6.5, 6.5], "texture": "#2"},
				"east": {"uv": [0, 6.25, 6.5, 6.5], "texture": "#2"},
				"south": {"uv": [0, 0, 6.5, 0.25], "texture": "#2"},
				"west": {"uv": [0, 0, 6.5, 0.25], "rotation": 180, "texture": "#2"},
				"up": {"uv": [0, 0, 6.5, 6.5], "texture": "#2"},
				"down": {"uv": [0, 7.25, 6.5, 13.75], "texture": "#2"}
			}
		},
		{
			"name": "hat_model",
			"from": [0, 15, 1],
			"to": [15, 16, 16],
			"rotation": {"angle": 0, "axis": "y", "origin": [8, 8, 8]},
			"faces": {
				"north": {"uv": [7, 5.5, 13.5, 6], "texture": "#2"},
				"east": {"uv": [7, 5.5, 13.5, 6], "texture": "#2"},
				"south": {"uv": [7, 5.5, 13.5, 6], "texture": "#2"},
				"west": {"uv": [7, 5.5, 13.5, 6], "texture": "#2"},
				"up": {"uv": [0.75, 0.75, 5.75, 5.75], "texture": "#2"},
				"down": {"uv": [0, 0, 6.5, 6.5], "texture": "#2"}
			}
		},
		{
			"name": "hat_model",
			"from": [18, 14, 0],
			"to": [19, 15, 5],
			"rotation": {"angle": 0, "axis": "y", "origin": [8, 8, 8]},
			"faces": {
				"north": {"uv": [8.25, 0.5, 8.75, 1], "texture": "#2"},
				"east": {"uv": [10.5, 1, 12, 1.25], "rotation": 180, "texture": "#2"},
				"south": {"uv": [8, 0.75, 8.5, 1.25], "texture": "#2"},
				"west": {"uv": [13.5, 1, 15, 1.25], "texture": "#2"},
				"up": {"uv": [8.25, 0.5, 8.5, 2], "rotation": 180, "texture": "#2"},
				"down": {"uv": [8.5, 0.5, 8.75, 2], "texture": "#2"}
			}
		},
		{
			"name": "hat_model",
			"from": [-4, 14, 0],
			"to": [-3, 15, 5],
			"rotation": {"angle": 0, "axis": "y", "origin": [8, 8, 8]},
			"faces": {
				"north": {"uv": [8.25, 0.5, 8.75, 1], "texture": "#2"},
				"east": {"uv": [10.5, 1, 12, 1.25], "rotation": 180, "texture": "#2"},
				"south": {"uv": [8, 0.75, 8.5, 1.25], "texture": "#2"},
				"west": {"uv": [13.5, 1, 15, 1.25], "texture": "#2"},
				"up": {"uv": [8.25, 0.5, 8.5, 2], "rotation": 180, "texture": "#2"},
				"down": {"uv": [8.5, 0.5, 8.75, 2], "texture": "#2"}
			}
		},
		{
			"name": "hat_model",
			"from": [18, 14, 12],
			"to": [19, 15, 17],
			"rotation": {"angle": 0, "axis": "y", "origin": [8, 8, 8]},
			"faces": {
				"north": {"uv": [8.25, 0.5, 8.75, 1], "texture": "#2"},
				"east": {"uv": [10.5, 1, 12, 1.25], "texture": "#2"},
				"south": {"uv": [8, 0.75, 8.5, 1.25], "texture": "#2"},
				"west": {"uv": [13.25, 1, 14.75, 1.25], "texture": "#2"},
				"up": {"uv": [8.25, 0.5, 8.5, 2], "texture": "#2"},
				"down": {"uv": [8.5, 0.5, 8.75, 2], "texture": "#2"}
			}
		},
		{
			"name": "hat_model",
			"from": [-4, 14, 12],
			"to": [-3, 15, 17],
			"rotation": {"angle": 0, "axis": "y", "origin": [8, 8, 8]},
			"faces": {
				"north": {"uv": [8.25, 0.5, 8.75, 1], "texture": "#2"},
				"east": {"uv": [10.5, 1, 12, 1.25], "texture": "#2"},
				"south": {"uv": [8, 0.75, 8.5, 1.25], "texture": "#2"},
				"west": {"uv": [13.25, 1, 14.75, 1.25], "texture": "#2"},
				"up": {"uv": [8.25, 0.5, 8.5, 2], "texture": "#2"},
				"down": {"uv": [8.5, 0.5, 8.75, 2], "texture": "#2"}
			}
		},
		{
			"name": "hat_model",
			"from": [17, 14, 5],
			"to": [18, 15, 8],
			"rotation": {"angle": 0, "axis": "y", "origin": [8, 8, 8]},
			"faces": {
				"north": {"uv": [8, 1, 8.5, 1.5], "texture": "#2"},
				"east": {"uv": [11.25, 1, 12, 1.25], "texture": "#2"},
				"south": {"uv": [8, 0.75, 8.5, 1.25], "texture": "#2"},
				"west": {"uv": [14, 1, 14.75, 1.25], "texture": "#2"},
				"up": {"uv": [8.25, 1, 8.5, 1.75], "texture": "#2"},
				"down": {"uv": [8.5, 1.25, 8.75, 2], "rotation": 180, "texture": "#2"}
			}
		},
		{
			"name": "hat_model",
			"from": [-3, 14, 5],
			"to": [-2, 15, 8],
			"rotation": {"angle": 0, "axis": "y", "origin": [8, 8, 8]},
			"faces": {
				"north": {"uv": [8, 1, 8.5, 1.5], "texture": "#2"},
				"east": {"uv": [11.25, 1, 12, 1.25], "texture": "#2"},
				"south": {"uv": [8, 0.75, 8.5, 1.25], "texture": "#2"},
				"west": {"uv": [14, 1, 14.75, 1.25], "texture": "#2"},
				"up": {"uv": [8.25, 1, 8.5, 1.75], "texture": "#2"},
				"down": {"uv": [8.5, 1.25, 8.75, 2], "rotation": 180, "texture": "#2"}
			}
		},
		{
			"name": "hat_model",
			"from": [17, 14, 9],
			"to": [18, 15, 12],
			"rotation": {"angle": 0, "axis": "y", "origin": [8, 8, 8]},
			"faces": {
				"north": {"uv": [8, 1, 8.5, 1.5], "texture": "#2"},
				"east": {"uv": [11.25, 1, 12, 1.25], "texture": "#2"},
				"south": {"uv": [8, 0.75, 8.5, 1.25], "texture": "#2"},
				"west": {"uv": [14, 1, 14.75, 1.25], "texture": "#2"},
				"up": {"uv": [8.25, 1, 8.5, 1.75], "rotation": 180, "texture": "#2"},
				"down": {"uv": [8.5, 0.5, 8.75, 1.25], "texture": "#2"}
			}
		},
		{
			"name": "hat_model",
			"from": [-3, 14, 9],
			"to": [-2, 15, 12],
			"rotation": {"angle": 0, "axis": "y", "origin": [8, 8, 8]},
			"faces": {
				"north": {"uv": [8, 1, 8.5, 1.5], "texture": "#2"},
				"east": {"uv": [11.25, 1, 12, 1.25], "texture": "#2"},
				"south": {"uv": [8, 0.75, 8.5, 1.25], "texture": "#2"},
				"west": {"uv": [14, 1, 14.75, 1.25], "texture": "#2"},
				"up": {"uv": [8.25, 1, 8.5, 1.75], "rotation": 180, "texture": "#2"},
				"down": {"uv": [8.5, 0.5, 8.75, 1.25], "texture": "#2"}
			}
		},
		{
			"name": "hat_model",
			"from": [4, 14, -2],
			"to": [11, 15, -1],
			"rotation": {"angle": 0, "axis": "y", "origin": [8.5, 14.5, 19.5]},
			"faces": {
				"north": {"uv": [8.25, 1, 10.25, 1.25], "texture": "#2"},
				"east": {"uv": [8.5, 1.25, 9, 1.75], "texture": "#2"},
				"south": {"uv": [13.75, 1, 16, 1.25], "texture": "#2"},
				"west": {"uv": [8.25, 1, 8.75, 1.5], "texture": "#2"},
				"up": {"uv": [7.75, 0.5, 8, 2], "rotation": 90, "texture": "#2"},
				"down": {"uv": [8, 0.5, 8.25, 2], "rotation": 270, "texture": "#2"}
			}
		},
		{
			"name": "hat_model",
			"from": [4, 14, 18],
			"to": [11, 15, 19],
			"rotation": {"angle": 0, "axis": "y", "origin": [8.5, 14.5, 19.5]},
			"faces": {
				"north": {"uv": [8.25, 1, 10.25, 1.25], "texture": "#2"},
				"east": {"uv": [8.5, 1.25, 9, 1.75], "texture": "#2"},
				"south": {"uv": [13.75, 1, 16, 1.25], "texture": "#2"},
				"west": {"uv": [8.25, 1, 8.75, 1.5], "texture": "#2"},
				"up": {"uv": [7.75, 0.5, 8, 2], "rotation": 90, "texture": "#2"},
				"down": {"uv": [8, 0.5, 8.25, 2], "rotation": 270, "texture": "#2"}
			}
		},
		{
			"name": "hat_model",
			"from": [-1, 14, -3],
			"to": [5, 15, -2],
			"rotation": {"angle": 0, "axis": "y", "origin": [8.5, 14.5, 19.5]},
			"faces": {
				"north": {"uv": [12.5, 1, 14, 1.25], "texture": "#2"},
				"east": {"uv": [8.5, 1.25, 9, 1.75], "texture": "#2"},
				"south": {"uv": [14.25, 1, 16, 1.25], "texture": "#2"},
				"west": {"uv": [8.25, 1, 8.75, 1.5], "texture": "#2"},
				"up": {"uv": [7.75, 0.5, 8, 2], "rotation": 90, "texture": "#2"},
				"down": {"uv": [8, 0.5, 8.25, 2], "rotation": 270, "texture": "#2"}
			}
		},
		{
			"name": "hat_model",
			"from": [-1, 14, 19],
			"to": [5, 15, 20],
			"rotation": {"angle": 0, "axis": "y", "origin": [8.5, 14.5, 19.5]},
			"faces": {
				"north": {"uv": [12.5, 1, 14, 1.25], "texture": "#2"},
				"east": {"uv": [8.5, 1.25, 9, 1.75], "texture": "#2"},
				"south": {"uv": [14.25, 1, 16, 1.25], "texture": "#2"},
				"west": {"uv": [8.25, 1, 8.75, 1.5], "texture": "#2"},
				"up": {"uv": [7.75, 0.5, 8, 2], "rotation": 90, "texture": "#2"},
				"down": {"uv": [8, 0.5, 8.25, 2], "rotation": 270, "texture": "#2"}
			}
		},
		{
			"name": "hat_model",
			"from": [10, 14, -3],
			"to": [16, 15, -2],
			"rotation": {"angle": 0, "axis": "y", "origin": [8.5, 14.5, 19.5]},
			"faces": {
				"north": {"uv": [12.5, 1, 14, 1.25], "texture": "#2"},
				"east": {"uv": [8.5, 1.25, 9, 1.75], "texture": "#2"},
				"south": {"uv": [14.25, 1, 16, 1.25], "texture": "#2"},
				"west": {"uv": [8.25, 1, 8.75, 1.5], "texture": "#2"},
				"up": {"uv": [7.75, 0.5, 8, 2], "rotation": 90, "texture": "#2"},
				"down": {"uv": [8, 0.5, 8.25, 2], "rotation": 270, "texture": "#2"}
			}
		},
		{
			"name": "hat_model",
			"from": [10, 14, 19],
			"to": [16, 15, 20],
			"rotation": {"angle": 0, "axis": "y", "origin": [8.5, 14.5, 19.5]},
			"faces": {
				"north": {"uv": [12.5, 1, 14, 1.25], "texture": "#2"},
				"east": {"uv": [8.5, 1.25, 9, 1.75], "texture": "#2"},
				"south": {"uv": [14.25, 1, 16, 1.25], "texture": "#2"},
				"west": {"uv": [8.25, 1, 8.75, 1.5], "texture": "#2"},
				"up": {"uv": [7.75, 0.5, 8, 2], "rotation": 90, "texture": "#2"},
				"down": {"uv": [8, 0.5, 8.25, 2], "rotation": 270, "texture": "#2"}
			}
		}
	],
	"gui_light": "front",
	"display": {
		"thirdperson_righthand": {
			"rotation": [77, 2, 2],
			"translation": [0, 1.5, 0],
			"scale": [0.3, 0.3, 0.3]
		},
		"thirdperson_lefthand": {
			"rotation": [77, 2, 2],
			"translation": [0, 1.5, 0],
			"scale": [0.3, 0.3, 0.3]
		},
		"firstperson_righthand": {
			"rotation": [20, 0, 0],
			"translation": [1.13, 3.2, 1.13],
			"scale": [0.51, 0.51, 0.51]
		},
		"firstperson_lefthand": {
			"rotation": [16, 0, 0],
			"translation": [1.13, 3.2, 1.13],
			"scale": [0.51, 0.51, 0.51]
		},
		"ground": {
			"rotation": [-180, 0, 0],
			"scale": [0.45, 0.45, 0.45]
		},
		"gui": {
			"rotation": [23, 128, 0],
			"scale": [0.8, 0.8, 0.8]
		},
		"head": {
			"rotation": [-1, 0, 0],
			"translation": [0.75, -3.5, -2.25],
			"scale": [1.6, 1.6, 1.6]
		},
		"fixed": {
			"rotation": [4, 0, 0]
		}
	},
	"groups": [
		{
			"name": "hat_model",
			"origin": [0, 0, 0],
			"color": 0,
			"children": [
				0,
				1,
				2,
				3,
				4,
				5,
				6,
				7,
				8,
				9,
				10,
				11,
				12,
				13,
				14,
				15,
				16,
				17,
				18,
				19,
				20,
				21,
				22,
				23,
				24,
				25,
				26,
				27,
				28,
				29,
				30,
				31,
				32,
				33,
				34,
				35,
				36,
				37,
				38,
				39,
				40,
				41,
				42,
				43,
				44,
				45,
				46,
				47,
				48,
				49,
				50,
				51,
				52,
				53,
				54,
				55,
				56,
				57,
				58,
				59,
				60,
				61,
				62,
				63,
				64,
				65,
				66,
				67,
				68,
				69,
				70,
				71,
				72,
				73,
				74,
				75,
				76,
				77,
				78,
				79,
				80,
				81,
				82,
				83,
				84,
				85,
				86,
				87,
				88
			]
		}
	]
}