{
	"credit": "Made with Blockbench",
	"textures": {
		"1": "block/Hananacraft archive/stripped_oak_log_a",
		"4": "block/rope",
		"5": "block/hangingbasketbase",
		"8": "block/bread1",
		"9": "block/bread1_layer",
		"10": "block/bread3",
		"11": "block/bread3_layer",
		"12": "block/Hananacraft archive/white_wool_teatowel"
	},
	"elements": [
		{
			"from": [2, 3, 2],
			"to": [14, 5, 14],
			"rotation": {"angle": 0, "axis": "y", "origin": [0, 4, 0]},
			"faces": {
				"north": {"uv": [2, 12, 14, 14], "texture": "#5"},
				"east": {"uv": [2, 12, 14, 14], "texture": "#5"},
				"south": {"uv": [2, 12, 14, 14], "texture": "#5"},
				"west": {"uv": [2, 12, 14, 14], "texture": "#5"},
				"up": {"uv": [2, 1, 14, 13], "texture": "#5"},
				"down": {"uv": [2, 2, 14, 14], "texture": "#5"}
			}
		},
		{
			"from": [3, 5, 1],
			"to": [13, 9, 3],
			"rotation": {"angle": 0, "axis": "y", "origin": [0, 4, 0]},
			"faces": {
				"north": {"uv": [2, 15, 12, 11], "texture": "#5"},
				"east": {"uv": [0, 0, 2, 4], "texture": "#5"},
				"south": {"uv": [3, 1, 13, 5], "texture": "#5"},
				"west": {"uv": [0, 0, 2, 4], "texture": "#5"},
				"up": {"uv": [3, 0, 13, 2], "texture": "#1"},
				"down": {"uv": [3, 4, 13, 6], "texture": "#5"}
			}
		},
		{
			"from": [3, 5, 13],
			"to": [13, 9, 15],
			"rotation": {"angle": 0, "axis": "y", "origin": [0, 4, 0]},
			"faces": {
				"north": {"uv": [3, 1, 13, 5], "texture": "#5"},
				"east": {"uv": [0, 0, 2, 4], "texture": "#5"},
				"south": {"uv": [2, 15, 12, 11], "texture": "#5"},
				"west": {"uv": [0, 0, 2, 4], "texture": "#5"},
				"up": {"uv": [2, 0, 12, 2], "texture": "#1"},
				"down": {"uv": [2, 11, 12, 13], "texture": "#5"}
			}
		},
		{
			"from": [1, 5, 1],
			"to": [3, 9, 15],
			"rotation": {"angle": 0, "axis": "y", "origin": [0, 4, 0]},
			"faces": {
				"north": {"uv": [8, 15, 10, 11], "texture": "#5"},
				"east": {"uv": [1, 1, 15, 5], "texture": "#5"},
				"south": {"uv": [8, 15, 10, 11], "texture": "#5"},
				"west": {"uv": [1, 15, 15, 11], "texture": "#5"},
				"up": {"uv": [1, 1, 3, 15], "texture": "#1"},
				"down": {"uv": [4, 1, 6, 15], "texture": "#5"}
			}
		},
		{
			"from": [13, 5, 1],
			"to": [15, 9, 15],
			"rotation": {"angle": 0, "axis": "y", "origin": [0, 4, 0]},
			"faces": {
				"north": {"uv": [8, 15, 10, 11], "texture": "#5"},
				"east": {"uv": [1, 15, 15, 11], "texture": "#5"},
				"south": {"uv": [8, 15, 10, 11], "texture": "#5"},
				"west": {"uv": [1, 1, 15, 5], "texture": "#5"},
				"up": {"uv": [13, 0, 15, 14], "texture": "#1"},
				"down": {"uv": [12, 1, 14, 15], "texture": "#5"}
			}
		},
		{
			"from": [8.75, 1.14975, 6.37525],
			"to": [12.75, 16.14975, 9.37525],
			"rotation": {"angle": -22.5, "axis": "x", "origin": [8, 9.94975, 3.11275]},
			"faces": {
				"north": {"uv": [8.06, 0.06, 11.94, 14.94], "rotation": 180, "texture": "#10"},
				"east": {"uv": [5.06, 0.06, 7.94, 14.94], "rotation": 180, "texture": "#10"},
				"south": {"uv": [12.06, 0.06, 15.94, 14.94], "rotation": 180, "texture": "#10"},
				"west": {"uv": [7.94, 0.06, 5.06, 14.94], "rotation": 180, "texture": "#10"},
				"up": {"uv": [1.06, 12.06, 4.94, 14.94], "texture": "#10"},
				"down": {"uv": [1.06, 14.94, 4.94, 12.06], "texture": "#10"}
			}
		},
		{
			"from": [8.45, 1.14975, 6.37525],
			"to": [8.45, 16.14975, 9.37525],
			"rotation": {"angle": -22.5, "axis": "x", "origin": [8, 9.94975, 3.11275]},
			"faces": {
				"north": {"uv": [0, 0, 0, 0], "rotation": 180, "texture": "#11"},
				"east": {"uv": [0, 0, 0, 0], "rotation": 270, "texture": "#11"},
				"south": {"uv": [0, 0, 0, 0], "texture": "#11"},
				"west": {"uv": [7.94, 0.06, 5.06, 14.94], "rotation": 180, "texture": "#11"},
				"up": {"uv": [0, 0, 0, 0], "rotation": 180, "texture": "#11"}
			}
		},
		{
			"from": [13.05, 1.14975, 6.37525],
			"to": [13.05, 16.14975, 9.37525],
			"rotation": {"angle": -22.5, "axis": "x", "origin": [8, 9.94975, 3.11275]},
			"faces": {
				"north": {"uv": [0, 0, 0, 0], "rotation": 180, "texture": "#11"},
				"east": {"uv": [5.06, 0.06, 7.94, 14.94], "rotation": 180, "texture": "#11"},
				"south": {"uv": [0, 0, 0, 0], "texture": "#11"},
				"west": {"uv": [0, 0, 0, 0], "rotation": 90, "texture": "#11"},
				"up": {"uv": [0, 0, 0, 0], "rotation": 180, "texture": "#11"}
			}
		},
		{
			"from": [8.75, 1.14975, 9.62525],
			"to": [12.75, 16.14975, 9.62525],
			"rotation": {"angle": -22.5, "axis": "x", "origin": [8, 9.94975, 3.11275]},
			"faces": {
				"south": {"uv": [12.06, 0.06, 15.94, 14.94], "rotation": 180, "texture": "#11"}
			}
		},
		{
			"from": [5.75, 2.94975, 2.87525],
			"to": [9.75, 17.94975, 5.87525],
			"rotation": {"angle": -22.5, "axis": "x", "origin": [8, 9.94975, 3.11275]},
			"faces": {
				"north": {"uv": [8.06, 0.06, 11.94, 14.94], "rotation": 180, "texture": "#10"},
				"east": {"uv": [5.06, 0.06, 7.94, 14.94], "rotation": 180, "texture": "#10"},
				"south": {"uv": [12.06, 0.06, 15.94, 14.94], "rotation": 180, "texture": "#10"},
				"west": {"uv": [7.94, 0.06, 5.06, 14.94], "rotation": 180, "texture": "#10"},
				"up": {"uv": [1.06, 12.06, 4.94, 14.94], "texture": "#10"},
				"down": {"uv": [1.06, 14.94, 4.94, 12.06], "texture": "#10"}
			}
		},
		{
			"from": [5.45, 2.94975, 2.87525],
			"to": [5.45, 17.94975, 5.87525],
			"rotation": {"angle": -22.5, "axis": "x", "origin": [8, 9.94975, 3.11275]},
			"faces": {
				"north": {"uv": [0, 0, 0, 0], "rotation": 180, "texture": "#11"},
				"east": {"uv": [0, 0, 0, 0], "rotation": 270, "texture": "#11"},
				"south": {"uv": [0, 0, 0, 0], "texture": "#11"},
				"west": {"uv": [7.94, 0.06, 5.06, 14.94], "rotation": 180, "texture": "#11"},
				"up": {"uv": [0, 0, 0, 0], "rotation": 180, "texture": "#11"}
			}
		},
		{
			"from": [10.05, 2.94975, 2.87525],
			"to": [10.05, 17.94975, 5.87525],
			"rotation": {"angle": -22.5, "axis": "x", "origin": [8, 9.94975, 3.11275]},
			"faces": {
				"north": {"uv": [0, 0, 0, 0], "rotation": 180, "texture": "#11"},
				"east": {"uv": [5.06, 0.06, 7.94, 14.94], "rotation": 180, "texture": "#11"},
				"south": {"uv": [0, 0, 0, 0], "texture": "#11"},
				"west": {"uv": [0, 0, 0, 0], "rotation": 90, "texture": "#11"},
				"up": {"uv": [0, 0, 0, 0], "rotation": 180, "texture": "#11"}
			}
		},
		{
			"from": [5.75, 2.94975, 6.12525],
			"to": [9.75, 17.94975, 6.12525],
			"rotation": {"angle": -22.5, "axis": "x", "origin": [8, 9.94975, 3.11275]},
			"faces": {
				"north": {"uv": [0, 0, 0, 0], "rotation": 180, "texture": "#11"},
				"east": {"uv": [0, 0, 0, 0], "rotation": 270, "texture": "#11"},
				"south": {"uv": [12.06, 0.06, 15.94, 14.94], "rotation": 180, "texture": "#11"},
				"west": {"uv": [0, 0, 0, 0], "rotation": 90, "texture": "#11"},
				"up": {"uv": [0, 0, 0, 0], "rotation": 180, "texture": "#11"}
			}
		},
		{
			"from": [2.81324, 5.88608, 5.35666],
			"to": [6.26492, 12.78944, 13.12294],
			"rotation": {"angle": 22.5, "axis": "z", "origin": [6.23206, 10.08776, 9.2398]},
			"faces": {
				"north": {"uv": [0.06, 8.06, 7.94, 11.94], "rotation": 270, "texture": "#8"},
				"east": {"uv": [0.06, 0.06, 8.94, 7.94], "texture": "#8"},
				"south": {"uv": [0.06, 8.06, 7.94, 11.94], "rotation": 90, "texture": "#8"},
				"west": {"uv": [4.06, 9.06, 8.94, 11.94], "rotation": 180, "texture": "#8"},
				"up": {"uv": [0.06, 8.06, 8.94, 11.94], "rotation": 90, "texture": "#8"},
				"down": {"uv": [0.06, 8.06, 8.94, 11.94], "rotation": 90, "texture": "#8"}
			}
		},
		{
			"from": [6.26492, 6.749, 6.21958],
			"to": [7.12784, 11.92652, 12.26002],
			"rotation": {"angle": 22.5, "axis": "z", "origin": [6.23206, 10.08776, 9.2398]},
			"faces": {
				"north": {"uv": [0.06, 7.06, 5.94, 7.94], "rotation": 270, "texture": "#8"},
				"east": {"uv": [1.06, 1.06, 7.94, 6.94], "texture": "#8"},
				"south": {"uv": [1.06, 0.06, 6.94, 0.94], "rotation": 90, "texture": "#8"},
				"west": {"uv": [0.06, 0.06, 0.06, 0.06], "rotation": 180, "texture": "#8"},
				"up": {"uv": [2.06, 7.06, 8.94, 7.94], "rotation": 90, "texture": "#8"},
				"down": {"uv": [0.06, 8.06, 6.94, 8.94], "rotation": 90, "texture": "#8"}
			}
		},
		{
			"from": [7.32784, 6.749, 6.21958],
			"to": [7.32784, 11.92652, 12.26002],
			"rotation": {"angle": 22.5, "axis": "z", "origin": [6.23206, 10.08776, 9.2398]},
			"faces": {
				"north": {"uv": [0, 0, 0, 0], "rotation": 270, "texture": "#missing"},
				"east": {"uv": [1.06, 1.06, 7.94, 6.94], "texture": "#9"},
				"south": {"uv": [0, 0, 0, 0], "rotation": 90, "texture": "#missing"},
				"up": {"uv": [0, 0, 0, 0], "rotation": 90, "texture": "#missing"},
				"down": {"uv": [0, 0, 0, 0], "rotation": 90, "texture": "#missing"}
			}
		},
		{
			"from": [6.36492, 5.88608, 5.35666],
			"to": [6.36492, 12.78944, 13.12294],
			"rotation": {"angle": 22.5, "axis": "z", "origin": [6.23206, 10.08776, 9.2398]},
			"faces": {
				"east": {"uv": [0.06, 0.06, 8.94, 7.94], "texture": "#9"}
			}
		},
		{
			"from": [12.82534, 9.23059, 2.97874],
			"to": [15.22534, 9.23059, 12.97874],
			"rotation": {"angle": 0, "axis": "y", "origin": [14.07534, 9.23059, 7.97874]},
			"faces": {
				"north": {"uv": [0, 0, 2.4, 0], "texture": "#12"},
				"east": {"uv": [0, 0, 10, 0], "texture": "#12"},
				"south": {"uv": [0, 0, 2.4, 0], "texture": "#12"},
				"west": {"uv": [0, 0, 10, 0], "texture": "#12"},
				"up": {"uv": [5, 2.4, 15, 0], "rotation": 90, "texture": "#12"},
				"down": {"uv": [0, 0, 10, 2.4], "rotation": 270, "texture": "#12"}
			}
		},
		{
			"from": [15.68364, 5.92255, 2.97874],
			"to": [15.68364, 9.32255, 12.97874],
			"rotation": {"angle": 22.5, "axis": "z", "origin": [15.68364, 8.12255, 7.97874]},
			"faces": {
				"north": {"uv": [0, 0, 3.4, 0], "rotation": 270, "texture": "#12"},
				"east": {"uv": [5, 12, 15, 15.4], "rotation": 180, "texture": "#12"},
				"south": {"uv": [0, 0, 3.4, 0], "rotation": 90, "texture": "#12"},
				"west": {"uv": [5, 12, 15, 15.4], "rotation": 180, "texture": "#12"},
				"up": {"uv": [0, 0, 10, 0], "rotation": 90, "texture": "#12"},
				"down": {"uv": [0, 0, 10, 0], "rotation": 90, "texture": "#12"}
			}
		},
		{
			"from": [12.82434, 4.98159, 2.97874],
			"to": [12.82434, 9.23159, 12.97874],
			"rotation": {"angle": 0, "axis": "y", "origin": [13.07434, 7.10659, 7.97874]},
			"faces": {
				"north": {"uv": [0, 0, 4.25, 0], "rotation": 90, "texture": "#12"},
				"east": {"uv": [0, 0, 10, 4.25], "rotation": 180, "texture": "#12"},
				"south": {"uv": [0, 0, 4.25, 0], "rotation": 270, "texture": "#12"},
				"west": {"uv": [5, 5, 15, 9.25], "texture": "#12"},
				"up": {"uv": [0, 0, 10, 0], "rotation": 270, "texture": "#12"},
				"down": {"uv": [0, 0, 10, 0], "rotation": 270, "texture": "#12"}
			}
		},
		{
			"from": [8.57434, 5.23059, 2.97874],
			"to": [12.82434, 5.23059, 12.97874],
			"rotation": {"angle": 0, "axis": "y", "origin": [14.69934, 4.98059, 7.97874]},
			"faces": {
				"north": {"uv": [0, 0, 4.25, 0], "texture": "#12"},
				"east": {"uv": [0, 0, 10, 0], "texture": "#12"},
				"south": {"uv": [0, 0, 4.25, 0], "texture": "#12"},
				"west": {"uv": [0, 0, 10, 0], "texture": "#12"},
				"up": {"uv": [5, 8.25, 15, 4], "rotation": 90, "texture": "#12"},
				"down": {"uv": [0, 0, 10, 4.25], "rotation": 270, "texture": "#12"}
			}
		},
		{
			"from": [-0.1, 2, 8],
			"to": [16.9, 3, 8],
			"rotation": {"angle": 45, "axis": "y", "origin": [8, 3, 8]},
			"faces": {
				"north": {"uv": [0.032, 13.032, 15.968, 13.968], "texture": "#4"},
				"east": {"uv": [0.032, 0.032, 0.032, 9.968], "texture": "#4"},
				"south": {"uv": [2.968, 0.032, 0.032, 1.968], "texture": "#4"},
				"west": {"uv": [0.032, 0.032, 0.032, 9.968], "texture": "#4"},
				"up": {"uv": [2.968, 0.032, 0.032, 0.032], "rotation": 180, "texture": "#4"},
				"down": {"uv": [2.968, 0.032, 0.032, 0.032], "rotation": 180, "texture": "#4"}
			}
		},
		{
			"from": [-0.1, 12, 8],
			"to": [2.9, 15, 8],
			"rotation": {"angle": 45, "axis": "y", "origin": [8, 3, 8]},
			"faces": {
				"north": {"uv": [6.968, 0.032, 4.032, 2.968], "texture": "#4"},
				"east": {"uv": [6.968, 0.032, 4.032, 2.968], "texture": "#4"},
				"south": {"uv": [6.968, 0.032, 4.032, 2.968], "texture": "#4"},
				"west": {"uv": [6.968, 0.032, 4.032, 2.968], "texture": "#4"},
				"up": {"uv": [6.968, 0.032, 4.032, 2.968], "rotation": 180, "texture": "#4"},
				"down": {"uv": [6.968, 0.032, 4.032, 2.968], "rotation": 180, "texture": "#4"}
			}
		},
		{
			"from": [-1.1, 9, 8],
			"to": [1.9, 12, 8],
			"rotation": {"angle": 45, "axis": "y", "origin": [8, 3, 8]},
			"faces": {
				"north": {"uv": [6.968, 0.032, 4.032, 2.968], "texture": "#4"},
				"east": {"uv": [6.968, 0.032, 4.032, 2.968], "texture": "#4"},
				"south": {"uv": [6.968, 0.032, 4.032, 2.968], "texture": "#4"},
				"west": {"uv": [6.968, 0.032, 4.032, 2.968], "texture": "#4"},
				"up": {"uv": [6.968, 0.032, 4.032, 2.968], "rotation": 180, "texture": "#4"},
				"down": {"uv": [6.968, 0.032, 4.032, 2.968], "rotation": 180, "texture": "#4"}
			}
		},
		{
			"from": [0.9, 15, 8],
			"to": [3.9, 18, 8],
			"rotation": {"angle": 45, "axis": "y", "origin": [8, 3, 8]},
			"faces": {
				"north": {"uv": [6.968, 0.032, 4.032, 2.968], "texture": "#4"},
				"east": {"uv": [6.968, 0.032, 4.032, 2.968], "texture": "#4"},
				"south": {"uv": [6.968, 0.032, 4.032, 2.968], "texture": "#4"},
				"west": {"uv": [6.968, 0.032, 4.032, 2.968], "texture": "#4"},
				"up": {"uv": [6.968, 0.032, 4.032, 2.968], "rotation": 180, "texture": "#4"},
				"down": {"uv": [6.968, 0.032, 4.032, 2.968], "rotation": 180, "texture": "#4"}
			}
		},
		{
			"from": [1.9, 18, 8],
			"to": [4.9, 21, 8],
			"rotation": {"angle": 45, "axis": "y", "origin": [8, 3, 8]},
			"faces": {
				"north": {"uv": [6.968, 0.032, 4.032, 2.968], "texture": "#4"},
				"east": {"uv": [6.968, 0.032, 4.032, 2.968], "texture": "#4"},
				"south": {"uv": [6.968, 0.032, 4.032, 2.968], "texture": "#4"},
				"west": {"uv": [6.968, 0.032, 4.032, 2.968], "texture": "#4"},
				"up": {"uv": [6.968, 0.032, 4.032, 2.968], "rotation": 180, "texture": "#4"},
				"down": {"uv": [6.968, 0.032, 4.032, 2.968], "rotation": 180, "texture": "#4"}
			}
		},
		{
			"from": [2.9, 21, 8],
			"to": [5.9, 24, 8],
			"rotation": {"angle": 45, "axis": "y", "origin": [8, 3, 8]},
			"faces": {
				"north": {"uv": [6.968, 0.032, 4.032, 2.968], "texture": "#4"},
				"east": {"uv": [6.968, 0.032, 4.032, 2.968], "texture": "#4"},
				"south": {"uv": [6.968, 0.032, 4.032, 2.968], "texture": "#4"},
				"west": {"uv": [6.968, 0.032, 4.032, 2.968], "texture": "#4"},
				"up": {"uv": [6.968, 0.032, 4.032, 2.968], "rotation": 180, "texture": "#4"},
				"down": {"uv": [6.968, 0.032, 4.032, 2.968], "rotation": 180, "texture": "#4"}
			}
		},
		{
			"from": [3.9, 24, 8],
			"to": [6.9, 27, 8],
			"rotation": {"angle": 45, "axis": "y", "origin": [8, 3, 8]},
			"faces": {
				"north": {"uv": [6.968, 0.032, 4.032, 2.968], "texture": "#4"},
				"east": {"uv": [6.968, 0.032, 4.032, 2.968], "texture": "#4"},
				"south": {"uv": [6.968, 0.032, 4.032, 2.968], "texture": "#4"},
				"west": {"uv": [6.968, 0.032, 4.032, 2.968], "texture": "#4"},
				"up": {"uv": [6.968, 0.032, 4.032, 2.968], "rotation": 180, "texture": "#4"},
				"down": {"uv": [6.968, 0.032, 4.032, 2.968], "rotation": 180, "texture": "#4"}
			}
		},
		{
			"from": [13.1, 12, 8],
			"to": [16.1, 15, 8],
			"rotation": {"angle": 45, "axis": "y", "origin": [8, 3, 8]},
			"faces": {
				"north": {"uv": [6.968, 0.032, 4.032, 2.968], "texture": "#4"},
				"east": {"uv": [6.968, 0.032, 4.032, 2.968], "texture": "#4"},
				"south": {"uv": [6.968, 0.032, 4.032, 2.968], "texture": "#4"},
				"west": {"uv": [6.968, 0.032, 4.032, 2.968], "texture": "#4"},
				"up": {"uv": [6.968, 0.032, 4.032, 2.968], "texture": "#4"},
				"down": {"uv": [6.968, 0.032, 4.032, 2.968], "texture": "#4"}
			}
		},
		{
			"from": [14.1, 9, 8],
			"to": [17.1, 12, 8],
			"rotation": {"angle": 45, "axis": "y", "origin": [8, 3, 8]},
			"faces": {
				"north": {"uv": [6.968, 0.032, 4.032, 2.968], "texture": "#4"},
				"east": {"uv": [6.968, 0.032, 4.032, 2.968], "texture": "#4"},
				"south": {"uv": [6.968, 0.032, 4.032, 2.968], "texture": "#4"},
				"west": {"uv": [6.968, 0.032, 4.032, 2.968], "texture": "#4"},
				"up": {"uv": [6.968, 0.032, 4.032, 2.968], "texture": "#4"},
				"down": {"uv": [6.968, 0.032, 4.032, 2.968], "texture": "#4"}
			}
		},
		{
			"from": [12.1, 15, 8],
			"to": [15.1, 18, 8],
			"rotation": {"angle": 45, "axis": "y", "origin": [8, 3, 8]},
			"faces": {
				"north": {"uv": [6.968, 0.032, 4.032, 2.968], "texture": "#4"},
				"east": {"uv": [6.968, 0.032, 4.032, 2.968], "texture": "#4"},
				"south": {"uv": [6.968, 0.032, 4.032, 2.968], "texture": "#4"},
				"west": {"uv": [6.968, 0.032, 4.032, 2.968], "texture": "#4"},
				"up": {"uv": [6.968, 0.032, 4.032, 2.968], "texture": "#4"},
				"down": {"uv": [6.968, 0.032, 4.032, 2.968], "texture": "#4"}
			}
		},
		{
			"from": [11.1, 18, 8],
			"to": [14.1, 21, 8],
			"rotation": {"angle": 45, "axis": "y", "origin": [8, 3, 8]},
			"faces": {
				"north": {"uv": [6.968, 0.032, 4.032, 2.968], "texture": "#4"},
				"east": {"uv": [6.968, 0.032, 4.032, 2.968], "texture": "#4"},
				"south": {"uv": [6.968, 0.032, 4.032, 2.968], "texture": "#4"},
				"west": {"uv": [6.968, 0.032, 4.032, 2.968], "texture": "#4"},
				"up": {"uv": [6.968, 0.032, 4.032, 2.968], "texture": "#4"},
				"down": {"uv": [6.968, 0.032, 4.032, 2.968], "texture": "#4"}
			}
		},
		{
			"from": [10.1, 21, 8],
			"to": [13.1, 24, 8],
			"rotation": {"angle": 45, "axis": "y", "origin": [8, 3, 8]},
			"faces": {
				"north": {"uv": [6.968, 0.032, 4.032, 2.968], "texture": "#4"},
				"east": {"uv": [6.968, 0.032, 4.032, 2.968], "texture": "#4"},
				"south": {"uv": [6.968, 0.032, 4.032, 2.968], "texture": "#4"},
				"west": {"uv": [6.968, 0.032, 4.032, 2.968], "texture": "#4"},
				"up": {"uv": [6.968, 0.032, 4.032, 2.968], "texture": "#4"},
				"down": {"uv": [6.968, 0.032, 4.032, 2.968], "texture": "#4"}
			}
		},
		{
			"from": [9.1, 24, 8],
			"to": [12.1, 27, 8],
			"rotation": {"angle": 45, "axis": "y", "origin": [8, 3, 8]},
			"faces": {
				"north": {"uv": [6.968, 0.032, 4.032, 2.968], "texture": "#4"},
				"east": {"uv": [6.968, 0.032, 4.032, 2.968], "texture": "#4"},
				"south": {"uv": [6.968, 0.032, 4.032, 2.968], "texture": "#4"},
				"west": {"uv": [6.968, 0.032, 4.032, 2.968], "texture": "#4"},
				"up": {"uv": [6.968, 0.032, 4.032, 2.968], "texture": "#4"},
				"down": {"uv": [6.968, 0.032, 4.032, 2.968], "texture": "#4"}
			}
		},
		{
			"from": [8, 27, 6.5],
			"to": [8, 30, 9.5],
			"rotation": {"angle": 0, "axis": "y", "origin": [8, 3, 8]},
			"faces": {
				"north": {"uv": [6.968, 0.032, 4.032, 2.968], "texture": "#4"},
				"east": {"uv": [15.968, 0.032, 13.032, 2.968], "texture": "#4"},
				"south": {"uv": [6.968, 0.032, 4.032, 2.968], "texture": "#4"},
				"west": {"uv": [15.968, 0.032, 13.032, 2.968], "texture": "#4"},
				"up": {"uv": [6.968, 0.032, 4.032, 2.968], "rotation": 270, "texture": "#4"},
				"down": {"uv": [6.968, 0.032, 4.032, 2.968], "rotation": 90, "texture": "#4"}
			}
		},
		{
			"from": [8, 2, -0.9],
			"to": [8, 3, 16.1],
			"rotation": {"angle": 45, "axis": "y", "origin": [8, 3, 8]},
			"faces": {
				"north": {"uv": [0.032, 0.032, 0.032, 9.968], "texture": "#4"},
				"east": {"uv": [2.968, 0.032, 0.032, 1.968], "texture": "#4"},
				"south": {"uv": [0.032, 0.032, 0.032, 9.968], "texture": "#4"},
				"west": {"uv": [0.032, 13.032, 15.968, 13.968], "texture": "#4"},
				"up": {"uv": [2.968, 0.032, 0.032, 0.032], "rotation": 90, "texture": "#4"},
				"down": {"uv": [2.968, 0.032, 0.032, 0.032], "rotation": 270, "texture": "#4"}
			}
		},
		{
			"from": [8, 12, 13.1],
			"to": [8, 15, 16.1],
			"rotation": {"angle": 45, "axis": "y", "origin": [8, 3, 8]},
			"faces": {
				"north": {"uv": [6.968, 0.032, 4.032, 2.968], "texture": "#4"},
				"east": {"uv": [6.968, 0.032, 4.032, 2.968], "texture": "#4"},
				"south": {"uv": [6.968, 0.032, 4.032, 2.968], "texture": "#4"},
				"west": {"uv": [6.968, 0.032, 4.032, 2.968], "texture": "#4"},
				"up": {"uv": [6.968, 0.032, 4.032, 2.968], "rotation": 90, "texture": "#4"},
				"down": {"uv": [6.968, 0.032, 4.032, 2.968], "rotation": 270, "texture": "#4"}
			}
		},
		{
			"from": [8, 9, 14.1],
			"to": [8, 12, 17.1],
			"rotation": {"angle": 45, "axis": "y", "origin": [8, 3, 8]},
			"faces": {
				"north": {"uv": [6.968, 0.032, 4.032, 2.968], "texture": "#4"},
				"east": {"uv": [6.968, 0.032, 4.032, 2.968], "texture": "#4"},
				"south": {"uv": [6.968, 0.032, 4.032, 2.968], "texture": "#4"},
				"west": {"uv": [6.968, 0.032, 4.032, 2.968], "texture": "#4"},
				"up": {"uv": [6.968, 0.032, 4.032, 2.968], "rotation": 90, "texture": "#4"},
				"down": {"uv": [6.968, 0.032, 4.032, 2.968], "rotation": 270, "texture": "#4"}
			}
		},
		{
			"from": [8, 15, 12.1],
			"to": [8, 18, 15.1],
			"rotation": {"angle": 45, "axis": "y", "origin": [8, 3, 8]},
			"faces": {
				"north": {"uv": [6.968, 0.032, 4.032, 2.968], "texture": "#4"},
				"east": {"uv": [6.968, 0.032, 4.032, 2.968], "texture": "#4"},
				"south": {"uv": [6.968, 0.032, 4.032, 2.968], "texture": "#4"},
				"west": {"uv": [6.968, 0.032, 4.032, 2.968], "texture": "#4"},
				"up": {"uv": [6.968, 0.032, 4.032, 2.968], "rotation": 90, "texture": "#4"},
				"down": {"uv": [6.968, 0.032, 4.032, 2.968], "rotation": 270, "texture": "#4"}
			}
		},
		{
			"from": [8, 18, 11.1],
			"to": [8, 21, 14.1],
			"rotation": {"angle": 45, "axis": "y", "origin": [8, 3, 8]},
			"faces": {
				"north": {"uv": [6.968, 0.032, 4.032, 2.968], "texture": "#4"},
				"east": {"uv": [6.968, 0.032, 4.032, 2.968], "texture": "#4"},
				"south": {"uv": [6.968, 0.032, 4.032, 2.968], "texture": "#4"},
				"west": {"uv": [6.968, 0.032, 4.032, 2.968], "texture": "#4"},
				"up": {"uv": [6.968, 0.032, 4.032, 2.968], "rotation": 90, "texture": "#4"},
				"down": {"uv": [6.968, 0.032, 4.032, 2.968], "rotation": 270, "texture": "#4"}
			}
		},
		{
			"from": [8, 21, 10.1],
			"to": [8, 24, 13.1],
			"rotation": {"angle": 45, "axis": "y", "origin": [8, 3, 8]},
			"faces": {
				"north": {"uv": [6.968, 0.032, 4.032, 2.968], "texture": "#4"},
				"east": {"uv": [6.968, 0.032, 4.032, 2.968], "texture": "#4"},
				"south": {"uv": [6.968, 0.032, 4.032, 2.968], "texture": "#4"},
				"west": {"uv": [6.968, 0.032, 4.032, 2.968], "texture": "#4"},
				"up": {"uv": [6.968, 0.032, 4.032, 2.968], "rotation": 90, "texture": "#4"},
				"down": {"uv": [6.968, 0.032, 4.032, 2.968], "rotation": 270, "texture": "#4"}
			}
		},
		{
			"from": [8, 24, 9.1],
			"to": [8, 27, 12.1],
			"rotation": {"angle": 45, "axis": "y", "origin": [8, 3, 8]},
			"faces": {
				"north": {"uv": [6.968, 0.032, 4.032, 2.968], "texture": "#4"},
				"east": {"uv": [6.968, 0.032, 4.032, 2.968], "texture": "#4"},
				"south": {"uv": [6.968, 0.032, 4.032, 2.968], "texture": "#4"},
				"west": {"uv": [6.968, 0.032, 4.032, 2.968], "texture": "#4"},
				"up": {"uv": [6.968, 0.032, 4.032, 2.968], "rotation": 90, "texture": "#4"},
				"down": {"uv": [6.968, 0.032, 4.032, 2.968], "rotation": 270, "texture": "#4"}
			}
		},
		{
			"from": [8, 12, -0.1],
			"to": [8, 15, 2.9],
			"rotation": {"angle": 45, "axis": "y", "origin": [8, 3, 8]},
			"faces": {
				"north": {"uv": [6.968, 0.032, 4.032, 2.968], "texture": "#4"},
				"east": {"uv": [6.968, 0.032, 4.032, 2.968], "texture": "#4"},
				"south": {"uv": [6.968, 0.032, 4.032, 2.968], "texture": "#4"},
				"west": {"uv": [6.968, 0.032, 4.032, 2.968], "texture": "#4"},
				"up": {"uv": [6.968, 0.032, 4.032, 2.968], "rotation": 270, "texture": "#4"},
				"down": {"uv": [6.968, 0.032, 4.032, 2.968], "rotation": 90, "texture": "#4"}
			}
		},
		{
			"from": [8, 9, -1.1],
			"to": [8, 12, 1.9],
			"rotation": {"angle": 45, "axis": "y", "origin": [8, 3, 8]},
			"faces": {
				"north": {"uv": [6.968, 0.032, 4.032, 2.968], "texture": "#4"},
				"east": {"uv": [6.968, 0.032, 4.032, 2.968], "texture": "#4"},
				"south": {"uv": [6.968, 0.032, 4.032, 2.968], "texture": "#4"},
				"west": {"uv": [6.968, 0.032, 4.032, 2.968], "texture": "#4"},
				"up": {"uv": [6.968, 0.032, 4.032, 2.968], "rotation": 270, "texture": "#4"},
				"down": {"uv": [6.968, 0.032, 4.032, 2.968], "rotation": 90, "texture": "#4"}
			}
		},
		{
			"from": [8, 15, 0.9],
			"to": [8, 18, 3.9],
			"rotation": {"angle": 45, "axis": "y", "origin": [8, 3, 8]},
			"faces": {
				"north": {"uv": [6.968, 0.032, 4.032, 2.968], "texture": "#4"},
				"east": {"uv": [6.968, 0.032, 4.032, 2.968], "texture": "#4"},
				"south": {"uv": [6.968, 0.032, 4.032, 2.968], "texture": "#4"},
				"west": {"uv": [6.968, 0.032, 4.032, 2.968], "texture": "#4"},
				"up": {"uv": [6.968, 0.032, 4.032, 2.968], "rotation": 270, "texture": "#4"},
				"down": {"uv": [6.968, 0.032, 4.032, 2.968], "rotation": 90, "texture": "#4"}
			}
		},
		{
			"from": [8, 18, 1.9],
			"to": [8, 21, 4.9],
			"rotation": {"angle": 45, "axis": "y", "origin": [8, 3, 8]},
			"faces": {
				"north": {"uv": [6.968, 0.032, 4.032, 2.968], "texture": "#4"},
				"east": {"uv": [6.968, 0.032, 4.032, 2.968], "texture": "#4"},
				"south": {"uv": [6.968, 0.032, 4.032, 2.968], "texture": "#4"},
				"west": {"uv": [6.968, 0.032, 4.032, 2.968], "texture": "#4"},
				"up": {"uv": [6.968, 0.032, 4.032, 2.968], "rotation": 270, "texture": "#4"},
				"down": {"uv": [6.968, 0.032, 4.032, 2.968], "rotation": 90, "texture": "#4"}
			}
		},
		{
			"from": [8, 21, 2.9],
			"to": [8, 24, 5.9],
			"rotation": {"angle": 45, "axis": "y", "origin": [8, 3, 8]},
			"faces": {
				"north": {"uv": [6.968, 0.032, 4.032, 2.968], "texture": "#4"},
				"east": {"uv": [6.968, 0.032, 4.032, 2.968], "texture": "#4"},
				"south": {"uv": [6.968, 0.032, 4.032, 2.968], "texture": "#4"},
				"west": {"uv": [6.968, 0.032, 4.032, 2.968], "texture": "#4"},
				"up": {"uv": [6.968, 0.032, 4.032, 2.968], "rotation": 270, "texture": "#4"},
				"down": {"uv": [6.968, 0.032, 4.032, 2.968], "rotation": 90, "texture": "#4"}
			}
		},
		{
			"from": [8, 24, 3.9],
			"to": [8, 27, 6.9],
			"rotation": {"angle": 45, "axis": "y", "origin": [8, 3, 8]},
			"faces": {
				"north": {"uv": [6.968, 0.032, 4.032, 2.968], "texture": "#4"},
				"east": {"uv": [6.968, 0.032, 4.032, 2.968], "texture": "#4"},
				"south": {"uv": [6.968, 0.032, 4.032, 2.968], "texture": "#4"},
				"west": {"uv": [6.968, 0.032, 4.032, 2.968], "texture": "#4"},
				"up": {"uv": [6.968, 0.032, 4.032, 2.968], "rotation": 270, "texture": "#4"},
				"down": {"uv": [6.968, 0.032, 4.032, 2.968], "rotation": 90, "texture": "#4"}
			}
		},
		{
			"from": [6.86863, 27, 5.36863],
			"to": [6.86863, 29, 8.36863],
			"rotation": {"angle": 45, "axis": "y", "origin": [6.86863, 28, 6.86863]},
			"faces": {
				"north": {"uv": [6.968, 0.032, 4.032, 2.968], "texture": "#4"},
				"east": {"uv": [6.968, 0.032, 4.032, 1.968], "texture": "#4"},
				"south": {"uv": [6.968, 0.032, 4.032, 2.968], "texture": "#4"},
				"west": {"uv": [6.968, 0.032, 4.032, 1.968], "texture": "#4"},
				"up": {"uv": [6.968, 0.032, 4.032, 2.968], "rotation": 270, "texture": "#4"},
				"down": {"uv": [6.968, 0.032, 4.032, 2.968], "rotation": 90, "texture": "#4"}
			}
		},
		{
			"from": [6.86863, 27, 8.61863],
			"to": [6.86863, 29, 11.61863],
			"rotation": {"angle": 45, "axis": "y", "origin": [6.86863, 28, 6.86863]},
			"faces": {
				"north": {"uv": [6.968, 0.032, 4.032, 2.968], "texture": "#4"},
				"east": {"uv": [6.968, 0.032, 4.032, 1.968], "texture": "#4"},
				"south": {"uv": [6.968, 0.032, 4.032, 2.968], "texture": "#4"},
				"west": {"uv": [6.968, 0.032, 4.032, 1.968], "texture": "#4"},
				"up": {"uv": [6.968, 0.032, 4.032, 2.968], "rotation": 270, "texture": "#4"},
				"down": {"uv": [6.968, 0.032, 4.032, 2.968], "rotation": 90, "texture": "#4"}
			}
		},
		{
			"from": [7.57574, 27, 7.07574],
			"to": [7.57574, 30, 9.37574],
			"rotation": {"angle": 45, "axis": "y", "origin": [7.57574, 28.5, 7.57574]},
			"faces": {
				"north": {"uv": [6.968, 0.032, 4.032, 2.968], "rotation": 270, "texture": "#4"},
				"east": {"uv": [6.968, 0.032, 4.032, 1.968], "rotation": 270, "texture": "#4"},
				"south": {"uv": [6.968, 0.032, 4.032, 2.968], "rotation": 270, "texture": "#4"},
				"west": {"uv": [6.968, 0.032, 4.032, 1.968], "rotation": 90, "texture": "#4"},
				"up": {"uv": [6.968, 0.032, 4.032, 2.968], "rotation": 180, "texture": "#4"},
				"down": {"uv": [6.968, 0.032, 4.032, 2.968], "texture": "#4"}
			}
		},
		{
			"from": [6.47574, 27, 8.07574],
			"to": [8.77574, 30, 8.07574],
			"rotation": {"angle": 45, "axis": "y", "origin": [7.57574, 28.5, 7.57574]},
			"faces": {
				"north": {"uv": [6.968, 0.032, 4.032, 1.968], "rotation": 270, "texture": "#4"},
				"east": {"uv": [6.968, 0.032, 4.032, 2.968], "rotation": 270, "texture": "#4"},
				"south": {"uv": [6.968, 0.032, 4.032, 1.968], "rotation": 90, "texture": "#4"},
				"west": {"uv": [6.968, 0.032, 4.032, 2.968], "rotation": 270, "texture": "#4"},
				"up": {"uv": [6.968, 0.032, 4.032, 2.968], "rotation": 90, "texture": "#4"},
				"down": {"uv": [6.968, 0.032, 4.032, 2.968], "rotation": 90, "texture": "#4"}
			}
		},
		{
			"from": [3.76863, 27, 8.36863],
			"to": [6.76863, 29, 8.36863],
			"rotation": {"angle": 45, "axis": "y", "origin": [6.86863, 28, 6.86863]},
			"faces": {
				"north": {"uv": [6.968, 0.032, 4.032, 1.968], "texture": "#4"},
				"east": {"uv": [6.968, 0.032, 4.032, 2.968], "texture": "#4"},
				"south": {"uv": [6.968, 0.032, 4.032, 1.968], "texture": "#4"},
				"west": {"uv": [6.968, 0.032, 4.032, 2.968], "texture": "#4"},
				"up": {"uv": [6.968, 0.032, 4.032, 2.968], "rotation": 180, "texture": "#4"},
				"down": {"uv": [6.968, 0.032, 4.032, 2.968], "rotation": 180, "texture": "#4"}
			}
		},
		{
			"from": [7.01863, 27, 8.36863],
			"to": [10.01863, 29, 8.36863],
			"rotation": {"angle": 45, "axis": "y", "origin": [6.86863, 28, 6.86863]},
			"faces": {
				"north": {"uv": [6.968, 0.032, 4.032, 1.968], "texture": "#4"},
				"east": {"uv": [6.968, 0.032, 4.032, 2.968], "texture": "#4"},
				"south": {"uv": [6.968, 0.032, 4.032, 1.968], "texture": "#4"},
				"west": {"uv": [6.968, 0.032, 4.032, 2.968], "texture": "#4"},
				"up": {"uv": [6.968, 0.032, 4.032, 2.968], "rotation": 180, "texture": "#4"},
				"down": {"uv": [6.968, 0.032, 4.032, 2.968], "rotation": 180, "texture": "#4"}
			}
		},
		{
			"from": [6.5, 27, 8],
			"to": [9.5, 30, 8],
			"rotation": {"angle": 0, "axis": "y", "origin": [8, 3, 8]},
			"faces": {
				"north": {"uv": [15.968, 0.032, 13.032, 2.968], "texture": "#4"},
				"east": {"uv": [6.968, 0.032, 4.032, 2.968], "texture": "#4"},
				"south": {"uv": [15.968, 0.032, 13.032, 2.968], "texture": "#4"},
				"west": {"uv": [6.968, 0.032, 4.032, 2.968], "texture": "#4"},
				"up": {"uv": [6.968, 0.032, 4.032, 2.968], "rotation": 180, "texture": "#4"},
				"down": {"uv": [6.968, 0.032, 4.032, 2.968], "rotation": 180, "texture": "#4"}
			}
		},
		{
			"from": [2, -14, 2],
			"to": [14, -12, 14],
			"rotation": {"angle": 0, "axis": "y", "origin": [8.49659, -0.15748, 7.97993]},
			"faces": {
				"north": {"uv": [2.032, 12.032, 13.968, 13.968], "texture": "#5"},
				"east": {"uv": [2.032, 12.032, 13.968, 13.968], "texture": "#5"},
				"south": {"uv": [2.032, 12.032, 13.968, 13.968], "texture": "#5"},
				"west": {"uv": [2.032, 12.032, 13.968, 13.968], "texture": "#5"},
				"up": {"uv": [2.032, 1.032, 13.968, 12.968], "texture": "#5"},
				"down": {"uv": [2.032, 2.032, 13.968, 13.968], "texture": "#5"}
			}
		},
		{
			"from": [3, -12, 1],
			"to": [13, -8, 3],
			"rotation": {"angle": 0, "axis": "y", "origin": [8.49659, -0.15748, 7.97993]},
			"faces": {
				"north": {"uv": [2.032, 14.968, 11.968, 11.032], "texture": "#5"},
				"east": {"uv": [0.032, 0.032, 1.968, 3.968], "texture": "#5"},
				"south": {"uv": [3.032, 1.032, 12.968, 4.968], "texture": "#5"},
				"west": {"uv": [0.032, 0.032, 1.968, 3.968], "texture": "#5"},
				"up": {"uv": [3.032, 0.032, 12.968, 1.968], "texture": "#1"},
				"down": {"uv": [3.032, 4.032, 12.968, 5.968], "texture": "#5"}
			}
		},
		{
			"from": [3, -12, 13],
			"to": [13, -8, 15],
			"rotation": {"angle": 0, "axis": "y", "origin": [8.49659, -0.15748, 7.97993]},
			"faces": {
				"north": {"uv": [3.032, 1.032, 12.968, 4.968], "texture": "#5"},
				"east": {"uv": [0.032, 0.032, 1.968, 3.968], "texture": "#5"},
				"south": {"uv": [2.032, 14.968, 11.968, 11.032], "texture": "#5"},
				"west": {"uv": [0.032, 0.032, 1.968, 3.968], "texture": "#5"},
				"up": {"uv": [2.032, 0.032, 11.968, 1.968], "texture": "#1"},
				"down": {"uv": [2.032, 11.032, 11.968, 12.968], "texture": "#5"}
			}
		},
		{
			"from": [1, -12, 1],
			"to": [3, -8, 15],
			"rotation": {"angle": 0, "axis": "y", "origin": [8.49659, -0.15748, 7.97993]},
			"faces": {
				"north": {"uv": [8.032, 14.968, 9.968, 11.032], "texture": "#5"},
				"east": {"uv": [1.032, 1.032, 14.968, 4.968], "texture": "#5"},
				"south": {"uv": [8.032, 14.968, 9.968, 11.032], "texture": "#5"},
				"west": {"uv": [1.032, 14.968, 14.968, 11.032], "texture": "#5"},
				"up": {"uv": [1.032, 1.032, 2.968, 14.968], "texture": "#1"},
				"down": {"uv": [4.032, 1.032, 5.968, 14.968], "texture": "#5"}
			}
		},
		{
			"from": [13, -12, 1],
			"to": [15, -8, 15],
			"rotation": {"angle": 0, "axis": "y", "origin": [8.49659, -0.15748, 7.97993]},
			"faces": {
				"north": {"uv": [8.032, 14.968, 9.968, 11.032], "texture": "#5"},
				"east": {"uv": [1.032, 14.968, 14.968, 11.032], "texture": "#5"},
				"south": {"uv": [8.032, 14.968, 9.968, 11.032], "texture": "#5"},
				"west": {"uv": [1.032, 1.032, 14.968, 4.968], "texture": "#5"},
				"up": {"uv": [13.032, 0.032, 14.968, 13.968], "texture": "#1"},
				"down": {"uv": [12.032, 1.032, 13.968, 14.968], "texture": "#5"}
			}
		},
		{
			"from": [0.03126, -15, 7.64298],
			"to": [17.03126, -14, 7.64298],
			"rotation": {"angle": 45, "axis": "y", "origin": [8.49659, -0.15748, 7.97993]},
			"faces": {
				"north": {"uv": [0.032, 13.032, 15.968, 13.968], "texture": "#4"},
				"east": {"uv": [0.032, 0.032, 0.032, 9.968], "texture": "#4"},
				"south": {"uv": [2.968, 0.032, 0.032, 1.968], "texture": "#4"},
				"west": {"uv": [0.032, 0.032, 0.032, 9.968], "texture": "#4"},
				"up": {"uv": [2.968, 0.032, 0.032, 0.032], "rotation": 180, "texture": "#4"},
				"down": {"uv": [2.968, 0.032, 0.032, 0.032], "rotation": 180, "texture": "#4"}
			}
		},
		{
			"from": [0.03126, -5, 7.64298],
			"to": [3.03126, -2, 7.64298],
			"rotation": {"angle": 45, "axis": "y", "origin": [8.49659, -0.15748, 7.97993]},
			"faces": {
				"north": {"uv": [6.968, 0.032, 4.032, 2.968], "texture": "#4"},
				"east": {"uv": [6.968, 0.032, 4.032, 2.968], "texture": "#4"},
				"south": {"uv": [6.968, 0.032, 4.032, 2.968], "texture": "#4"},
				"west": {"uv": [6.968, 0.032, 4.032, 2.968], "texture": "#4"},
				"up": {"uv": [6.968, 0.032, 4.032, 2.968], "rotation": 180, "texture": "#4"},
				"down": {"uv": [6.968, 0.032, 4.032, 2.968], "rotation": 180, "texture": "#4"}
			}
		},
		{
			"from": [-0.96874, -8, 7.64298],
			"to": [2.03126, -5, 7.64298],
			"rotation": {"angle": 45, "axis": "y", "origin": [8.49659, -0.15748, 7.97993]},
			"faces": {
				"north": {"uv": [6.968, 0.032, 4.032, 2.968], "texture": "#4"},
				"east": {"uv": [6.968, 0.032, 4.032, 2.968], "texture": "#4"},
				"south": {"uv": [6.968, 0.032, 4.032, 2.968], "texture": "#4"},
				"west": {"uv": [6.968, 0.032, 4.032, 2.968], "texture": "#4"},
				"up": {"uv": [6.968, 0.032, 4.032, 2.968], "rotation": 180, "texture": "#4"},
				"down": {"uv": [6.968, 0.032, 4.032, 2.968], "rotation": 180, "texture": "#4"}
			}
		},
		{
			"from": [1.03126, -2, 7.64298],
			"to": [4.03126, 1, 7.64298],
			"rotation": {"angle": 45, "axis": "y", "origin": [8.49659, -0.15748, 7.97993]},
			"faces": {
				"north": {"uv": [6.968, 0.032, 4.032, 2.968], "texture": "#4"},
				"east": {"uv": [6.968, 0.032, 4.032, 2.968], "texture": "#4"},
				"south": {"uv": [6.968, 0.032, 4.032, 2.968], "texture": "#4"},
				"west": {"uv": [6.968, 0.032, 4.032, 2.968], "texture": "#4"},
				"up": {"uv": [6.968, 0.032, 4.032, 2.968], "rotation": 180, "texture": "#4"},
				"down": {"uv": [6.968, 0.032, 4.032, 2.968], "rotation": 180, "texture": "#4"}
			}
		},
		{
			"from": [2.03126, 1, 7.64298],
			"to": [5.03126, 4, 7.64298],
			"rotation": {"angle": 45, "axis": "y", "origin": [8.49659, -0.15748, 7.97993]},
			"faces": {
				"north": {"uv": [6.968, 0.032, 4.032, 2.968], "texture": "#4"},
				"east": {"uv": [6.968, 0.032, 4.032, 2.968], "texture": "#4"},
				"south": {"uv": [6.968, 0.032, 4.032, 2.968], "texture": "#4"},
				"west": {"uv": [6.968, 0.032, 4.032, 2.968], "texture": "#4"},
				"up": {"uv": [6.968, 0.032, 4.032, 2.968], "rotation": 180, "texture": "#4"},
				"down": {"uv": [6.968, 0.032, 4.032, 2.968], "rotation": 180, "texture": "#4"}
			}
		},
		{
			"from": [3.03126, 4, 7.64298],
			"to": [6.03126, 7, 7.64298],
			"rotation": {"angle": 45, "axis": "y", "origin": [8.49659, -0.15748, 7.97993]},
			"faces": {
				"north": {"uv": [6.968, 0.032, 4.032, 2.968], "texture": "#4"},
				"east": {"uv": [6.968, 0.032, 4.032, 2.968], "texture": "#4"},
				"south": {"uv": [6.968, 0.032, 4.032, 2.968], "texture": "#4"},
				"west": {"uv": [6.968, 0.032, 4.032, 2.968], "texture": "#4"},
				"up": {"uv": [6.968, 0.032, 4.032, 2.968], "rotation": 180, "texture": "#4"},
				"down": {"uv": [6.968, 0.032, 4.032, 2.968], "rotation": 180, "texture": "#4"}
			}
		},
		{
			"from": [4.03126, 7, 7.64298],
			"to": [7.03126, 10, 7.64298],
			"rotation": {"angle": 45, "axis": "y", "origin": [8.49659, -0.15748, 7.97993]},
			"faces": {
				"north": {"uv": [6.968, 0.032, 4.032, 2.968], "texture": "#4"},
				"east": {"uv": [6.968, 0.032, 4.032, 2.968], "texture": "#4"},
				"south": {"uv": [6.968, 0.032, 4.032, 2.968], "texture": "#4"},
				"west": {"uv": [6.968, 0.032, 4.032, 2.968], "texture": "#4"},
				"up": {"uv": [6.968, 0.032, 4.032, 2.968], "rotation": 180, "texture": "#4"},
				"down": {"uv": [6.968, 0.032, 4.032, 2.968], "rotation": 180, "texture": "#4"}
			}
		},
		{
			"from": [13.23126, -5, 7.64298],
			"to": [16.23126, -2, 7.64298],
			"rotation": {"angle": 45, "axis": "y", "origin": [8.49659, -0.15748, 7.97993]},
			"faces": {
				"north": {"uv": [6.968, 0.032, 4.032, 2.968], "texture": "#4"},
				"east": {"uv": [6.968, 0.032, 4.032, 2.968], "texture": "#4"},
				"south": {"uv": [6.968, 0.032, 4.032, 2.968], "texture": "#4"},
				"west": {"uv": [6.968, 0.032, 4.032, 2.968], "texture": "#4"},
				"up": {"uv": [6.968, 0.032, 4.032, 2.968], "texture": "#4"},
				"down": {"uv": [6.968, 0.032, 4.032, 2.968], "texture": "#4"}
			}
		},
		{
			"from": [14.23126, -8, 7.64298],
			"to": [17.23126, -5, 7.64298],
			"rotation": {"angle": 45, "axis": "y", "origin": [8.49659, -0.15748, 7.97993]},
			"faces": {
				"north": {"uv": [6.968, 0.032, 4.032, 2.968], "texture": "#4"},
				"east": {"uv": [6.968, 0.032, 4.032, 2.968], "texture": "#4"},
				"south": {"uv": [6.968, 0.032, 4.032, 2.968], "texture": "#4"},
				"west": {"uv": [6.968, 0.032, 4.032, 2.968], "texture": "#4"},
				"up": {"uv": [6.968, 0.032, 4.032, 2.968], "texture": "#4"},
				"down": {"uv": [6.968, 0.032, 4.032, 2.968], "texture": "#4"}
			}
		},
		{
			"from": [12.23126, -2, 7.64298],
			"to": [15.23126, 1, 7.64298],
			"rotation": {"angle": 45, "axis": "y", "origin": [8.49659, -0.15748, 7.97993]},
			"faces": {
				"north": {"uv": [6.968, 0.032, 4.032, 2.968], "texture": "#4"},
				"east": {"uv": [6.968, 0.032, 4.032, 2.968], "texture": "#4"},
				"south": {"uv": [6.968, 0.032, 4.032, 2.968], "texture": "#4"},
				"west": {"uv": [6.968, 0.032, 4.032, 2.968], "texture": "#4"},
				"up": {"uv": [6.968, 0.032, 4.032, 2.968], "texture": "#4"},
				"down": {"uv": [6.968, 0.032, 4.032, 2.968], "texture": "#4"}
			}
		},
		{
			"from": [11.23126, 1, 7.64298],
			"to": [14.23126, 4, 7.64298],
			"rotation": {"angle": 45, "axis": "y", "origin": [8.49659, -0.15748, 7.97993]},
			"faces": {
				"north": {"uv": [6.968, 0.032, 4.032, 2.968], "texture": "#4"},
				"east": {"uv": [6.968, 0.032, 4.032, 2.968], "texture": "#4"},
				"south": {"uv": [6.968, 0.032, 4.032, 2.968], "texture": "#4"},
				"west": {"uv": [6.968, 0.032, 4.032, 2.968], "texture": "#4"},
				"up": {"uv": [6.968, 0.032, 4.032, 2.968], "texture": "#4"},
				"down": {"uv": [6.968, 0.032, 4.032, 2.968], "texture": "#4"}
			}
		},
		{
			"from": [10.23126, 4, 7.64298],
			"to": [13.23126, 7, 7.64298],
			"rotation": {"angle": 45, "axis": "y", "origin": [8.49659, -0.15748, 7.97993]},
			"faces": {
				"north": {"uv": [6.968, 0.032, 4.032, 2.968], "texture": "#4"},
				"east": {"uv": [6.968, 0.032, 4.032, 2.968], "texture": "#4"},
				"south": {"uv": [6.968, 0.032, 4.032, 2.968], "texture": "#4"},
				"west": {"uv": [6.968, 0.032, 4.032, 2.968], "texture": "#4"},
				"up": {"uv": [6.968, 0.032, 4.032, 2.968], "texture": "#4"},
				"down": {"uv": [6.968, 0.032, 4.032, 2.968], "texture": "#4"}
			}
		},
		{
			"from": [9.23126, 7, 7.64298],
			"to": [12.23126, 10, 7.64298],
			"rotation": {"angle": 45, "axis": "y", "origin": [8.49659, -0.15748, 7.97993]},
			"faces": {
				"north": {"uv": [6.968, 0.032, 4.032, 2.968], "texture": "#4"},
				"east": {"uv": [6.968, 0.032, 4.032, 2.968], "texture": "#4"},
				"south": {"uv": [6.968, 0.032, 4.032, 2.968], "texture": "#4"},
				"west": {"uv": [6.968, 0.032, 4.032, 2.968], "texture": "#4"},
				"up": {"uv": [6.968, 0.032, 4.032, 2.968], "texture": "#4"},
				"down": {"uv": [6.968, 0.032, 4.032, 2.968], "texture": "#4"}
			}
		},
		{
			"from": [8.13126, -15, -1.25702],
			"to": [8.13126, -14, 15.74298],
			"rotation": {"angle": 45, "axis": "y", "origin": [8.49659, -0.15748, 7.97993]},
			"faces": {
				"north": {"uv": [0.032, 0.032, 0.032, 9.968], "texture": "#4"},
				"east": {"uv": [2.968, 0.032, 0.032, 1.968], "texture": "#4"},
				"south": {"uv": [0.032, 0.032, 0.032, 9.968], "texture": "#4"},
				"west": {"uv": [0.032, 13.032, 15.968, 13.968], "texture": "#4"},
				"up": {"uv": [2.968, 0.032, 0.032, 0.032], "rotation": 90, "texture": "#4"},
				"down": {"uv": [2.968, 0.032, 0.032, 0.032], "rotation": 270, "texture": "#4"}
			}
		},
		{
			"from": [8.13126, -5, 12.74298],
			"to": [8.13126, -2, 15.74298],
			"rotation": {"angle": 45, "axis": "y", "origin": [8.49659, -0.15748, 7.97993]},
			"faces": {
				"north": {"uv": [6.968, 0.032, 4.032, 2.968], "texture": "#4"},
				"east": {"uv": [6.968, 0.032, 4.032, 2.968], "texture": "#4"},
				"south": {"uv": [6.968, 0.032, 4.032, 2.968], "texture": "#4"},
				"west": {"uv": [6.968, 0.032, 4.032, 2.968], "texture": "#4"},
				"up": {"uv": [6.968, 0.032, 4.032, 2.968], "rotation": 90, "texture": "#4"},
				"down": {"uv": [6.968, 0.032, 4.032, 2.968], "rotation": 270, "texture": "#4"}
			}
		},
		{
			"from": [8.13126, -8, 13.74298],
			"to": [8.13126, -5, 16.74298],
			"rotation": {"angle": 45, "axis": "y", "origin": [8.49659, -0.15748, 7.97993]},
			"faces": {
				"north": {"uv": [6.968, 0.032, 4.032, 2.968], "texture": "#4"},
				"east": {"uv": [6.968, 0.032, 4.032, 2.968], "texture": "#4"},
				"south": {"uv": [6.968, 0.032, 4.032, 2.968], "texture": "#4"},
				"west": {"uv": [6.968, 0.032, 4.032, 2.968], "texture": "#4"},
				"up": {"uv": [6.968, 0.032, 4.032, 2.968], "rotation": 90, "texture": "#4"},
				"down": {"uv": [6.968, 0.032, 4.032, 2.968], "rotation": 270, "texture": "#4"}
			}
		},
		{
			"from": [8.13126, -2, 11.74298],
			"to": [8.13126, 1, 14.74298],
			"rotation": {"angle": 45, "axis": "y", "origin": [8.49659, -0.15748, 7.97993]},
			"faces": {
				"north": {"uv": [6.968, 0.032, 4.032, 2.968], "texture": "#4"},
				"east": {"uv": [6.968, 0.032, 4.032, 2.968], "texture": "#4"},
				"south": {"uv": [6.968, 0.032, 4.032, 2.968], "texture": "#4"},
				"west": {"uv": [6.968, 0.032, 4.032, 2.968], "texture": "#4"},
				"up": {"uv": [6.968, 0.032, 4.032, 2.968], "rotation": 90, "texture": "#4"},
				"down": {"uv": [6.968, 0.032, 4.032, 2.968], "rotation": 270, "texture": "#4"}
			}
		},
		{
			"from": [8.13126, 1, 10.74298],
			"to": [8.13126, 4, 13.74298],
			"rotation": {"angle": 45, "axis": "y", "origin": [8.49659, -0.15748, 7.97993]},
			"faces": {
				"north": {"uv": [6.968, 0.032, 4.032, 2.968], "texture": "#4"},
				"east": {"uv": [6.968, 0.032, 4.032, 2.968], "texture": "#4"},
				"south": {"uv": [6.968, 0.032, 4.032, 2.968], "texture": "#4"},
				"west": {"uv": [6.968, 0.032, 4.032, 2.968], "texture": "#4"},
				"up": {"uv": [6.968, 0.032, 4.032, 2.968], "rotation": 90, "texture": "#4"},
				"down": {"uv": [6.968, 0.032, 4.032, 2.968], "rotation": 270, "texture": "#4"}
			}
		},
		{
			"from": [8.13126, 4, 9.74298],
			"to": [8.13126, 7, 12.74298],
			"rotation": {"angle": 45, "axis": "y", "origin": [8.49659, -0.15748, 7.97993]},
			"faces": {
				"north": {"uv": [6.968, 0.032, 4.032, 2.968], "texture": "#4"},
				"east": {"uv": [6.968, 0.032, 4.032, 2.968], "texture": "#4"},
				"south": {"uv": [6.968, 0.032, 4.032, 2.968], "texture": "#4"},
				"west": {"uv": [6.968, 0.032, 4.032, 2.968], "texture": "#4"},
				"up": {"uv": [6.968, 0.032, 4.032, 2.968], "rotation": 90, "texture": "#4"},
				"down": {"uv": [6.968, 0.032, 4.032, 2.968], "rotation": 270, "texture": "#4"}
			}
		},
		{
			"from": [8.13126, 7, 8.74298],
			"to": [8.13126, 10, 11.74298],
			"rotation": {"angle": 45, "axis": "y", "origin": [8.49659, -0.15748, 7.97993]},
			"faces": {
				"north": {"uv": [6.968, 0.032, 4.032, 2.968], "texture": "#4"},
				"east": {"uv": [6.968, 0.032, 4.032, 2.968], "texture": "#4"},
				"south": {"uv": [6.968, 0.032, 4.032, 2.968], "texture": "#4"},
				"west": {"uv": [6.968, 0.032, 4.032, 2.968], "texture": "#4"},
				"up": {"uv": [6.968, 0.032, 4.032, 2.968], "rotation": 90, "texture": "#4"},
				"down": {"uv": [6.968, 0.032, 4.032, 2.968], "rotation": 270, "texture": "#4"}
			}
		},
		{
			"from": [8.13126, -5, -0.45702],
			"to": [8.13126, -2, 2.54298],
			"rotation": {"angle": 45, "axis": "y", "origin": [8.49659, -0.15748, 7.97993]},
			"faces": {
				"north": {"uv": [6.968, 0.032, 4.032, 2.968], "texture": "#4"},
				"east": {"uv": [6.968, 0.032, 4.032, 2.968], "texture": "#4"},
				"south": {"uv": [6.968, 0.032, 4.032, 2.968], "texture": "#4"},
				"west": {"uv": [6.968, 0.032, 4.032, 2.968], "texture": "#4"},
				"up": {"uv": [6.968, 0.032, 4.032, 2.968], "rotation": 270, "texture": "#4"},
				"down": {"uv": [6.968, 0.032, 4.032, 2.968], "rotation": 90, "texture": "#4"}
			}
		},
		{
			"from": [8.13126, -8, -1.45702],
			"to": [8.13126, -5, 1.54298],
			"rotation": {"angle": 45, "axis": "y", "origin": [8.49659, -0.15748, 7.97993]},
			"faces": {
				"north": {"uv": [6.968, 0.032, 4.032, 2.968], "texture": "#4"},
				"east": {"uv": [6.968, 0.032, 4.032, 2.968], "texture": "#4"},
				"south": {"uv": [6.968, 0.032, 4.032, 2.968], "texture": "#4"},
				"west": {"uv": [6.968, 0.032, 4.032, 2.968], "texture": "#4"},
				"up": {"uv": [6.968, 0.032, 4.032, 2.968], "rotation": 270, "texture": "#4"},
				"down": {"uv": [6.968, 0.032, 4.032, 2.968], "rotation": 90, "texture": "#4"}
			}
		},
		{
			"from": [8.13126, -2, 0.54298],
			"to": [8.13126, 1, 3.54298],
			"rotation": {"angle": 45, "axis": "y", "origin": [8.49659, -0.15748, 7.97993]},
			"faces": {
				"north": {"uv": [6.968, 0.032, 4.032, 2.968], "texture": "#4"},
				"east": {"uv": [6.968, 0.032, 4.032, 2.968], "texture": "#4"},
				"south": {"uv": [6.968, 0.032, 4.032, 2.968], "texture": "#4"},
				"west": {"uv": [6.968, 0.032, 4.032, 2.968], "texture": "#4"},
				"up": {"uv": [6.968, 0.032, 4.032, 2.968], "rotation": 270, "texture": "#4"},
				"down": {"uv": [6.968, 0.032, 4.032, 2.968], "rotation": 90, "texture": "#4"}
			}
		},
		{
			"from": [8.13126, 1, 1.54298],
			"to": [8.13126, 4, 4.54298],
			"rotation": {"angle": 45, "axis": "y", "origin": [8.49659, -0.15748, 7.97993]},
			"faces": {
				"north": {"uv": [6.968, 0.032, 4.032, 2.968], "texture": "#4"},
				"east": {"uv": [6.968, 0.032, 4.032, 2.968], "texture": "#4"},
				"south": {"uv": [6.968, 0.032, 4.032, 2.968], "texture": "#4"},
				"west": {"uv": [6.968, 0.032, 4.032, 2.968], "texture": "#4"},
				"up": {"uv": [6.968, 0.032, 4.032, 2.968], "rotation": 270, "texture": "#4"},
				"down": {"uv": [6.968, 0.032, 4.032, 2.968], "rotation": 90, "texture": "#4"}
			}
		},
		{
			"from": [8.13126, 4, 2.54298],
			"to": [8.13126, 7, 5.54298],
			"rotation": {"angle": 45, "axis": "y", "origin": [8.49659, -0.15748, 7.97993]},
			"faces": {
				"north": {"uv": [6.968, 0.032, 4.032, 2.968], "texture": "#4"},
				"east": {"uv": [6.968, 0.032, 4.032, 2.968], "texture": "#4"},
				"south": {"uv": [6.968, 0.032, 4.032, 2.968], "texture": "#4"},
				"west": {"uv": [6.968, 0.032, 4.032, 2.968], "texture": "#4"},
				"up": {"uv": [6.968, 0.032, 4.032, 2.968], "rotation": 270, "texture": "#4"},
				"down": {"uv": [6.968, 0.032, 4.032, 2.968], "rotation": 90, "texture": "#4"}
			}
		},
		{
			"from": [8.13126, 7, 3.54298],
			"to": [8.13126, 10, 6.54298],
			"rotation": {"angle": 45, "axis": "y", "origin": [8.49659, -0.15748, 7.97993]},
			"faces": {
				"north": {"uv": [6.968, 0.032, 4.032, 2.968], "texture": "#4"},
				"east": {"uv": [6.968, 0.032, 4.032, 2.968], "texture": "#4"},
				"south": {"uv": [6.968, 0.032, 4.032, 2.968], "texture": "#4"},
				"west": {"uv": [6.968, 0.032, 4.032, 2.968], "texture": "#4"},
				"up": {"uv": [6.968, 0.032, 4.032, 2.968], "rotation": 270, "texture": "#4"},
				"down": {"uv": [6.968, 0.032, 4.032, 2.968], "rotation": 90, "texture": "#4"}
			}
		},
		{
			"from": [3.04892, -10.70371, 3.27579],
			"to": [10.8152, -3.80035, 6.72747],
			"rotation": {"angle": -22.5, "axis": "x", "origin": [6.93206, -8.00203, 6.6946]},
			"faces": {
				"north": {"uv": [4.06, 9.06, 8.94, 11.94], "rotation": 180, "texture": "#8"},
				"east": {"uv": [0.06, 8.06, 7.94, 11.94], "rotation": 270, "texture": "#8"},
				"south": {"uv": [0.06, 0.06, 8.94, 7.94], "texture": "#8"},
				"west": {"uv": [0.06, 8.06, 7.94, 11.94], "rotation": 90, "texture": "#8"},
				"up": {"uv": [0.06, 8.06, 8.94, 11.94], "rotation": 180, "texture": "#8"},
				"down": {"uv": [0.06, 8.06, 8.94, 11.94], "texture": "#8"}
			}
		},
		{
			"from": [3.91184, -9.84079, 6.72747],
			"to": [9.95228, -4.66327, 7.59039],
			"rotation": {"angle": -22.5, "axis": "x", "origin": [6.93206, -8.00203, 6.6946]},
			"faces": {
				"north": {"uv": [0.06, 0.06, -0.032, -0.032], "rotation": 180, "texture": "#8"},
				"east": {"uv": [0.06, 7.06, 5.94, 7.94], "rotation": 270, "texture": "#8"},
				"south": {"uv": [1.06, 1.06, 7.94, 6.94], "texture": "#8"},
				"west": {"uv": [1.06, 0.06, 6.94, 0.94], "rotation": 90, "texture": "#8"},
				"up": {"uv": [2.06, 7.06, 8.94, 7.94], "rotation": 180, "texture": "#8"},
				"down": {"uv": [0.06, 8.06, 6.94, 8.94], "texture": "#8"}
			}
		},
		{
			"from": [3.91184, -9.84079, 7.79039],
			"to": [9.95228, -4.66327, 7.79039],
			"rotation": {"angle": -22.5, "axis": "x", "origin": [6.93206, -8.00203, 6.6946]},
			"faces": {
				"north": {"uv": [0, 0, 0, 0], "texture": "#9"},
				"east": {"uv": [0.032, 0.032, 0.032, 0.032], "rotation": 270, "texture": "#9"},
				"south": {"uv": [1.06, 1.06, 7.94, 6.94], "texture": "#9"},
				"west": {"uv": [0.032, 0.032, 0.032, 0.032], "rotation": 90, "texture": "#9"},
				"up": {"uv": [0.032, 0.032, 0.032, 0.032], "rotation": 180, "texture": "#9"},
				"down": {"uv": [0.032, 0.032, 0.032, 0.032], "texture": "#9"}
			}
		},
		{
			"from": [3.04892, -10.70371, 6.82747],
			"to": [10.8152, -3.80035, 6.82747],
			"rotation": {"angle": -22.5, "axis": "x", "origin": [6.93206, -8.00203, 6.6946]},
			"faces": {
				"north": {"uv": [0, 0, 0, 0], "texture": "#9"},
				"east": {"uv": [0, 0, 0, 0], "texture": "#9"},
				"south": {"uv": [0.06, 0.06, 8.94, 7.94], "texture": "#9"},
				"west": {"uv": [0, 0, 0, 0], "texture": "#9"},
				"up": {"uv": [0, 0, 0, 0], "texture": "#9"},
				"down": {"uv": [0, 0, 0, 0], "texture": "#9"}
			}
		},
		{
			"from": [5.04892, -13.45371, 7.82579],
			"to": [12.8152, -6.55035, 11.27747],
			"rotation": {"angle": -22.5, "axis": "x", "origin": [6.93206, -8.00203, 6.9446]},
			"faces": {
				"north": {"uv": [4.06, 9.06, 8.94, 11.94], "rotation": 180, "texture": "#8"},
				"east": {"uv": [0.06, 8.06, 7.94, 11.94], "rotation": 270, "texture": "#8"},
				"south": {"uv": [0.06, 0.06, 8.94, 7.94], "texture": "#8"},
				"west": {"uv": [0.06, 8.06, 7.94, 11.94], "rotation": 90, "texture": "#8"},
				"up": {"uv": [0.06, 8.06, 8.94, 11.94], "rotation": 180, "texture": "#8"},
				"down": {"uv": [0.06, 8.06, 8.94, 11.94], "texture": "#8"}
			}
		},
		{
			"from": [5.91184, -12.59079, 11.27747],
			"to": [11.95228, -7.41327, 12.14039],
			"rotation": {"angle": -22.5, "axis": "x", "origin": [6.93206, -8.00203, 6.9446]},
			"faces": {
				"north": {"uv": [0.06, 0.06, -0.032, -0.032], "rotation": 180, "texture": "#8"},
				"east": {"uv": [0.06, 7.06, 5.94, 7.94], "rotation": 270, "texture": "#8"},
				"south": {"uv": [1.06, 1.06, 7.94, 6.94], "texture": "#8"},
				"west": {"uv": [1.06, 0.06, 6.94, 0.94], "rotation": 90, "texture": "#8"},
				"up": {"uv": [2.06, 7.06, 8.94, 7.94], "rotation": 180, "texture": "#8"},
				"down": {"uv": [0.06, 8.06, 6.94, 8.94], "texture": "#8"}
			}
		},
		{
			"from": [5.91184, -12.59079, 12.34039],
			"to": [11.95228, -7.41327, 12.34039],
			"rotation": {"angle": -22.5, "axis": "x", "origin": [6.93206, -8.00203, 6.9446]},
			"faces": {
				"north": {"uv": [0, 0, 0, 0], "texture": "#9"},
				"east": {"uv": [0.032, 0.032, 0.032, 0.032], "rotation": 270, "texture": "#9"},
				"south": {"uv": [1.06, 1.06, 7.94, 6.94], "texture": "#9"},
				"west": {"uv": [0.032, 0.032, 0.032, 0.032], "rotation": 90, "texture": "#9"},
				"up": {"uv": [0.032, 0.032, 0.032, 0.032], "rotation": 180, "texture": "#9"},
				"down": {"uv": [0.032, 0.032, 0.032, 0.032], "texture": "#9"}
			}
		},
		{
			"from": [5.04892, -13.45371, 11.37747],
			"to": [12.8152, -6.55035, 11.37747],
			"rotation": {"angle": -22.5, "axis": "x", "origin": [6.93206, -8.00203, 6.9446]},
			"faces": {
				"north": {"uv": [0, 0, 0, 0], "texture": "#9"},
				"east": {"uv": [0, 0, 0, 0], "texture": "#9"},
				"south": {"uv": [0.06, 0.06, 8.94, 7.94], "texture": "#9"},
				"west": {"uv": [0, 0, 0, 0], "texture": "#9"},
				"up": {"uv": [0, 0, 0, 0], "texture": "#9"},
				"down": {"uv": [0, 0, 0, 0], "texture": "#9"}
			}
		}
	],
	"display": {
		"thirdperson_righthand": {
			"rotation": [65, -180, 0],
			"translation": [-6.25, 4, 1]
		},
		"firstperson_righthand": {
			"translation": [3.75, -0.75, 0]
		},
		"ground": {
			"translation": [0, 4, 0]
		},
		"gui": {
			"rotation": [28.25, -27.5, 0],
			"translation": [0, 0.5, 0]
		},
		"fixed": {
			"rotation": [90, 0, 0],
			"translation": [0, 0, -43],
			"scale": [2, 2, 2]
		}
	},
	"groups": [
		{
			"name": "baskettop",
			"origin": [8, 8, 8],
			"color": 0,
			"children": [
				0,
				1,
				2,
				3,
				4,
				{
					"name": "bread3",
					"origin": [0, 0, 0],
					"color": 0,
					"children": [5, 6, 7, 8]
				},
				{
					"name": "bread3",
					"origin": [0, 0, 0],
					"color": 0,
					"children": [9, 10, 11, 12]
				},
				{
					"name": "bread1",
					"origin": [0, 0, 0],
					"color": 0,
					"children": [13, 14, 15, 16]
				},
				{
					"name": "cloth",
					"origin": [8, 8, 8],
					"color": 0,
					"children": [17, 18, 19, 20]
				},
				{
					"name": "rope",
					"origin": [8, 8, 8],
					"color": 0,
					"children": [
						21,
						22,
						23,
						24,
						25,
						26,
						27,
						{
							"name": "rope",
							"origin": [8, 8, 8],
							"color": 0,
							"children": [28, 29, 30, 31, 32, 33, 34]
						},
						{
							"name": "rope",
							"origin": [8, 8, 8],
							"color": 0,
							"children": [
								35,
								36,
								37,
								38,
								39,
								40,
								41,
								{
									"name": "rope",
									"origin": [8, 8, 8],
									"color": 0,
									"children": [42, 43, 44, 45, 46, 47, 48, 49, 50, 51, 52, 53, 54]
								}
							]
						}
					]
				}
			]
		},
		{
			"name": "basketbottom",
			"origin": [8, 8, 8],
			"color": 0,
			"children": [
				55,
				56,
				57,
				58,
				59,
				{
					"name": "rope",
					"origin": [8, 8, 8],
					"color": 0,
					"children": [
						60,
						61,
						62,
						63,
						64,
						65,
						66,
						{
							"name": "rope",
							"origin": [8, 8, 8],
							"color": 0,
							"children": [67, 68, 69, 70, 71, 72]
						}
					]
				},
				{
					"name": "rope",
					"origin": [8, 8, 8],
					"color": 0,
					"children": [
						73,
						74,
						75,
						76,
						77,
						78,
						79,
						{
							"name": "rope",
							"origin": [8, 8, 8],
							"color": 0,
							"children": [80, 81, 82, 83, 84, 85]
						}
					]
				},
				{
					"name": "bread1",
					"origin": [0, 0, 0],
					"color": 0,
					"children": [86, 87, 88, 89]
				},
				{
					"name": "bread1",
					"origin": [0, 0, 0],
					"color": 0,
					"children": [90, 91, 92, 93]
				}
			]
		}
	]
}