{
	"credit": "Made with Blockbench",
	"textures": {
		"2": "block/Hananacraft archive/white_wool_teatowel",
		"4": "block/rope",
		"5": "block/hangingbasketbase",
		"8": "block/bread1",
		"9": "block/bread1_layer",
		"10": "block/Hananacraft archive/stripped_oak_log_a"
	},
	"elements": [
		{
			"from": [2, 0, 2],
			"to": [14, 2, 14],
			"rotation": {"angle": 0, "axis": "y", "origin": [8.49659, 13.84252, 7.97993]},
			"faces": {
				"north": {"uv": [2.032, 12.032, 13.968, 13.968], "texture": "#5"},
				"east": {"uv": [2.032, 12.032, 13.968, 13.968], "texture": "#5"},
				"south": {"uv": [2.032, 12.032, 13.968, 13.968], "texture": "#5"},
				"west": {"uv": [2.032, 12.032, 13.968, 13.968], "texture": "#5"},
				"up": {"uv": [2.032, 1.032, 13.968, 12.968], "texture": "#5"},
				"down": {"uv": [2.032, 2.032, 13.968, 13.968], "texture": "#5"}
			}
		},
		{
			"from": [3, 2, 1],
			"to": [13, 6, 3],
			"rotation": {"angle": 0, "axis": "y", "origin": [8.49659, 13.84252, 7.97993]},
			"faces": {
				"north": {"uv": [2.032, 14.968, 11.968, 11.032], "texture": "#5"},
				"east": {"uv": [0.032, 0.032, 1.968, 3.968], "texture": "#5"},
				"south": {"uv": [3.032, 1.032, 12.968, 4.968], "texture": "#5"},
				"west": {"uv": [0.032, 0.032, 1.968, 3.968], "texture": "#5"},
				"up": {"uv": [3.032, 0.032, 12.968, 1.968], "texture": "#10"},
				"down": {"uv": [3.032, 4.032, 12.968, 5.968], "texture": "#5"}
			}
		},
		{
			"from": [3, 2, 13],
			"to": [13, 6, 15],
			"rotation": {"angle": 0, "axis": "y", "origin": [8.49659, 13.84252, 7.97993]},
			"faces": {
				"north": {"uv": [3.032, 1.032, 12.968, 4.968], "texture": "#5"},
				"east": {"uv": [0.032, 0.032, 1.968, 3.968], "texture": "#5"},
				"south": {"uv": [2.032, 14.968, 11.968, 11.032], "texture": "#5"},
				"west": {"uv": [0.032, 0.032, 1.968, 3.968], "texture": "#5"},
				"up": {"uv": [2.032, 0.032, 11.968, 1.968], "texture": "#10"},
				"down": {"uv": [2.032, 11.032, 11.968, 12.968], "texture": "#5"}
			}
		},
		{
			"from": [1, 2, 1],
			"to": [3, 6, 15],
			"rotation": {"angle": 0, "axis": "y", "origin": [8.49659, 13.84252, 7.97993]},
			"faces": {
				"north": {"uv": [8.032, 14.968, 9.968, 11.032], "texture": "#5"},
				"east": {"uv": [1.032, 1.032, 14.968, 4.968], "texture": "#5"},
				"south": {"uv": [8.032, 14.968, 9.968, 11.032], "texture": "#5"},
				"west": {"uv": [1.032, 14.968, 14.968, 11.032], "texture": "#5"},
				"up": {"uv": [1.032, 1.032, 2.968, 14.968], "texture": "#10"},
				"down": {"uv": [4.032, 1.032, 5.968, 14.968], "texture": "#5"}
			}
		},
		{
			"from": [13, 2, 1],
			"to": [15, 6, 15],
			"rotation": {"angle": 0, "axis": "y", "origin": [8.49659, 13.84252, 7.97993]},
			"faces": {
				"north": {"uv": [8.032, 14.968, 9.968, 11.032], "texture": "#5"},
				"east": {"uv": [1.032, 14.968, 14.968, 11.032], "texture": "#5"},
				"south": {"uv": [8.032, 14.968, 9.968, 11.032], "texture": "#5"},
				"west": {"uv": [1.032, 1.032, 14.968, 4.968], "texture": "#5"},
				"up": {"uv": [13.032, 0.032, 14.968, 13.968], "texture": "#10"},
				"down": {"uv": [12.032, 1.032, 13.968, 14.968], "texture": "#5"}
			}
		},
		{
			"from": [12.82534, 6.23059, 2.97874],
			"to": [15.22534, 6.23059, 12.97874],
			"rotation": {"angle": 0, "axis": "y", "origin": [8.49659, 13.84252, 7.97993]},
			"faces": {
				"north": {"uv": [0.032, 0.032, 2.4, 0.032], "texture": "#2"},
				"east": {"uv": [0.032, 0.032, 9.968, 0.032], "texture": "#2"},
				"south": {"uv": [0.032, 0.032, 2.4, 0.032], "texture": "#2"},
				"west": {"uv": [0.032, 0.032, 9.968, 0.032], "texture": "#2"},
				"up": {"uv": [5.032, 2.4, 14.968, 0.032], "rotation": 90, "texture": "#2"},
				"down": {"uv": [0.032, 0.032, 9.968, 2.4], "rotation": 270, "texture": "#2"}
			}
		},
		{
			"from": [11.79957, 0.83595, 2.97874],
			"to": [11.79957, 4.23595, 12.97874],
			"rotation": {"angle": 22.5, "axis": "z", "origin": [8.49659, 13.84252, 7.97993]},
			"faces": {
				"north": {"uv": [0.032, 0.032, 3.4, 0.032], "rotation": 270, "texture": "#2"},
				"east": {"uv": [5.032, 12.032, 14.968, 15.4], "rotation": 180, "texture": "#2"},
				"south": {"uv": [0.032, 0.032, 3.4, 0.032], "rotation": 90, "texture": "#2"},
				"west": {"uv": [5.032, 12.032, 14.968, 15.4], "rotation": 180, "texture": "#2"},
				"up": {"uv": [0.032, 0.032, 9.968, 0.032], "rotation": 90, "texture": "#2"},
				"down": {"uv": [0.032, 0.032, 9.968, 0.032], "rotation": 90, "texture": "#2"}
			}
		},
		{
			"from": [12.82434, 1.98159, 2.97874],
			"to": [12.82434, 6.23159, 12.97874],
			"rotation": {"angle": 0, "axis": "y", "origin": [8.49659, 13.84252, 7.97993]},
			"faces": {
				"north": {"uv": [0.032, 0.032, 4.25, 0.032], "rotation": 90, "texture": "#2"},
				"east": {"uv": [0.032, 0.032, 9.968, 4.25], "rotation": 180, "texture": "#2"},
				"south": {"uv": [0.032, 0.032, 4.25, 0.032], "rotation": 270, "texture": "#2"},
				"west": {"uv": [5.032, 5.032, 14.968, 9.25], "texture": "#2"},
				"up": {"uv": [0.032, 0.032, 9.968, 0.032], "rotation": 270, "texture": "#2"},
				"down": {"uv": [0.032, 0.032, 9.968, 0.032], "rotation": 270, "texture": "#2"}
			}
		},
		{
			"from": [8.57434, 2.23059, 2.97874],
			"to": [12.82434, 2.23059, 12.97874],
			"rotation": {"angle": 0, "axis": "y", "origin": [8.49659, 13.84252, 7.97993]},
			"faces": {
				"north": {"uv": [0.032, 0.032, 4.25, 0.032], "texture": "#2"},
				"east": {"uv": [0.032, 0.032, 9.968, 0.032], "texture": "#2"},
				"south": {"uv": [0.032, 0.032, 4.25, 0.032], "texture": "#2"},
				"west": {"uv": [0.032, 0.032, 9.968, 0.032], "texture": "#2"},
				"up": {"uv": [5.032, 8.25, 14.968, 4.032], "rotation": 90, "texture": "#2"},
				"down": {"uv": [0.032, 0.032, 9.968, 4.25], "rotation": 270, "texture": "#2"}
			}
		},
		{
			"from": [0.03126, -1, 7.64298],
			"to": [17.03126, 0, 7.64298],
			"rotation": {"angle": 45, "axis": "y", "origin": [8.49659, 13.84252, 7.97993]},
			"faces": {
				"north": {"uv": [0.032, 13.032, 15.968, 13.968], "texture": "#4"},
				"east": {"uv": [0.032, 0.032, 0.032, 9.968], "texture": "#4"},
				"south": {"uv": [2.968, 0.032, 0.032, 1.968], "texture": "#4"},
				"west": {"uv": [0.032, 0.032, 0.032, 9.968], "texture": "#4"},
				"up": {"uv": [2.968, 0.032, 0.032, 0.032], "rotation": 180, "texture": "#4"},
				"down": {"uv": [2.968, 0.032, 0.032, 0.032], "rotation": 180, "texture": "#4"}
			}
		},
		{
			"from": [0.03126, 9, 7.64298],
			"to": [3.03126, 12, 7.64298],
			"rotation": {"angle": 45, "axis": "y", "origin": [8.49659, 13.84252, 7.97993]},
			"faces": {
				"north": {"uv": [6.968, 0.032, 4.032, 2.968], "texture": "#4"},
				"east": {"uv": [6.968, 0.032, 4.032, 2.968], "texture": "#4"},
				"south": {"uv": [6.968, 0.032, 4.032, 2.968], "texture": "#4"},
				"west": {"uv": [6.968, 0.032, 4.032, 2.968], "texture": "#4"},
				"up": {"uv": [6.968, 0.032, 4.032, 2.968], "rotation": 180, "texture": "#4"},
				"down": {"uv": [6.968, 0.032, 4.032, 2.968], "rotation": 180, "texture": "#4"}
			}
		},
		{
			"from": [-0.96874, 6, 7.64298],
			"to": [2.03126, 9, 7.64298],
			"rotation": {"angle": 45, "axis": "y", "origin": [8.49659, 13.84252, 7.97993]},
			"faces": {
				"north": {"uv": [6.968, 0.032, 4.032, 2.968], "texture": "#4"},
				"east": {"uv": [6.968, 0.032, 4.032, 2.968], "texture": "#4"},
				"south": {"uv": [6.968, 0.032, 4.032, 2.968], "texture": "#4"},
				"west": {"uv": [6.968, 0.032, 4.032, 2.968], "texture": "#4"},
				"up": {"uv": [6.968, 0.032, 4.032, 2.968], "rotation": 180, "texture": "#4"},
				"down": {"uv": [6.968, 0.032, 4.032, 2.968], "rotation": 180, "texture": "#4"}
			}
		},
		{
			"from": [1.03126, 12, 7.64298],
			"to": [4.03126, 15, 7.64298],
			"rotation": {"angle": 45, "axis": "y", "origin": [8.49659, 13.84252, 7.97993]},
			"faces": {
				"north": {"uv": [6.968, 0.032, 4.032, 2.968], "texture": "#4"},
				"east": {"uv": [6.968, 0.032, 4.032, 2.968], "texture": "#4"},
				"south": {"uv": [6.968, 0.032, 4.032, 2.968], "texture": "#4"},
				"west": {"uv": [6.968, 0.032, 4.032, 2.968], "texture": "#4"},
				"up": {"uv": [6.968, 0.032, 4.032, 2.968], "rotation": 180, "texture": "#4"},
				"down": {"uv": [6.968, 0.032, 4.032, 2.968], "rotation": 180, "texture": "#4"}
			}
		},
		{
			"from": [2.03126, 15, 7.64298],
			"to": [5.03126, 18, 7.64298],
			"rotation": {"angle": 45, "axis": "y", "origin": [8.49659, 13.84252, 7.97993]},
			"faces": {
				"north": {"uv": [6.968, 0.032, 4.032, 2.968], "texture": "#4"},
				"east": {"uv": [6.968, 0.032, 4.032, 2.968], "texture": "#4"},
				"south": {"uv": [6.968, 0.032, 4.032, 2.968], "texture": "#4"},
				"west": {"uv": [6.968, 0.032, 4.032, 2.968], "texture": "#4"},
				"up": {"uv": [6.968, 0.032, 4.032, 2.968], "rotation": 180, "texture": "#4"},
				"down": {"uv": [6.968, 0.032, 4.032, 2.968], "rotation": 180, "texture": "#4"}
			}
		},
		{
			"from": [3.03126, 18, 7.64298],
			"to": [6.03126, 21, 7.64298],
			"rotation": {"angle": 45, "axis": "y", "origin": [8.49659, 13.84252, 7.97993]},
			"faces": {
				"north": {"uv": [6.968, 0.032, 4.032, 2.968], "texture": "#4"},
				"east": {"uv": [6.968, 0.032, 4.032, 2.968], "texture": "#4"},
				"south": {"uv": [6.968, 0.032, 4.032, 2.968], "texture": "#4"},
				"west": {"uv": [6.968, 0.032, 4.032, 2.968], "texture": "#4"},
				"up": {"uv": [6.968, 0.032, 4.032, 2.968], "rotation": 180, "texture": "#4"},
				"down": {"uv": [6.968, 0.032, 4.032, 2.968], "rotation": 180, "texture": "#4"}
			}
		},
		{
			"from": [4.03126, 21, 7.64298],
			"to": [7.03126, 24, 7.64298],
			"rotation": {"angle": 45, "axis": "y", "origin": [8.49659, 13.84252, 7.97993]},
			"faces": {
				"north": {"uv": [6.968, 0.032, 4.032, 2.968], "texture": "#4"},
				"east": {"uv": [6.968, 0.032, 4.032, 2.968], "texture": "#4"},
				"south": {"uv": [6.968, 0.032, 4.032, 2.968], "texture": "#4"},
				"west": {"uv": [6.968, 0.032, 4.032, 2.968], "texture": "#4"},
				"up": {"uv": [6.968, 0.032, 4.032, 2.968], "rotation": 180, "texture": "#4"},
				"down": {"uv": [6.968, 0.032, 4.032, 2.968], "rotation": 180, "texture": "#4"}
			}
		},
		{
			"from": [13.23126, 9, 7.64298],
			"to": [16.23126, 12, 7.64298],
			"rotation": {"angle": 45, "axis": "y", "origin": [8.49659, 13.84252, 7.97993]},
			"faces": {
				"north": {"uv": [6.968, 0.032, 4.032, 2.968], "texture": "#4"},
				"east": {"uv": [6.968, 0.032, 4.032, 2.968], "texture": "#4"},
				"south": {"uv": [6.968, 0.032, 4.032, 2.968], "texture": "#4"},
				"west": {"uv": [6.968, 0.032, 4.032, 2.968], "texture": "#4"},
				"up": {"uv": [6.968, 0.032, 4.032, 2.968], "texture": "#4"},
				"down": {"uv": [6.968, 0.032, 4.032, 2.968], "texture": "#4"}
			}
		},
		{
			"from": [14.23126, 6, 7.64298],
			"to": [17.23126, 9, 7.64298],
			"rotation": {"angle": 45, "axis": "y", "origin": [8.49659, 13.84252, 7.97993]},
			"faces": {
				"north": {"uv": [6.968, 0.032, 4.032, 2.968], "texture": "#4"},
				"east": {"uv": [6.968, 0.032, 4.032, 2.968], "texture": "#4"},
				"south": {"uv": [6.968, 0.032, 4.032, 2.968], "texture": "#4"},
				"west": {"uv": [6.968, 0.032, 4.032, 2.968], "texture": "#4"},
				"up": {"uv": [6.968, 0.032, 4.032, 2.968], "texture": "#4"},
				"down": {"uv": [6.968, 0.032, 4.032, 2.968], "texture": "#4"}
			}
		},
		{
			"from": [12.23126, 12, 7.64298],
			"to": [15.23126, 15, 7.64298],
			"rotation": {"angle": 45, "axis": "y", "origin": [8.49659, 13.84252, 7.97993]},
			"faces": {
				"north": {"uv": [6.968, 0.032, 4.032, 2.968], "texture": "#4"},
				"east": {"uv": [6.968, 0.032, 4.032, 2.968], "texture": "#4"},
				"south": {"uv": [6.968, 0.032, 4.032, 2.968], "texture": "#4"},
				"west": {"uv": [6.968, 0.032, 4.032, 2.968], "texture": "#4"},
				"up": {"uv": [6.968, 0.032, 4.032, 2.968], "texture": "#4"},
				"down": {"uv": [6.968, 0.032, 4.032, 2.968], "texture": "#4"}
			}
		},
		{
			"from": [11.23126, 15, 7.64298],
			"to": [14.23126, 18, 7.64298],
			"rotation": {"angle": 45, "axis": "y", "origin": [8.49659, 13.84252, 7.97993]},
			"faces": {
				"north": {"uv": [6.968, 0.032, 4.032, 2.968], "texture": "#4"},
				"east": {"uv": [6.968, 0.032, 4.032, 2.968], "texture": "#4"},
				"south": {"uv": [6.968, 0.032, 4.032, 2.968], "texture": "#4"},
				"west": {"uv": [6.968, 0.032, 4.032, 2.968], "texture": "#4"},
				"up": {"uv": [6.968, 0.032, 4.032, 2.968], "texture": "#4"},
				"down": {"uv": [6.968, 0.032, 4.032, 2.968], "texture": "#4"}
			}
		},
		{
			"from": [10.23126, 18, 7.64298],
			"to": [13.23126, 21, 7.64298],
			"rotation": {"angle": 45, "axis": "y", "origin": [8.49659, 13.84252, 7.97993]},
			"faces": {
				"north": {"uv": [6.968, 0.032, 4.032, 2.968], "texture": "#4"},
				"east": {"uv": [6.968, 0.032, 4.032, 2.968], "texture": "#4"},
				"south": {"uv": [6.968, 0.032, 4.032, 2.968], "texture": "#4"},
				"west": {"uv": [6.968, 0.032, 4.032, 2.968], "texture": "#4"},
				"up": {"uv": [6.968, 0.032, 4.032, 2.968], "texture": "#4"},
				"down": {"uv": [6.968, 0.032, 4.032, 2.968], "texture": "#4"}
			}
		},
		{
			"from": [9.23126, 21, 7.64298],
			"to": [12.23126, 24, 7.64298],
			"rotation": {"angle": 45, "axis": "y", "origin": [8.49659, 13.84252, 7.97993]},
			"faces": {
				"north": {"uv": [6.968, 0.032, 4.032, 2.968], "texture": "#4"},
				"east": {"uv": [6.968, 0.032, 4.032, 2.968], "texture": "#4"},
				"south": {"uv": [6.968, 0.032, 4.032, 2.968], "texture": "#4"},
				"west": {"uv": [6.968, 0.032, 4.032, 2.968], "texture": "#4"},
				"up": {"uv": [6.968, 0.032, 4.032, 2.968], "texture": "#4"},
				"down": {"uv": [6.968, 0.032, 4.032, 2.968], "texture": "#4"}
			}
		},
		{
			"from": [8, 24, 6.5],
			"to": [8, 27, 9.5],
			"rotation": {"angle": 0, "axis": "y", "origin": [8.49659, 13.84252, 7.97993]},
			"faces": {
				"north": {"uv": [6.968, 0.032, 4.032, 2.968], "texture": "#4"},
				"east": {"uv": [15.968, 0.032, 13.032, 2.968], "texture": "#4"},
				"south": {"uv": [6.968, 0.032, 4.032, 2.968], "texture": "#4"},
				"west": {"uv": [15.968, 0.032, 13.032, 2.968], "texture": "#4"},
				"up": {"uv": [6.968, 0.032, 4.032, 2.968], "rotation": 270, "texture": "#4"},
				"down": {"uv": [6.968, 0.032, 4.032, 2.968], "rotation": 90, "texture": "#4"}
			}
		},
		{
			"from": [8.13126, -1, -1.25702],
			"to": [8.13126, 0, 15.74298],
			"rotation": {"angle": 45, "axis": "y", "origin": [8.49659, 13.84252, 7.97993]},
			"faces": {
				"north": {"uv": [0.032, 0.032, 0.032, 9.968], "texture": "#4"},
				"east": {"uv": [2.968, 0.032, 0.032, 1.968], "texture": "#4"},
				"south": {"uv": [0.032, 0.032, 0.032, 9.968], "texture": "#4"},
				"west": {"uv": [0.032, 13.032, 15.968, 13.968], "texture": "#4"},
				"up": {"uv": [2.968, 0.032, 0.032, 0.032], "rotation": 90, "texture": "#4"},
				"down": {"uv": [2.968, 0.032, 0.032, 0.032], "rotation": 270, "texture": "#4"}
			}
		},
		{
			"from": [8.13126, 9, 12.74298],
			"to": [8.13126, 12, 15.74298],
			"rotation": {"angle": 45, "axis": "y", "origin": [8.49659, 13.84252, 7.97993]},
			"faces": {
				"north": {"uv": [6.968, 0.032, 4.032, 2.968], "texture": "#4"},
				"east": {"uv": [6.968, 0.032, 4.032, 2.968], "texture": "#4"},
				"south": {"uv": [6.968, 0.032, 4.032, 2.968], "texture": "#4"},
				"west": {"uv": [6.968, 0.032, 4.032, 2.968], "texture": "#4"},
				"up": {"uv": [6.968, 0.032, 4.032, 2.968], "rotation": 90, "texture": "#4"},
				"down": {"uv": [6.968, 0.032, 4.032, 2.968], "rotation": 270, "texture": "#4"}
			}
		},
		{
			"from": [8.13126, 6, 13.74298],
			"to": [8.13126, 9, 16.74298],
			"rotation": {"angle": 45, "axis": "y", "origin": [8.49659, 13.84252, 7.97993]},
			"faces": {
				"north": {"uv": [6.968, 0.032, 4.032, 2.968], "texture": "#4"},
				"east": {"uv": [6.968, 0.032, 4.032, 2.968], "texture": "#4"},
				"south": {"uv": [6.968, 0.032, 4.032, 2.968], "texture": "#4"},
				"west": {"uv": [6.968, 0.032, 4.032, 2.968], "texture": "#4"},
				"up": {"uv": [6.968, 0.032, 4.032, 2.968], "rotation": 90, "texture": "#4"},
				"down": {"uv": [6.968, 0.032, 4.032, 2.968], "rotation": 270, "texture": "#4"}
			}
		},
		{
			"from": [8.13126, 12, 11.74298],
			"to": [8.13126, 15, 14.74298],
			"rotation": {"angle": 45, "axis": "y", "origin": [8.49659, 13.84252, 7.97993]},
			"faces": {
				"north": {"uv": [6.968, 0.032, 4.032, 2.968], "texture": "#4"},
				"east": {"uv": [6.968, 0.032, 4.032, 2.968], "texture": "#4"},
				"south": {"uv": [6.968, 0.032, 4.032, 2.968], "texture": "#4"},
				"west": {"uv": [6.968, 0.032, 4.032, 2.968], "texture": "#4"},
				"up": {"uv": [6.968, 0.032, 4.032, 2.968], "rotation": 90, "texture": "#4"},
				"down": {"uv": [6.968, 0.032, 4.032, 2.968], "rotation": 270, "texture": "#4"}
			}
		},
		{
			"from": [8.13126, 15, 10.74298],
			"to": [8.13126, 18, 13.74298],
			"rotation": {"angle": 45, "axis": "y", "origin": [8.49659, 13.84252, 7.97993]},
			"faces": {
				"north": {"uv": [6.968, 0.032, 4.032, 2.968], "texture": "#4"},
				"east": {"uv": [6.968, 0.032, 4.032, 2.968], "texture": "#4"},
				"south": {"uv": [6.968, 0.032, 4.032, 2.968], "texture": "#4"},
				"west": {"uv": [6.968, 0.032, 4.032, 2.968], "texture": "#4"},
				"up": {"uv": [6.968, 0.032, 4.032, 2.968], "rotation": 90, "texture": "#4"},
				"down": {"uv": [6.968, 0.032, 4.032, 2.968], "rotation": 270, "texture": "#4"}
			}
		},
		{
			"from": [8.13126, 18, 9.74298],
			"to": [8.13126, 21, 12.74298],
			"rotation": {"angle": 45, "axis": "y", "origin": [8.49659, 13.84252, 7.97993]},
			"faces": {
				"north": {"uv": [6.968, 0.032, 4.032, 2.968], "texture": "#4"},
				"east": {"uv": [6.968, 0.032, 4.032, 2.968], "texture": "#4"},
				"south": {"uv": [6.968, 0.032, 4.032, 2.968], "texture": "#4"},
				"west": {"uv": [6.968, 0.032, 4.032, 2.968], "texture": "#4"},
				"up": {"uv": [6.968, 0.032, 4.032, 2.968], "rotation": 90, "texture": "#4"},
				"down": {"uv": [6.968, 0.032, 4.032, 2.968], "rotation": 270, "texture": "#4"}
			}
		},
		{
			"from": [8.13126, 21, 8.74298],
			"to": [8.13126, 24, 11.74298],
			"rotation": {"angle": 45, "axis": "y", "origin": [8.49659, 13.84252, 7.97993]},
			"faces": {
				"north": {"uv": [6.968, 0.032, 4.032, 2.968], "texture": "#4"},
				"east": {"uv": [6.968, 0.032, 4.032, 2.968], "texture": "#4"},
				"south": {"uv": [6.968, 0.032, 4.032, 2.968], "texture": "#4"},
				"west": {"uv": [6.968, 0.032, 4.032, 2.968], "texture": "#4"},
				"up": {"uv": [6.968, 0.032, 4.032, 2.968], "rotation": 90, "texture": "#4"},
				"down": {"uv": [6.968, 0.032, 4.032, 2.968], "rotation": 270, "texture": "#4"}
			}
		},
		{
			"from": [8.13126, 9, -0.45702],
			"to": [8.13126, 12, 2.54298],
			"rotation": {"angle": 45, "axis": "y", "origin": [8.49659, 13.84252, 7.97993]},
			"faces": {
				"north": {"uv": [6.968, 0.032, 4.032, 2.968], "texture": "#4"},
				"east": {"uv": [6.968, 0.032, 4.032, 2.968], "texture": "#4"},
				"south": {"uv": [6.968, 0.032, 4.032, 2.968], "texture": "#4"},
				"west": {"uv": [6.968, 0.032, 4.032, 2.968], "texture": "#4"},
				"up": {"uv": [6.968, 0.032, 4.032, 2.968], "rotation": 270, "texture": "#4"},
				"down": {"uv": [6.968, 0.032, 4.032, 2.968], "rotation": 90, "texture": "#4"}
			}
		},
		{
			"from": [8.13126, 6, -1.45702],
			"to": [8.13126, 9, 1.54298],
			"rotation": {"angle": 45, "axis": "y", "origin": [8.49659, 13.84252, 7.97993]},
			"faces": {
				"north": {"uv": [6.968, 0.032, 4.032, 2.968], "texture": "#4"},
				"east": {"uv": [6.968, 0.032, 4.032, 2.968], "texture": "#4"},
				"south": {"uv": [6.968, 0.032, 4.032, 2.968], "texture": "#4"},
				"west": {"uv": [6.968, 0.032, 4.032, 2.968], "texture": "#4"},
				"up": {"uv": [6.968, 0.032, 4.032, 2.968], "rotation": 270, "texture": "#4"},
				"down": {"uv": [6.968, 0.032, 4.032, 2.968], "rotation": 90, "texture": "#4"}
			}
		},
		{
			"from": [8.13126, 12, 0.54298],
			"to": [8.13126, 15, 3.54298],
			"rotation": {"angle": 45, "axis": "y", "origin": [8.49659, 13.84252, 7.97993]},
			"faces": {
				"north": {"uv": [6.968, 0.032, 4.032, 2.968], "texture": "#4"},
				"east": {"uv": [6.968, 0.032, 4.032, 2.968], "texture": "#4"},
				"south": {"uv": [6.968, 0.032, 4.032, 2.968], "texture": "#4"},
				"west": {"uv": [6.968, 0.032, 4.032, 2.968], "texture": "#4"},
				"up": {"uv": [6.968, 0.032, 4.032, 2.968], "rotation": 270, "texture": "#4"},
				"down": {"uv": [6.968, 0.032, 4.032, 2.968], "rotation": 90, "texture": "#4"}
			}
		},
		{
			"from": [8.13126, 15, 1.54298],
			"to": [8.13126, 18, 4.54298],
			"rotation": {"angle": 45, "axis": "y", "origin": [8.49659, 13.84252, 7.97993]},
			"faces": {
				"north": {"uv": [6.968, 0.032, 4.032, 2.968], "texture": "#4"},
				"east": {"uv": [6.968, 0.032, 4.032, 2.968], "texture": "#4"},
				"south": {"uv": [6.968, 0.032, 4.032, 2.968], "texture": "#4"},
				"west": {"uv": [6.968, 0.032, 4.032, 2.968], "texture": "#4"},
				"up": {"uv": [6.968, 0.032, 4.032, 2.968], "rotation": 270, "texture": "#4"},
				"down": {"uv": [6.968, 0.032, 4.032, 2.968], "rotation": 90, "texture": "#4"}
			}
		},
		{
			"from": [8.13126, 18, 2.54298],
			"to": [8.13126, 21, 5.54298],
			"rotation": {"angle": 45, "axis": "y", "origin": [8.49659, 13.84252, 7.97993]},
			"faces": {
				"north": {"uv": [6.968, 0.032, 4.032, 2.968], "texture": "#4"},
				"east": {"uv": [6.968, 0.032, 4.032, 2.968], "texture": "#4"},
				"south": {"uv": [6.968, 0.032, 4.032, 2.968], "texture": "#4"},
				"west": {"uv": [6.968, 0.032, 4.032, 2.968], "texture": "#4"},
				"up": {"uv": [6.968, 0.032, 4.032, 2.968], "rotation": 270, "texture": "#4"},
				"down": {"uv": [6.968, 0.032, 4.032, 2.968], "rotation": 90, "texture": "#4"}
			}
		},
		{
			"from": [8.13126, 21, 3.54298],
			"to": [8.13126, 24, 6.54298],
			"rotation": {"angle": 45, "axis": "y", "origin": [8.49659, 13.84252, 7.97993]},
			"faces": {
				"north": {"uv": [6.968, 0.032, 4.032, 2.968], "texture": "#4"},
				"east": {"uv": [6.968, 0.032, 4.032, 2.968], "texture": "#4"},
				"south": {"uv": [6.968, 0.032, 4.032, 2.968], "texture": "#4"},
				"west": {"uv": [6.968, 0.032, 4.032, 2.968], "texture": "#4"},
				"up": {"uv": [6.968, 0.032, 4.032, 2.968], "rotation": 270, "texture": "#4"},
				"down": {"uv": [6.968, 0.032, 4.032, 2.968], "rotation": 90, "texture": "#4"}
			}
		},
		{
			"from": [8.13126, 24, 4.54298],
			"to": [8.13126, 26, 7.54298],
			"rotation": {"angle": 45, "axis": "y", "origin": [8.49659, 13.84252, 7.97993]},
			"faces": {
				"north": {"uv": [6.968, 0.032, 4.032, 2.968], "texture": "#4"},
				"east": {"uv": [6.968, 0.032, 4.032, 1.968], "texture": "#4"},
				"south": {"uv": [6.968, 0.032, 4.032, 2.968], "texture": "#4"},
				"west": {"uv": [6.968, 0.032, 4.032, 1.968], "texture": "#4"},
				"up": {"uv": [6.968, 0.032, 4.032, 2.968], "rotation": 270, "texture": "#4"},
				"down": {"uv": [6.968, 0.032, 4.032, 2.968], "rotation": 90, "texture": "#4"}
			}
		},
		{
			"from": [8.13126, 24, 7.79298],
			"to": [8.13126, 26, 10.79298],
			"rotation": {"angle": 45, "axis": "y", "origin": [8.49659, 13.84252, 7.97993]},
			"faces": {
				"north": {"uv": [6.968, 0.032, 4.032, 2.968], "texture": "#4"},
				"east": {"uv": [6.968, 0.032, 4.032, 1.968], "texture": "#4"},
				"south": {"uv": [6.968, 0.032, 4.032, 2.968], "texture": "#4"},
				"west": {"uv": [6.968, 0.032, 4.032, 1.968], "texture": "#4"},
				"up": {"uv": [6.968, 0.032, 4.032, 2.968], "rotation": 270, "texture": "#4"},
				"down": {"uv": [6.968, 0.032, 4.032, 2.968], "rotation": 90, "texture": "#4"}
			}
		},
		{
			"from": [8.13126, 24, 6.54299],
			"to": [8.13126, 27, 8.84299],
			"rotation": {"angle": 45, "axis": "y", "origin": [8.49659, 13.84252, 7.97993]},
			"faces": {
				"north": {"uv": [6.968, 0.032, 4.032, 2.968], "rotation": 270, "texture": "#4"},
				"east": {"uv": [6.968, 0.032, 4.032, 1.968], "rotation": 270, "texture": "#4"},
				"south": {"uv": [6.968, 0.032, 4.032, 2.968], "rotation": 270, "texture": "#4"},
				"west": {"uv": [6.968, 0.032, 4.032, 1.968], "rotation": 90, "texture": "#4"},
				"up": {"uv": [6.968, 0.032, 4.032, 2.968], "rotation": 180, "texture": "#4"},
				"down": {"uv": [6.968, 0.032, 4.032, 2.968], "texture": "#4"}
			}
		},
		{
			"from": [7.03126, 24, 7.54299],
			"to": [9.33126, 27, 7.54299],
			"rotation": {"angle": 45, "axis": "y", "origin": [8.49659, 13.84252, 7.97993]},
			"faces": {
				"north": {"uv": [6.968, 0.032, 4.032, 1.968], "rotation": 270, "texture": "#4"},
				"east": {"uv": [6.968, 0.032, 4.032, 2.968], "rotation": 270, "texture": "#4"},
				"south": {"uv": [6.968, 0.032, 4.032, 1.968], "rotation": 90, "texture": "#4"},
				"west": {"uv": [6.968, 0.032, 4.032, 2.968], "rotation": 270, "texture": "#4"},
				"up": {"uv": [6.968, 0.032, 4.032, 2.968], "rotation": 90, "texture": "#4"},
				"down": {"uv": [6.968, 0.032, 4.032, 2.968], "rotation": 90, "texture": "#4"}
			}
		},
		{
			"from": [5.03126, 24, 7.54298],
			"to": [8.03126, 26, 7.54298],
			"rotation": {"angle": 45, "axis": "y", "origin": [8.49659, 13.84252, 7.97993]},
			"faces": {
				"north": {"uv": [6.968, 0.032, 4.032, 1.968], "texture": "#4"},
				"east": {"uv": [6.968, 0.032, 4.032, 2.968], "texture": "#4"},
				"south": {"uv": [6.968, 0.032, 4.032, 1.968], "texture": "#4"},
				"west": {"uv": [6.968, 0.032, 4.032, 2.968], "texture": "#4"},
				"up": {"uv": [6.968, 0.032, 4.032, 2.968], "rotation": 180, "texture": "#4"},
				"down": {"uv": [6.968, 0.032, 4.032, 2.968], "rotation": 180, "texture": "#4"}
			}
		},
		{
			"from": [8.28126, 24, 7.54298],
			"to": [11.28126, 26, 7.54298],
			"rotation": {"angle": 45, "axis": "y", "origin": [8.49659, 13.84252, 7.97993]},
			"faces": {
				"north": {"uv": [6.968, 0.032, 4.032, 1.968], "texture": "#4"},
				"east": {"uv": [6.968, 0.032, 4.032, 2.968], "texture": "#4"},
				"south": {"uv": [6.968, 0.032, 4.032, 1.968], "texture": "#4"},
				"west": {"uv": [6.968, 0.032, 4.032, 2.968], "texture": "#4"},
				"up": {"uv": [6.968, 0.032, 4.032, 2.968], "rotation": 180, "texture": "#4"},
				"down": {"uv": [6.968, 0.032, 4.032, 2.968], "rotation": 180, "texture": "#4"}
			}
		},
		{
			"from": [6.5, 24, 8],
			"to": [9.5, 27, 8],
			"rotation": {"angle": 0, "axis": "y", "origin": [8.49659, 13.84252, 7.97993]},
			"faces": {
				"north": {"uv": [15.968, 0.032, 13.032, 2.968], "texture": "#4"},
				"east": {"uv": [6.968, 0.032, 4.032, 2.968], "texture": "#4"},
				"south": {"uv": [15.968, 0.032, 13.032, 2.968], "texture": "#4"},
				"west": {"uv": [6.968, 0.032, 4.032, 2.968], "texture": "#4"},
				"up": {"uv": [6.968, 0.032, 4.032, 2.968], "rotation": 180, "texture": "#4"},
				"down": {"uv": [6.968, 0.032, 4.032, 2.968], "rotation": 180, "texture": "#4"}
			}
		},
		{
			"from": [3.04892, 3.29629, 3.27579],
			"to": [10.8152, 10.19965, 6.72747],
			"rotation": {"angle": -22.5, "axis": "x", "origin": [6.93206, 5.99797, 6.6946]},
			"faces": {
				"north": {"uv": [4.06, 9.06, 8.94, 11.94], "rotation": 180, "texture": "#8"},
				"east": {"uv": [0.06, 8.06, 7.94, 11.94], "rotation": 270, "texture": "#8"},
				"south": {"uv": [0.06, 0.06, 8.94, 7.94], "texture": "#8"},
				"west": {"uv": [0.06, 8.06, 7.94, 11.94], "rotation": 90, "texture": "#8"},
				"up": {"uv": [0.06, 8.06, 8.94, 11.94], "rotation": 180, "texture": "#8"},
				"down": {"uv": [0.06, 8.06, 8.94, 11.94], "texture": "#8"}
			}
		},
		{
			"from": [3.91184, 4.15921, 6.72747],
			"to": [9.95228, 9.33673, 7.59039],
			"rotation": {"angle": -22.5, "axis": "x", "origin": [6.93206, 5.99797, 6.6946]},
			"faces": {
				"north": {"uv": [0.06, 0.06, -0.032, -0.032], "rotation": 180, "texture": "#8"},
				"east": {"uv": [0.06, 7.06, 5.94, 7.94], "rotation": 270, "texture": "#8"},
				"south": {"uv": [1.06, 1.06, 7.94, 6.94], "texture": "#8"},
				"west": {"uv": [1.06, 0.06, 6.94, 0.94], "rotation": 90, "texture": "#8"},
				"up": {"uv": [2.06, 7.06, 8.94, 7.94], "rotation": 180, "texture": "#8"},
				"down": {"uv": [0.06, 8.06, 6.94, 8.94], "texture": "#8"}
			}
		},
		{
			"from": [3.91184, 4.15921, 7.79039],
			"to": [9.95228, 9.33673, 7.79039],
			"rotation": {"angle": -22.5, "axis": "x", "origin": [6.93206, 5.99797, 6.6946]},
			"faces": {
				"east": {"uv": [0.032, 0.032, 0.032, 0.032], "rotation": 270, "texture": "#9"},
				"south": {"uv": [1.06, 1.06, 7.94, 6.94], "texture": "#9"},
				"west": {"uv": [0.032, 0.032, 0.032, 0.032], "rotation": 90, "texture": "#9"},
				"up": {"uv": [0.032, 0.032, 0.032, 0.032], "rotation": 180, "texture": "#9"},
				"down": {"uv": [0.032, 0.032, 0.032, 0.032], "texture": "#9"}
			}
		},
		{
			"from": [3.04892, 3.29629, 6.82747],
			"to": [10.8152, 10.19965, 6.82747],
			"rotation": {"angle": -22.5, "axis": "x", "origin": [6.93206, 5.99797, 6.6946]},
			"faces": {
				"south": {"uv": [0.06, 0.06, 8.94, 7.94], "texture": "#9"}
			}
		},
		{
			"from": [5.04892, 0.54629, 7.82579],
			"to": [12.8152, 7.44965, 11.27747],
			"rotation": {"angle": -22.5, "axis": "x", "origin": [6.93206, 5.99797, 6.9446]},
			"faces": {
				"north": {"uv": [4.06, 9.06, 8.94, 11.94], "rotation": 180, "texture": "#8"},
				"east": {"uv": [0.06, 8.06, 7.94, 11.94], "rotation": 270, "texture": "#8"},
				"south": {"uv": [0.06, 0.06, 8.94, 7.94], "texture": "#8"},
				"west": {"uv": [0.06, 8.06, 7.94, 11.94], "rotation": 90, "texture": "#8"},
				"up": {"uv": [0.06, 8.06, 8.94, 11.94], "rotation": 180, "texture": "#8"},
				"down": {"uv": [0.06, 8.06, 8.94, 11.94], "texture": "#8"}
			}
		},
		{
			"from": [5.91184, 1.40921, 11.27747],
			"to": [11.95228, 6.58673, 12.14039],
			"rotation": {"angle": -22.5, "axis": "x", "origin": [6.93206, 5.99797, 6.9446]},
			"faces": {
				"north": {"uv": [0.06, 0.06, -0.032, -0.032], "rotation": 180, "texture": "#8"},
				"east": {"uv": [0.06, 7.06, 5.94, 7.94], "rotation": 270, "texture": "#8"},
				"south": {"uv": [1.06, 1.06, 7.94, 6.94], "texture": "#8"},
				"west": {"uv": [1.06, 0.06, 6.94, 0.94], "rotation": 90, "texture": "#8"},
				"up": {"uv": [2.06, 7.06, 8.94, 7.94], "rotation": 180, "texture": "#8"},
				"down": {"uv": [0.06, 8.06, 6.94, 8.94], "texture": "#8"}
			}
		},
		{
			"from": [5.91184, 1.40921, 12.34039],
			"to": [11.95228, 6.58673, 12.34039],
			"rotation": {"angle": -22.5, "axis": "x", "origin": [6.93206, 5.99797, 6.9446]},
			"faces": {
				"east": {"uv": [0.032, 0.032, 0.032, 0.032], "rotation": 270, "texture": "#9"},
				"south": {"uv": [1.06, 1.06, 7.94, 6.94], "texture": "#9"},
				"west": {"uv": [0.032, 0.032, 0.032, 0.032], "rotation": 90, "texture": "#9"},
				"up": {"uv": [0.032, 0.032, 0.032, 0.032], "rotation": 180, "texture": "#9"},
				"down": {"uv": [0.032, 0.032, 0.032, 0.032], "texture": "#9"}
			}
		},
		{
			"from": [5.04892, 0.54629, 11.37747],
			"to": [12.8152, 7.44965, 11.37747],
			"rotation": {"angle": -22.5, "axis": "x", "origin": [6.93206, 5.99797, 6.9446]},
			"faces": {
				"south": {"uv": [0.06, 0.06, 8.94, 7.94], "texture": "#9"}
			}
		}
	],
	"display": {
		"thirdperson_righthand": {
			"rotation": [65, -180, 0],
			"translation": [-6.25, 4, 1]
		},
		"firstperson_righthand": {
			"translation": [3.75, -0.75, 0]
		},
		"ground": {
			"translation": [0, 4, 0]
		},
		"gui": {
			"rotation": [28.25, -27.5, 0],
			"translation": [0, 0.5, 0]
		},
		"fixed": {
			"rotation": [90, 0, 0],
			"translation": [0, 0, -37],
			"scale": [2, 2, 2]
		}
	},
	"groups": [
		{
			"name": "basket",
			"origin": [8, 8, 8],
			"color": 0,
			"children": [
				0,
				1,
				2,
				3,
				4,
				{
					"name": "cloth",
					"origin": [8, 8, 8],
					"color": 0,
					"children": [5, 6, 7, 8]
				},
				{
					"name": "rope",
					"origin": [8, 8, 8],
					"color": 0,
					"children": [
						9,
						10,
						11,
						12,
						13,
						14,
						15,
						{
							"name": "rope",
							"origin": [8, 8, 8],
							"color": 0,
							"children": [16, 17, 18, 19, 20, 21, 22]
						}
					]
				},
				{
					"name": "rope",
					"origin": [8, 8, 8],
					"color": 0,
					"children": [
						23,
						24,
						25,
						26,
						27,
						28,
						29,
						{
							"name": "rope",
							"origin": [8, 8, 8],
							"color": 0,
							"children": [30, 31, 32, 33, 34, 35, 36, 37, 38, 39, 40, 41, 42]
						}
					]
				}
			]
		},
		{
			"name": "bread1",
			"origin": [0, 0, 0],
			"color": 0,
			"children": [43, 44, 45, 46]
		},
		{
			"name": "bread1",
			"origin": [0, 0, 0],
			"color": 0,
			"children": [47, 48, 49, 50]
		}
	]
}