{
	"credit": "Made with Blockbench",
	"textures": {
		"1": "block/Hananacraft archive/stripped_oak_log_a",
		"4": "block/rope",
		"5": "block/hangingbasketbase",
		"6": "block/bread2",
		"7": "block/bread2_layer",
		"particle": "block/bread2"
	},
	"elements": [
		{
			"from": [2, 0, 2],
			"to": [14, 2, 14],
			"rotation": {"angle": 0, "axis": "y", "origin": [0, 1, 0]},
			"faces": {
				"north": {"uv": [2.06, 12.06, 13.94, 13.94], "texture": "#5"},
				"east": {"uv": [2.06, 12.06, 13.94, 13.94], "texture": "#5"},
				"south": {"uv": [2.06, 12.06, 13.94, 13.94], "texture": "#5"},
				"west": {"uv": [2.06, 12.06, 13.94, 13.94], "texture": "#5"},
				"up": {"uv": [2.06, 1.06, 13.94, 12.94], "texture": "#5"},
				"down": {"uv": [2.06, 2.06, 13.94, 13.94], "texture": "#5"}
			}
		},
		{
			"from": [3, 2, 1],
			"to": [13, 6, 3],
			"rotation": {"angle": 0, "axis": "y", "origin": [0, 1, 0]},
			"faces": {
				"north": {"uv": [2.06, 14.94, 11.94, 11.06], "texture": "#5"},
				"east": {"uv": [0.06, 0.06, 1.94, 3.94], "texture": "#5"},
				"south": {"uv": [3.06, 1.06, 12.94, 4.94], "texture": "#5"},
				"west": {"uv": [0.06, 0.06, 1.94, 3.94], "texture": "#5"},
				"up": {"uv": [3.06, 0.06, 12.94, 1.94], "texture": "#1"},
				"down": {"uv": [3.06, 4.06, 12.94, 5.94], "texture": "#5"}
			}
		},
		{
			"from": [3, 2, 13],
			"to": [13, 6, 15],
			"rotation": {"angle": 0, "axis": "y", "origin": [0, 1, 0]},
			"faces": {
				"north": {"uv": [3.06, 1.06, 12.94, 4.94], "texture": "#5"},
				"east": {"uv": [0.06, 0.06, 1.94, 3.94], "texture": "#5"},
				"south": {"uv": [2.06, 14.94, 11.94, 11.06], "texture": "#5"},
				"west": {"uv": [0.06, 0.06, 1.94, 3.94], "texture": "#5"},
				"up": {"uv": [2.06, 0.06, 11.94, 1.94], "texture": "#1"},
				"down": {"uv": [2.06, 11.06, 11.94, 12.94], "texture": "#5"}
			}
		},
		{
			"from": [1, 2, 1],
			"to": [3, 6, 15],
			"rotation": {"angle": 0, "axis": "y", "origin": [0, 1, 0]},
			"faces": {
				"north": {"uv": [8.06, 14.94, 9.94, 11.06], "texture": "#5"},
				"east": {"uv": [1.06, 1.06, 14.94, 4.94], "texture": "#5"},
				"south": {"uv": [8.06, 14.94, 9.94, 11.06], "texture": "#5"},
				"west": {"uv": [1.06, 14.94, 14.94, 11.06], "texture": "#5"},
				"up": {"uv": [1.06, 1.06, 2.94, 14.94], "texture": "#1"},
				"down": {"uv": [4.06, 1.06, 5.94, 14.94], "texture": "#5"}
			}
		},
		{
			"from": [13, 2, 1],
			"to": [15, 6, 15],
			"rotation": {"angle": 0, "axis": "y", "origin": [0, 1, 0]},
			"faces": {
				"north": {"uv": [8.06, 14.94, 9.94, 11.06], "texture": "#5"},
				"east": {"uv": [1.06, 14.94, 14.94, 11.06], "texture": "#5"},
				"south": {"uv": [8.06, 14.94, 9.94, 11.06], "texture": "#5"},
				"west": {"uv": [1.06, 1.06, 14.94, 4.94], "texture": "#5"},
				"up": {"uv": [13.06, 0.06, 14.94, 13.94], "texture": "#1"},
				"down": {"uv": [12.06, 1.06, 13.94, 14.94], "texture": "#5"}
			}
		},
		{
			"from": [-0.1, -1, 8],
			"to": [16.9, 0, 8],
			"rotation": {"angle": 45, "axis": "y", "origin": [8, 0, 8]},
			"faces": {
				"north": {"uv": [0.06, 13.06, 15.94, 13.94], "texture": "#4"},
				"east": {"uv": [0.06, 0.06, 0.06, 9.94], "texture": "#4"},
				"south": {"uv": [2.94, 0.06, 0.06, 1.94], "texture": "#4"},
				"west": {"uv": [0.06, 0.06, 0.06, 9.94], "texture": "#4"},
				"up": {"uv": [2.94, 0.06, 0.06, 0.06], "rotation": 180, "texture": "#4"},
				"down": {"uv": [2.94, 0.06, 0.06, 0.06], "rotation": 180, "texture": "#4"}
			}
		},
		{
			"from": [-0.1, 9, 8],
			"to": [2.9, 12, 8],
			"rotation": {"angle": 45, "axis": "y", "origin": [8, 0, 8]},
			"faces": {
				"north": {"uv": [6.94, 0.06, 4.06, 2.94], "texture": "#4"},
				"east": {"uv": [6.94, 0.06, 4.06, 2.94], "texture": "#4"},
				"south": {"uv": [6.94, 0.06, 4.06, 2.94], "texture": "#4"},
				"west": {"uv": [6.94, 0.06, 4.06, 2.94], "texture": "#4"},
				"up": {"uv": [6.94, 0.06, 4.06, 2.94], "rotation": 180, "texture": "#4"},
				"down": {"uv": [6.94, 0.06, 4.06, 2.94], "rotation": 180, "texture": "#4"}
			}
		},
		{
			"from": [-1.1, 6, 8],
			"to": [1.9, 9, 8],
			"rotation": {"angle": 45, "axis": "y", "origin": [8, 0, 8]},
			"faces": {
				"north": {"uv": [6.94, 0.06, 4.06, 2.94], "texture": "#4"},
				"east": {"uv": [6.94, 0.06, 4.06, 2.94], "texture": "#4"},
				"south": {"uv": [6.94, 0.06, 4.06, 2.94], "texture": "#4"},
				"west": {"uv": [6.94, 0.06, 4.06, 2.94], "texture": "#4"},
				"up": {"uv": [6.94, 0.06, 4.06, 2.94], "rotation": 180, "texture": "#4"},
				"down": {"uv": [6.94, 0.06, 4.06, 2.94], "rotation": 180, "texture": "#4"}
			}
		},
		{
			"from": [0.9, 12, 8],
			"to": [3.9, 15, 8],
			"rotation": {"angle": 45, "axis": "y", "origin": [8, 0, 8]},
			"faces": {
				"north": {"uv": [6.94, 0.06, 4.06, 2.94], "texture": "#4"},
				"east": {"uv": [6.94, 0.06, 4.06, 2.94], "texture": "#4"},
				"south": {"uv": [6.94, 0.06, 4.06, 2.94], "texture": "#4"},
				"west": {"uv": [6.94, 0.06, 4.06, 2.94], "texture": "#4"},
				"up": {"uv": [6.94, 0.06, 4.06, 2.94], "rotation": 180, "texture": "#4"},
				"down": {"uv": [6.94, 0.06, 4.06, 2.94], "rotation": 180, "texture": "#4"}
			}
		},
		{
			"from": [1.9, 15, 8],
			"to": [4.9, 18, 8],
			"rotation": {"angle": 45, "axis": "y", "origin": [8, 0, 8]},
			"faces": {
				"north": {"uv": [6.94, 0.06, 4.06, 2.94], "texture": "#4"},
				"east": {"uv": [6.94, 0.06, 4.06, 2.94], "texture": "#4"},
				"south": {"uv": [6.94, 0.06, 4.06, 2.94], "texture": "#4"},
				"west": {"uv": [6.94, 0.06, 4.06, 2.94], "texture": "#4"},
				"up": {"uv": [6.94, 0.06, 4.06, 2.94], "rotation": 180, "texture": "#4"},
				"down": {"uv": [6.94, 0.06, 4.06, 2.94], "rotation": 180, "texture": "#4"}
			}
		},
		{
			"from": [2.9, 18, 8],
			"to": [5.9, 21, 8],
			"rotation": {"angle": 45, "axis": "y", "origin": [8, 0, 8]},
			"faces": {
				"north": {"uv": [6.94, 0.06, 4.06, 2.94], "texture": "#4"},
				"east": {"uv": [6.94, 0.06, 4.06, 2.94], "texture": "#4"},
				"south": {"uv": [6.94, 0.06, 4.06, 2.94], "texture": "#4"},
				"west": {"uv": [6.94, 0.06, 4.06, 2.94], "texture": "#4"},
				"up": {"uv": [6.94, 0.06, 4.06, 2.94], "rotation": 180, "texture": "#4"},
				"down": {"uv": [6.94, 0.06, 4.06, 2.94], "rotation": 180, "texture": "#4"}
			}
		},
		{
			"from": [3.9, 21, 8],
			"to": [6.9, 24, 8],
			"rotation": {"angle": 45, "axis": "y", "origin": [8, 0, 8]},
			"faces": {
				"north": {"uv": [6.94, 0.06, 4.06, 2.94], "texture": "#4"},
				"east": {"uv": [6.94, 0.06, 4.06, 2.94], "texture": "#4"},
				"south": {"uv": [6.94, 0.06, 4.06, 2.94], "texture": "#4"},
				"west": {"uv": [6.94, 0.06, 4.06, 2.94], "texture": "#4"},
				"up": {"uv": [6.94, 0.06, 4.06, 2.94], "rotation": 180, "texture": "#4"},
				"down": {"uv": [6.94, 0.06, 4.06, 2.94], "rotation": 180, "texture": "#4"}
			}
		},
		{
			"from": [13.1, 9, 8],
			"to": [16.1, 12, 8],
			"rotation": {"angle": 45, "axis": "y", "origin": [8, 0, 8]},
			"faces": {
				"north": {"uv": [6.94, 0.06, 4.06, 2.94], "texture": "#4"},
				"east": {"uv": [6.94, 0.06, 4.06, 2.94], "texture": "#4"},
				"south": {"uv": [6.94, 0.06, 4.06, 2.94], "texture": "#4"},
				"west": {"uv": [6.94, 0.06, 4.06, 2.94], "texture": "#4"},
				"up": {"uv": [6.94, 0.06, 4.06, 2.94], "texture": "#4"},
				"down": {"uv": [6.94, 0.06, 4.06, 2.94], "texture": "#4"}
			}
		},
		{
			"from": [14.1, 6, 8],
			"to": [17.1, 9, 8],
			"rotation": {"angle": 45, "axis": "y", "origin": [8, 0, 8]},
			"faces": {
				"north": {"uv": [6.94, 0.06, 4.06, 2.94], "texture": "#4"},
				"east": {"uv": [6.94, 0.06, 4.06, 2.94], "texture": "#4"},
				"south": {"uv": [6.94, 0.06, 4.06, 2.94], "texture": "#4"},
				"west": {"uv": [6.94, 0.06, 4.06, 2.94], "texture": "#4"},
				"up": {"uv": [6.94, 0.06, 4.06, 2.94], "texture": "#4"},
				"down": {"uv": [6.94, 0.06, 4.06, 2.94], "texture": "#4"}
			}
		},
		{
			"from": [12.1, 12, 8],
			"to": [15.1, 15, 8],
			"rotation": {"angle": 45, "axis": "y", "origin": [8, 0, 8]},
			"faces": {
				"north": {"uv": [6.94, 0.06, 4.06, 2.94], "texture": "#4"},
				"east": {"uv": [6.94, 0.06, 4.06, 2.94], "texture": "#4"},
				"south": {"uv": [6.94, 0.06, 4.06, 2.94], "texture": "#4"},
				"west": {"uv": [6.94, 0.06, 4.06, 2.94], "texture": "#4"},
				"up": {"uv": [6.94, 0.06, 4.06, 2.94], "texture": "#4"},
				"down": {"uv": [6.94, 0.06, 4.06, 2.94], "texture": "#4"}
			}
		},
		{
			"from": [11.1, 15, 8],
			"to": [14.1, 18, 8],
			"rotation": {"angle": 45, "axis": "y", "origin": [8, 0, 8]},
			"faces": {
				"north": {"uv": [6.94, 0.06, 4.06, 2.94], "texture": "#4"},
				"east": {"uv": [6.94, 0.06, 4.06, 2.94], "texture": "#4"},
				"south": {"uv": [6.94, 0.06, 4.06, 2.94], "texture": "#4"},
				"west": {"uv": [6.94, 0.06, 4.06, 2.94], "texture": "#4"},
				"up": {"uv": [6.94, 0.06, 4.06, 2.94], "texture": "#4"},
				"down": {"uv": [6.94, 0.06, 4.06, 2.94], "texture": "#4"}
			}
		},
		{
			"from": [10.1, 18, 8],
			"to": [13.1, 21, 8],
			"rotation": {"angle": 45, "axis": "y", "origin": [8, 0, 8]},
			"faces": {
				"north": {"uv": [6.94, 0.06, 4.06, 2.94], "texture": "#4"},
				"east": {"uv": [6.94, 0.06, 4.06, 2.94], "texture": "#4"},
				"south": {"uv": [6.94, 0.06, 4.06, 2.94], "texture": "#4"},
				"west": {"uv": [6.94, 0.06, 4.06, 2.94], "texture": "#4"},
				"up": {"uv": [6.94, 0.06, 4.06, 2.94], "texture": "#4"},
				"down": {"uv": [6.94, 0.06, 4.06, 2.94], "texture": "#4"}
			}
		},
		{
			"from": [9.1, 21, 8],
			"to": [12.1, 24, 8],
			"rotation": {"angle": 45, "axis": "y", "origin": [8, 0, 8]},
			"faces": {
				"north": {"uv": [6.94, 0.06, 4.06, 2.94], "texture": "#4"},
				"east": {"uv": [6.94, 0.06, 4.06, 2.94], "texture": "#4"},
				"south": {"uv": [6.94, 0.06, 4.06, 2.94], "texture": "#4"},
				"west": {"uv": [6.94, 0.06, 4.06, 2.94], "texture": "#4"},
				"up": {"uv": [6.94, 0.06, 4.06, 2.94], "texture": "#4"},
				"down": {"uv": [6.94, 0.06, 4.06, 2.94], "texture": "#4"}
			}
		},
		{
			"from": [8, 24, 6.5],
			"to": [8, 27, 9.5],
			"rotation": {"angle": 0, "axis": "y", "origin": [8, 0, 8]},
			"faces": {
				"north": {"uv": [6.94, 0.06, 4.06, 2.94], "texture": "#4"},
				"east": {"uv": [15.94, 0.06, 13.06, 2.94], "texture": "#4"},
				"south": {"uv": [6.94, 0.06, 4.06, 2.94], "texture": "#4"},
				"west": {"uv": [15.94, 0.06, 13.06, 2.94], "texture": "#4"},
				"up": {"uv": [6.94, 0.06, 4.06, 2.94], "rotation": 270, "texture": "#4"},
				"down": {"uv": [6.94, 0.06, 4.06, 2.94], "rotation": 90, "texture": "#4"}
			}
		},
		{
			"from": [8, -1, -0.9],
			"to": [8, 0, 16.1],
			"rotation": {"angle": 45, "axis": "y", "origin": [8, 0, 8]},
			"faces": {
				"north": {"uv": [0.06, 0.06, 0.06, 9.94], "texture": "#4"},
				"east": {"uv": [2.94, 0.06, 0.06, 1.94], "texture": "#4"},
				"south": {"uv": [0.06, 0.06, 0.06, 9.94], "texture": "#4"},
				"west": {"uv": [0.06, 13.06, 15.94, 13.94], "texture": "#4"},
				"up": {"uv": [2.94, 0.06, 0.06, 0.06], "rotation": 90, "texture": "#4"},
				"down": {"uv": [2.94, 0.06, 0.06, 0.06], "rotation": 270, "texture": "#4"}
			}
		},
		{
			"from": [8, 9, 13.1],
			"to": [8, 12, 16.1],
			"rotation": {"angle": 45, "axis": "y", "origin": [8, 0, 8]},
			"faces": {
				"north": {"uv": [6.94, 0.06, 4.06, 2.94], "texture": "#4"},
				"east": {"uv": [6.94, 0.06, 4.06, 2.94], "texture": "#4"},
				"south": {"uv": [6.94, 0.06, 4.06, 2.94], "texture": "#4"},
				"west": {"uv": [6.94, 0.06, 4.06, 2.94], "texture": "#4"},
				"up": {"uv": [6.94, 0.06, 4.06, 2.94], "rotation": 90, "texture": "#4"},
				"down": {"uv": [6.94, 0.06, 4.06, 2.94], "rotation": 270, "texture": "#4"}
			}
		},
		{
			"from": [8, 6, 14.1],
			"to": [8, 9, 17.1],
			"rotation": {"angle": 45, "axis": "y", "origin": [8, 0, 8]},
			"faces": {
				"north": {"uv": [6.94, 0.06, 4.06, 2.94], "texture": "#4"},
				"east": {"uv": [6.94, 0.06, 4.06, 2.94], "texture": "#4"},
				"south": {"uv": [6.94, 0.06, 4.06, 2.94], "texture": "#4"},
				"west": {"uv": [6.94, 0.06, 4.06, 2.94], "texture": "#4"},
				"up": {"uv": [6.94, 0.06, 4.06, 2.94], "rotation": 90, "texture": "#4"},
				"down": {"uv": [6.94, 0.06, 4.06, 2.94], "rotation": 270, "texture": "#4"}
			}
		},
		{
			"from": [8, 12, 12.1],
			"to": [8, 15, 15.1],
			"rotation": {"angle": 45, "axis": "y", "origin": [8, 0, 8]},
			"faces": {
				"north": {"uv": [6.94, 0.06, 4.06, 2.94], "texture": "#4"},
				"east": {"uv": [6.94, 0.06, 4.06, 2.94], "texture": "#4"},
				"south": {"uv": [6.94, 0.06, 4.06, 2.94], "texture": "#4"},
				"west": {"uv": [6.94, 0.06, 4.06, 2.94], "texture": "#4"},
				"up": {"uv": [6.94, 0.06, 4.06, 2.94], "rotation": 90, "texture": "#4"},
				"down": {"uv": [6.94, 0.06, 4.06, 2.94], "rotation": 270, "texture": "#4"}
			}
		},
		{
			"from": [8, 15, 11.1],
			"to": [8, 18, 14.1],
			"rotation": {"angle": 45, "axis": "y", "origin": [8, 0, 8]},
			"faces": {
				"north": {"uv": [6.94, 0.06, 4.06, 2.94], "texture": "#4"},
				"east": {"uv": [6.94, 0.06, 4.06, 2.94], "texture": "#4"},
				"south": {"uv": [6.94, 0.06, 4.06, 2.94], "texture": "#4"},
				"west": {"uv": [6.94, 0.06, 4.06, 2.94], "texture": "#4"},
				"up": {"uv": [6.94, 0.06, 4.06, 2.94], "rotation": 90, "texture": "#4"},
				"down": {"uv": [6.94, 0.06, 4.06, 2.94], "rotation": 270, "texture": "#4"}
			}
		},
		{
			"from": [8, 18, 10.1],
			"to": [8, 21, 13.1],
			"rotation": {"angle": 45, "axis": "y", "origin": [8, 0, 8]},
			"faces": {
				"north": {"uv": [6.94, 0.06, 4.06, 2.94], "texture": "#4"},
				"east": {"uv": [6.94, 0.06, 4.06, 2.94], "texture": "#4"},
				"south": {"uv": [6.94, 0.06, 4.06, 2.94], "texture": "#4"},
				"west": {"uv": [6.94, 0.06, 4.06, 2.94], "texture": "#4"},
				"up": {"uv": [6.94, 0.06, 4.06, 2.94], "rotation": 90, "texture": "#4"},
				"down": {"uv": [6.94, 0.06, 4.06, 2.94], "rotation": 270, "texture": "#4"}
			}
		},
		{
			"from": [8, 21, 9.1],
			"to": [8, 24, 12.1],
			"rotation": {"angle": 45, "axis": "y", "origin": [8, 0, 8]},
			"faces": {
				"north": {"uv": [6.94, 0.06, 4.06, 2.94], "texture": "#4"},
				"east": {"uv": [6.94, 0.06, 4.06, 2.94], "texture": "#4"},
				"south": {"uv": [6.94, 0.06, 4.06, 2.94], "texture": "#4"},
				"west": {"uv": [6.94, 0.06, 4.06, 2.94], "texture": "#4"},
				"up": {"uv": [6.94, 0.06, 4.06, 2.94], "rotation": 90, "texture": "#4"},
				"down": {"uv": [6.94, 0.06, 4.06, 2.94], "rotation": 270, "texture": "#4"}
			}
		},
		{
			"from": [8, 9, -0.1],
			"to": [8, 12, 2.9],
			"rotation": {"angle": 45, "axis": "y", "origin": [8, 0, 8]},
			"faces": {
				"north": {"uv": [6.94, 0.06, 4.06, 2.94], "texture": "#4"},
				"east": {"uv": [6.94, 0.06, 4.06, 2.94], "texture": "#4"},
				"south": {"uv": [6.94, 0.06, 4.06, 2.94], "texture": "#4"},
				"west": {"uv": [6.94, 0.06, 4.06, 2.94], "texture": "#4"},
				"up": {"uv": [6.94, 0.06, 4.06, 2.94], "rotation": 270, "texture": "#4"},
				"down": {"uv": [6.94, 0.06, 4.06, 2.94], "rotation": 90, "texture": "#4"}
			}
		},
		{
			"from": [8, 6, -1.1],
			"to": [8, 9, 1.9],
			"rotation": {"angle": 45, "axis": "y", "origin": [8, 0, 8]},
			"faces": {
				"north": {"uv": [6.94, 0.06, 4.06, 2.94], "texture": "#4"},
				"east": {"uv": [6.94, 0.06, 4.06, 2.94], "texture": "#4"},
				"south": {"uv": [6.94, 0.06, 4.06, 2.94], "texture": "#4"},
				"west": {"uv": [6.94, 0.06, 4.06, 2.94], "texture": "#4"},
				"up": {"uv": [6.94, 0.06, 4.06, 2.94], "rotation": 270, "texture": "#4"},
				"down": {"uv": [6.94, 0.06, 4.06, 2.94], "rotation": 90, "texture": "#4"}
			}
		},
		{
			"from": [8, 12, 0.9],
			"to": [8, 15, 3.9],
			"rotation": {"angle": 45, "axis": "y", "origin": [8, 0, 8]},
			"faces": {
				"north": {"uv": [6.94, 0.06, 4.06, 2.94], "texture": "#4"},
				"east": {"uv": [6.94, 0.06, 4.06, 2.94], "texture": "#4"},
				"south": {"uv": [6.94, 0.06, 4.06, 2.94], "texture": "#4"},
				"west": {"uv": [6.94, 0.06, 4.06, 2.94], "texture": "#4"},
				"up": {"uv": [6.94, 0.06, 4.06, 2.94], "rotation": 270, "texture": "#4"},
				"down": {"uv": [6.94, 0.06, 4.06, 2.94], "rotation": 90, "texture": "#4"}
			}
		},
		{
			"from": [8, 15, 1.9],
			"to": [8, 18, 4.9],
			"rotation": {"angle": 45, "axis": "y", "origin": [8, 0, 8]},
			"faces": {
				"north": {"uv": [6.94, 0.06, 4.06, 2.94], "texture": "#4"},
				"east": {"uv": [6.94, 0.06, 4.06, 2.94], "texture": "#4"},
				"south": {"uv": [6.94, 0.06, 4.06, 2.94], "texture": "#4"},
				"west": {"uv": [6.94, 0.06, 4.06, 2.94], "texture": "#4"},
				"up": {"uv": [6.94, 0.06, 4.06, 2.94], "rotation": 270, "texture": "#4"},
				"down": {"uv": [6.94, 0.06, 4.06, 2.94], "rotation": 90, "texture": "#4"}
			}
		},
		{
			"from": [8, 18, 2.9],
			"to": [8, 21, 5.9],
			"rotation": {"angle": 45, "axis": "y", "origin": [8, 0, 8]},
			"faces": {
				"north": {"uv": [6.94, 0.06, 4.06, 2.94], "texture": "#4"},
				"east": {"uv": [6.94, 0.06, 4.06, 2.94], "texture": "#4"},
				"south": {"uv": [6.94, 0.06, 4.06, 2.94], "texture": "#4"},
				"west": {"uv": [6.94, 0.06, 4.06, 2.94], "texture": "#4"},
				"up": {"uv": [6.94, 0.06, 4.06, 2.94], "rotation": 270, "texture": "#4"},
				"down": {"uv": [6.94, 0.06, 4.06, 2.94], "rotation": 90, "texture": "#4"}
			}
		},
		{
			"from": [8, 21, 3.9],
			"to": [8, 24, 6.9],
			"rotation": {"angle": 45, "axis": "y", "origin": [8, 0, 8]},
			"faces": {
				"north": {"uv": [6.94, 0.06, 4.06, 2.94], "texture": "#4"},
				"east": {"uv": [6.94, 0.06, 4.06, 2.94], "texture": "#4"},
				"south": {"uv": [6.94, 0.06, 4.06, 2.94], "texture": "#4"},
				"west": {"uv": [6.94, 0.06, 4.06, 2.94], "texture": "#4"},
				"up": {"uv": [6.94, 0.06, 4.06, 2.94], "rotation": 270, "texture": "#4"},
				"down": {"uv": [6.94, 0.06, 4.06, 2.94], "rotation": 90, "texture": "#4"}
			}
		},
		{
			"from": [6.86863, 24, 5.36863],
			"to": [6.86863, 26, 8.36863],
			"rotation": {"angle": 45, "axis": "y", "origin": [6.86863, 25, 6.86863]},
			"faces": {
				"north": {"uv": [6.94, 0.06, 4.06, 2.94], "texture": "#4"},
				"east": {"uv": [6.94, 0.06, 4.06, 1.94], "texture": "#4"},
				"south": {"uv": [6.94, 0.06, 4.06, 2.94], "texture": "#4"},
				"west": {"uv": [6.94, 0.06, 4.06, 1.94], "texture": "#4"},
				"up": {"uv": [6.94, 0.06, 4.06, 2.94], "rotation": 270, "texture": "#4"},
				"down": {"uv": [6.94, 0.06, 4.06, 2.94], "rotation": 90, "texture": "#4"}
			}
		},
		{
			"from": [6.86863, 24, 8.61863],
			"to": [6.86863, 26, 11.61863],
			"rotation": {"angle": 45, "axis": "y", "origin": [6.86863, 25, 6.86863]},
			"faces": {
				"north": {"uv": [6.94, 0.06, 4.06, 2.94], "texture": "#4"},
				"east": {"uv": [6.94, 0.06, 4.06, 1.94], "texture": "#4"},
				"south": {"uv": [6.94, 0.06, 4.06, 2.94], "texture": "#4"},
				"west": {"uv": [6.94, 0.06, 4.06, 1.94], "texture": "#4"},
				"up": {"uv": [6.94, 0.06, 4.06, 2.94], "rotation": 270, "texture": "#4"},
				"down": {"uv": [6.94, 0.06, 4.06, 2.94], "rotation": 90, "texture": "#4"}
			}
		},
		{
			"from": [7.57574, 24, 7.07574],
			"to": [7.57574, 27, 9.37574],
			"rotation": {"angle": 45, "axis": "y", "origin": [7.57574, 25.5, 7.57574]},
			"faces": {
				"north": {"uv": [6.94, 0.06, 4.06, 2.94], "rotation": 270, "texture": "#4"},
				"east": {"uv": [6.94, 0.06, 4.06, 1.94], "rotation": 270, "texture": "#4"},
				"south": {"uv": [6.94, 0.06, 4.06, 2.94], "rotation": 270, "texture": "#4"},
				"west": {"uv": [6.94, 0.06, 4.06, 1.94], "rotation": 90, "texture": "#4"},
				"up": {"uv": [6.94, 0.06, 4.06, 2.94], "rotation": 180, "texture": "#4"},
				"down": {"uv": [6.94, 0.06, 4.06, 2.94], "texture": "#4"}
			}
		},
		{
			"from": [6.47574, 24, 8.07574],
			"to": [8.77574, 27, 8.07574],
			"rotation": {"angle": 45, "axis": "y", "origin": [7.57574, 25.5, 7.57574]},
			"faces": {
				"north": {"uv": [6.94, 0.06, 4.06, 1.94], "rotation": 270, "texture": "#4"},
				"east": {"uv": [6.94, 0.06, 4.06, 2.94], "rotation": 270, "texture": "#4"},
				"south": {"uv": [6.94, 0.06, 4.06, 1.94], "rotation": 90, "texture": "#4"},
				"west": {"uv": [6.94, 0.06, 4.06, 2.94], "rotation": 270, "texture": "#4"},
				"up": {"uv": [6.94, 0.06, 4.06, 2.94], "rotation": 90, "texture": "#4"},
				"down": {"uv": [6.94, 0.06, 4.06, 2.94], "rotation": 90, "texture": "#4"}
			}
		},
		{
			"from": [3.76863, 24, 8.36863],
			"to": [6.76863, 26, 8.36863],
			"rotation": {"angle": 45, "axis": "y", "origin": [6.86863, 25, 6.86863]},
			"faces": {
				"north": {"uv": [6.94, 0.06, 4.06, 1.94], "texture": "#4"},
				"east": {"uv": [6.94, 0.06, 4.06, 2.94], "texture": "#4"},
				"south": {"uv": [6.94, 0.06, 4.06, 1.94], "texture": "#4"},
				"west": {"uv": [6.94, 0.06, 4.06, 2.94], "texture": "#4"},
				"up": {"uv": [6.94, 0.06, 4.06, 2.94], "rotation": 180, "texture": "#4"},
				"down": {"uv": [6.94, 0.06, 4.06, 2.94], "rotation": 180, "texture": "#4"}
			}
		},
		{
			"from": [7.01863, 24, 8.36863],
			"to": [10.01863, 26, 8.36863],
			"rotation": {"angle": 45, "axis": "y", "origin": [6.86863, 25, 6.86863]},
			"faces": {
				"north": {"uv": [6.94, 0.06, 4.06, 1.94], "texture": "#4"},
				"east": {"uv": [6.94, 0.06, 4.06, 2.94], "texture": "#4"},
				"south": {"uv": [6.94, 0.06, 4.06, 1.94], "texture": "#4"},
				"west": {"uv": [6.94, 0.06, 4.06, 2.94], "texture": "#4"},
				"up": {"uv": [6.94, 0.06, 4.06, 2.94], "rotation": 180, "texture": "#4"},
				"down": {"uv": [6.94, 0.06, 4.06, 2.94], "rotation": 180, "texture": "#4"}
			}
		},
		{
			"from": [6.5, 24, 8],
			"to": [9.5, 27, 8],
			"rotation": {"angle": 0, "axis": "y", "origin": [8, 0, 8]},
			"faces": {
				"north": {"uv": [15.94, 0.06, 13.06, 2.94], "texture": "#4"},
				"east": {"uv": [6.94, 0.06, 4.06, 2.94], "texture": "#4"},
				"south": {"uv": [15.94, 0.06, 13.06, 2.94], "texture": "#4"},
				"west": {"uv": [6.94, 0.06, 4.06, 2.94], "texture": "#4"},
				"up": {"uv": [6.94, 0.06, 4.06, 2.94], "rotation": 180, "texture": "#4"},
				"down": {"uv": [6.94, 0.06, 4.06, 2.94], "rotation": 180, "texture": "#4"}
			}
		},
		{
			"from": [3, 3.84352, 3.57069],
			"to": [4, 9.84352, 6.57069],
			"rotation": {"angle": -22.5, "axis": "x", "origin": [7, 4.59352, 5.98212]},
			"faces": {
				"north": {"uv": [6.06, 2.06, 6.94, 7.94], "texture": "#6"},
				"east": {"uv": [6.06, 1.06, 11.94, 3.94], "rotation": 270, "texture": "#6"},
				"south": {"uv": [5.94, 5.06, 0.06, 5.94], "rotation": 90, "texture": "#6"},
				"west": {"uv": [6.06, 1.06, 11.94, 3.94], "rotation": 90, "texture": "#6"},
				"up": {"uv": [8.06, 1.06, 8.94, 3.94], "rotation": 180, "texture": "#6"},
				"down": {"uv": [9.06, 1.06, 9.94, 3.94], "texture": "#6"}
			}
		},
		{
			"from": [10, 3.84352, 3.57069],
			"to": [11, 9.84352, 6.57069],
			"rotation": {"angle": -22.5, "axis": "x", "origin": [7, 4.59352, 5.98212]},
			"faces": {
				"north": {"uv": [11.06, 2.06, 11.94, 7.94], "texture": "#6"},
				"east": {"uv": [6.06, 1.06, 11.94, 3.94], "rotation": 270, "texture": "#6"},
				"south": {"uv": [5.94, 0.06, 0.06, 0.94], "rotation": 90, "texture": "#6"},
				"west": {"uv": [6.06, 1.06, 11.94, 3.94], "rotation": 90, "texture": "#6"},
				"up": {"uv": [8.06, 1.06, 8.94, 3.94], "rotation": 180, "texture": "#6"},
				"down": {"uv": [6.06, 1.06, 6.94, 3.94], "texture": "#6"}
			}
		},
		{
			"from": [4, 9.84352, 3.58069],
			"to": [10, 10.84352, 6.58069],
			"rotation": {"angle": -22.5, "axis": "x", "origin": [7, 4.59352, 5.98212]},
			"faces": {
				"north": {"uv": [8.06, 2.06, 8.94, 7.94], "rotation": 90, "texture": "#6"},
				"east": {"uv": [11.06, 1.06, 11.94, 3.94], "rotation": 270, "texture": "#6"},
				"south": {"uv": [5.06, 0.06, 5.94, 5.94], "rotation": 90, "texture": "#6"},
				"west": {"uv": [8.06, 1.06, 8.94, 3.94], "rotation": 90, "texture": "#6"},
				"up": {"uv": [6.06, 1.06, 11.94, 3.94], "rotation": 180, "texture": "#6"},
				"down": {"uv": [6.06, 1.06, 10.94, 3.94], "texture": "#6"}
			}
		},
		{
			"from": [4, 2.84352, 3.58069],
			"to": [10, 3.84352, 6.58069],
			"rotation": {"angle": -22.5, "axis": "x", "origin": [7, 4.59352, 5.98212]},
			"faces": {
				"north": {"uv": [8.06, 2.06, 8.94, 7.94], "rotation": 90, "texture": "#6"},
				"east": {"uv": [6.06, 1.06, 6.94, 3.94], "rotation": 270, "texture": "#6"},
				"south": {"uv": [0.06, 0.06, 0.94, 5.94], "rotation": 90, "texture": "#6"},
				"west": {"uv": [7.06, 1.06, 7.94, 3.94], "rotation": 90, "texture": "#6"},
				"up": {"uv": [6.06, 1.06, 10.94, 3.94], "rotation": 180, "texture": "#6"},
				"down": {"uv": [7.06, 1.06, 11.94, 3.94], "texture": "#6"}
			}
		},
		{
			"from": [4, 3.84352, 3.59069],
			"to": [10, 9.84352, 7.59069],
			"rotation": {"angle": -22.5, "axis": "x", "origin": [7, 4.59352, 5.98212]},
			"faces": {
				"north": {"uv": [6.06, 2.06, 11.94, 7.94], "rotation": 90, "texture": "#6"},
				"east": {"uv": [6.06, 0.06, 11.94, 3.94], "rotation": 270, "texture": "#6"},
				"south": {"uv": [0.06, 0.06, 5.94, 5.94], "rotation": 90, "texture": "#6"},
				"west": {"uv": [6.06, 0.06, 11.94, 3.94], "rotation": 90, "texture": "#6"},
				"up": {"uv": [6.06, 0.06, 11.94, 3.94], "rotation": 180, "texture": "#6"},
				"down": {"uv": [6.06, 0.06, 11.94, 3.94], "texture": "#6"}
			}
		},
		{
			"name": "layer",
			"from": [4, 3.84352, 7.79069],
			"to": [10, 9.84352, 7.79069],
			"rotation": {"angle": -22.5, "axis": "x", "origin": [7, 4.59352, 5.98212]},
			"faces": {
				"south": {"uv": [0.06, 0.06, 5.94, 5.94], "rotation": 90, "texture": "#7"}
			}
		},
		{
			"name": "layer",
			"from": [4, 3.84352, 8.19069],
			"to": [10, 9.84352, 8.19069],
			"rotation": {"angle": -22.5, "axis": "x", "origin": [7, 4.59352, 5.98212]},
			"faces": {
				"south": {"uv": [0.06, 6.06, 5.94, 11.94], "rotation": 90, "texture": "#7"}
			}
		},
		{
			"from": [5.91822, 2.73843, 6.16466],
			"to": [6.91822, 8.73843, 9.16466],
			"rotation": {"angle": -45, "axis": "x", "origin": [10.91822, 7.73843, 9.57609]},
			"faces": {
				"north": {"uv": [6.06, 2.06, 6.94, 7.94], "texture": "#6"},
				"east": {"uv": [6.06, 1.06, 11.94, 3.94], "rotation": 270, "texture": "#6"},
				"south": {"uv": [5.94, 5.06, 0.06, 5.94], "rotation": 90, "texture": "#6"},
				"west": {"uv": [6.06, 1.06, 11.94, 3.94], "rotation": 90, "texture": "#6"},
				"up": {"uv": [8.06, 1.06, 8.94, 3.94], "rotation": 180, "texture": "#6"},
				"down": {"uv": [9.06, 1.06, 9.94, 3.94], "texture": "#6"}
			}
		},
		{
			"from": [12.91822, 2.73843, 6.16466],
			"to": [13.91822, 8.73843, 9.16466],
			"rotation": {"angle": -45, "axis": "x", "origin": [10.91822, 7.73843, 9.57609]},
			"faces": {
				"north": {"uv": [11.06, 2.06, 11.94, 7.94], "texture": "#6"},
				"east": {"uv": [6.06, 1.06, 11.94, 3.94], "rotation": 270, "texture": "#6"},
				"south": {"uv": [5.94, 0.06, 0.06, 0.94], "rotation": 90, "texture": "#6"},
				"west": {"uv": [6.06, 1.06, 11.94, 3.94], "rotation": 90, "texture": "#6"},
				"up": {"uv": [8.06, 1.06, 8.94, 3.94], "rotation": 180, "texture": "#6"},
				"down": {"uv": [6.06, 1.06, 6.94, 3.94], "texture": "#6"}
			}
		},
		{
			"from": [6.91822, 8.73843, 6.17466],
			"to": [12.91822, 9.73843, 9.17466],
			"rotation": {"angle": -45, "axis": "x", "origin": [10.91822, 7.73843, 9.57609]},
			"faces": {
				"north": {"uv": [8.06, 2.06, 8.94, 7.94], "rotation": 90, "texture": "#6"},
				"east": {"uv": [11.06, 1.06, 11.94, 3.94], "rotation": 270, "texture": "#6"},
				"south": {"uv": [5.06, 0.06, 5.94, 5.94], "rotation": 90, "texture": "#6"},
				"west": {"uv": [8.06, 1.06, 8.94, 3.94], "rotation": 90, "texture": "#6"},
				"up": {"uv": [6.06, 1.06, 11.94, 3.94], "rotation": 180, "texture": "#6"},
				"down": {"uv": [6.06, 1.06, 10.94, 3.94], "texture": "#6"}
			}
		},
		{
			"from": [6.91822, 1.73843, 6.17466],
			"to": [12.91822, 2.73843, 9.17466],
			"rotation": {"angle": -45, "axis": "x", "origin": [10.91822, 7.73843, 9.57609]},
			"faces": {
				"north": {"uv": [8.06, 2.06, 8.94, 7.94], "rotation": 90, "texture": "#6"},
				"east": {"uv": [6.06, 1.06, 6.94, 3.94], "rotation": 270, "texture": "#6"},
				"south": {"uv": [0.06, 0.06, 0.94, 5.94], "rotation": 90, "texture": "#6"},
				"west": {"uv": [7.06, 1.06, 7.94, 3.94], "rotation": 90, "texture": "#6"},
				"up": {"uv": [6.06, 1.06, 10.94, 3.94], "rotation": 180, "texture": "#6"},
				"down": {"uv": [7.06, 1.06, 11.94, 3.94], "texture": "#6"}
			}
		},
		{
			"from": [6.91822, 2.73843, 6.18466],
			"to": [12.91822, 8.73843, 10.18466],
			"rotation": {"angle": -45, "axis": "x", "origin": [10.91822, 7.73843, 9.57609]},
			"faces": {
				"north": {"uv": [6.06, 2.06, 11.94, 7.94], "rotation": 90, "texture": "#6"},
				"east": {"uv": [6.06, 0.06, 11.94, 3.94], "rotation": 270, "texture": "#6"},
				"south": {"uv": [0.06, 0.06, 5.94, 5.94], "rotation": 90, "texture": "#6"},
				"west": {"uv": [6.06, 0.06, 11.94, 3.94], "rotation": 90, "texture": "#6"},
				"up": {"uv": [6.06, 0.06, 11.94, 3.94], "rotation": 180, "texture": "#6"},
				"down": {"uv": [6.06, 0.06, 11.94, 3.94], "texture": "#6"}
			}
		},
		{
			"name": "layer",
			"from": [6.91822, 2.73843, 10.38466],
			"to": [12.91822, 8.73843, 10.38466],
			"rotation": {"angle": -45, "axis": "x", "origin": [10.91822, 7.73843, 9.57609]},
			"faces": {
				"south": {"uv": [0.06, 0.06, 5.94, 5.94], "rotation": 90, "texture": "#7"}
			}
		},
		{
			"name": "layer",
			"from": [6.91822, 2.73843, 10.78466],
			"to": [12.91822, 8.73843, 10.78466],
			"rotation": {"angle": -45, "axis": "x", "origin": [10.91822, 7.73843, 9.57609]},
			"faces": {
				"south": {"uv": [0.06, 6.06, 5.94, 11.94], "rotation": 90, "texture": "#7"}
			}
		},
		{
			"from": [3.41822, 0.077, 5.57609],
			"to": [4.41822, 3.077, 11.57609],
			"rotation": {"angle": -22.5, "axis": "y", "origin": [5.91822, 2.73843, 7.57609]},
			"faces": {
				"north": {"uv": [8.06, 1.06, 8.94, 3.94], "texture": "#6"},
				"east": {"uv": [6.06, 1.06, 11.94, 3.94], "texture": "#6"},
				"south": {"uv": [9.06, 1.06, 9.94, 3.94], "texture": "#6"},
				"west": {"uv": [6.06, 1.06, 11.94, 3.94], "texture": "#6"},
				"up": {"uv": [5.94, 5.06, 0.06, 5.94], "rotation": 90, "texture": "#6"},
				"down": {"uv": [6.06, 2.06, 6.94, 7.94], "rotation": 180, "texture": "#6"}
			}
		},
		{
			"from": [10.41822, 0.077, 5.57609],
			"to": [11.41822, 3.077, 11.57609],
			"rotation": {"angle": -22.5, "axis": "y", "origin": [5.91822, 2.73843, 7.57609]},
			"faces": {
				"north": {"uv": [8.06, 1.06, 8.94, 3.94], "texture": "#6"},
				"east": {"uv": [6.06, 1.06, 11.94, 3.94], "texture": "#6"},
				"south": {"uv": [6.06, 1.06, 6.94, 3.94], "texture": "#6"},
				"west": {"uv": [6.06, 1.06, 11.94, 3.94], "texture": "#6"},
				"up": {"uv": [5.94, 0.06, 0.06, 0.94], "rotation": 90, "texture": "#6"},
				"down": {"uv": [11.06, 2.06, 11.94, 7.94], "rotation": 180, "texture": "#6"}
			}
		},
		{
			"from": [4.41822, 0.087, 4.57609],
			"to": [10.41822, 3.087, 5.57609],
			"rotation": {"angle": -22.5, "axis": "y", "origin": [5.91822, 2.73843, 7.57609]},
			"faces": {
				"north": {"uv": [6.06, 1.06, 11.94, 3.94], "texture": "#6"},
				"east": {"uv": [11.06, 1.06, 11.94, 3.94], "texture": "#6"},
				"south": {"uv": [6.06, 1.06, 10.94, 3.94], "texture": "#6"},
				"west": {"uv": [8.06, 1.06, 8.94, 3.94], "texture": "#6"},
				"up": {"uv": [5.06, 0.06, 5.94, 5.94], "rotation": 90, "texture": "#6"},
				"down": {"uv": [8.06, 2.06, 8.94, 7.94], "rotation": 270, "texture": "#6"}
			}
		},
		{
			"from": [4.41822, 0.087, 11.57609],
			"to": [10.41822, 3.087, 12.57609],
			"rotation": {"angle": -22.5, "axis": "y", "origin": [5.91822, 2.73843, 7.57609]},
			"faces": {
				"north": {"uv": [6.06, 1.06, 10.94, 3.94], "texture": "#6"},
				"east": {"uv": [6.06, 1.06, 6.94, 3.94], "texture": "#6"},
				"south": {"uv": [7.06, 1.06, 11.94, 3.94], "texture": "#6"},
				"west": {"uv": [7.06, 1.06, 7.94, 3.94], "texture": "#6"},
				"up": {"uv": [0.06, 0.06, 0.94, 5.94], "rotation": 90, "texture": "#6"},
				"down": {"uv": [8.06, 2.06, 8.94, 7.94], "rotation": 270, "texture": "#6"}
			}
		},
		{
			"from": [4.41822, 0.097, 5.57609],
			"to": [10.41822, 4.097, 11.57609],
			"rotation": {"angle": -22.5, "axis": "y", "origin": [5.91822, 2.73843, 7.57609]},
			"faces": {
				"north": {"uv": [6.06, 0.06, 11.94, 3.94], "texture": "#6"},
				"east": {"uv": [6.06, 0.06, 11.94, 3.94], "texture": "#6"},
				"south": {"uv": [6.06, 0.06, 11.94, 3.94], "texture": "#6"},
				"west": {"uv": [6.06, 0.06, 11.94, 3.94], "texture": "#6"},
				"up": {"uv": [0.06, 0.06, 5.94, 5.94], "rotation": 90, "texture": "#6"},
				"down": {"uv": [6.06, 2.06, 11.94, 7.94], "rotation": 270, "texture": "#6"}
			}
		},
		{
			"name": "layer",
			"from": [4.41822, 4.297, 5.57609],
			"to": [10.41822, 4.297, 11.57609],
			"rotation": {"angle": -22.5, "axis": "y", "origin": [5.91822, 2.73843, 7.57609]},
			"faces": {
				"up": {"uv": [0.06, 0.06, 5.94, 5.94], "rotation": 90, "texture": "#7"}
			}
		},
		{
			"name": "layer",
			"from": [4.41822, 4.697, 5.57609],
			"to": [10.41822, 4.697, 11.57609],
			"rotation": {"angle": -22.5, "axis": "y", "origin": [5.91822, 2.73843, 7.57609]},
			"faces": {
				"up": {"uv": [0.06, 6.06, 5.94, 11.94], "rotation": 90, "texture": "#7"}
			}
		}
	],
	"display": {
		"thirdperson_righthand": {
			"rotation": [65, -180, 0],
			"translation": [-6.25, 4, 1]
		},
		"firstperson_righthand": {
			"translation": [3.75, -0.75, 0]
		},
		"ground": {
			"translation": [0, 4, 0]
		},
		"gui": {
			"rotation": [28.25, -27.5, 0],
			"translation": [0, 0.5, 0]
		},
		"fixed": {
			"rotation": [90, 0, 0],
			"translation": [0, 0, -37],
			"scale": [2, 2, 2]
		}
	},
	"groups": [
		{
			"name": "basket",
			"origin": [8, 8, 8],
			"color": 0,
			"children": [
				0,
				1,
				2,
				3,
				4,
				{
					"name": "rope",
					"origin": [8, 8, 8],
					"color": 0,
					"children": [
						5,
						6,
						7,
						8,
						9,
						10,
						11,
						{
							"name": "rope",
							"origin": [8, 8, 8],
							"color": 0,
							"children": [12, 13, 14, 15, 16, 17, 18]
						}
					]
				},
				{
					"name": "rope",
					"origin": [8, 8, 8],
					"color": 0,
					"children": [
						19,
						20,
						21,
						22,
						23,
						24,
						25,
						{
							"name": "rope",
							"origin": [8, 8, 8],
							"color": 0,
							"children": [26, 27, 28, 29, 30, 31, 32, 33, 34, 35, 36, 37, 38]
						}
					]
				}
			]
		},
		{
			"name": "bread2",
			"origin": [8, 8, 8],
			"color": 0,
			"children": [39, 40, 41, 42, 43, 44, 45]
		},
		{
			"name": "bread2",
			"origin": [8, 8, 8],
			"color": 0,
			"children": [46, 47, 48, 49, 50, 51, 52]
		},
		{
			"name": "bread2",
			"origin": [8, 8, 8],
			"color": 0,
			"children": [53, 54, 55, 56, 57, 58, 59]
		}
	]
}