{
	"credit": "Made with Blockbench",
	"textures": {
		"1": "block/Hananacraft archive/stripped_oak_log_a",
		"4": "block/rope",
		"5": "block/hangingbasketbase",
		"6": "block/bread2",
		"7": "block/bread2_layer",
		"8": "block/bread1",
		"9": "block/bread1_layer",
		"10": "block/bread3",
		"11": "block/bread3_layer",
		"12": "block/Hananacraft archive/white_wool_teatowel",
		"particle": "block/bread2"
	},
	"elements": [
		{
			"from": [2, 3, 2],
			"to": [14, 5, 14],
			"rotation": {"angle": 0, "axis": "y", "origin": [0, 4, 0]},
			"faces": {
				"north": {"uv": [2.06, 12.06, 13.94, 13.94], "texture": "#5"},
				"east": {"uv": [2.06, 12.06, 13.94, 13.94], "texture": "#5"},
				"south": {"uv": [2.06, 12.06, 13.94, 13.94], "texture": "#5"},
				"west": {"uv": [2.06, 12.06, 13.94, 13.94], "texture": "#5"},
				"up": {"uv": [2.06, 1.06, 13.94, 12.94], "texture": "#5"},
				"down": {"uv": [2.06, 2.06, 13.94, 13.94], "texture": "#5"}
			}
		},
		{
			"from": [3, 5, 1],
			"to": [13, 9, 3],
			"rotation": {"angle": 0, "axis": "y", "origin": [0, 4, 0]},
			"faces": {
				"north": {"uv": [2.06, 14.94, 11.94, 11.06], "texture": "#5"},
				"east": {"uv": [0.06, 0.06, 1.94, 3.94], "texture": "#5"},
				"south": {"uv": [3.06, 1.06, 12.94, 4.94], "texture": "#5"},
				"west": {"uv": [0.06, 0.06, 1.94, 3.94], "texture": "#5"},
				"up": {"uv": [3.06, 0.06, 12.94, 1.94], "texture": "#1"},
				"down": {"uv": [3.06, 4.06, 12.94, 5.94], "texture": "#5"}
			}
		},
		{
			"from": [3, 5, 13],
			"to": [13, 9, 15],
			"rotation": {"angle": 0, "axis": "y", "origin": [0, 4, 0]},
			"faces": {
				"north": {"uv": [3.06, 1.06, 12.94, 4.94], "texture": "#5"},
				"east": {"uv": [0.06, 0.06, 1.94, 3.94], "texture": "#5"},
				"south": {"uv": [2.06, 14.94, 11.94, 11.06], "texture": "#5"},
				"west": {"uv": [0.06, 0.06, 1.94, 3.94], "texture": "#5"},
				"up": {"uv": [2.06, 0.06, 11.94, 1.94], "texture": "#1"},
				"down": {"uv": [2.06, 11.06, 11.94, 12.94], "texture": "#5"}
			}
		},
		{
			"from": [1, 5, 1],
			"to": [3, 9, 15],
			"rotation": {"angle": 0, "axis": "y", "origin": [0, 4, 0]},
			"faces": {
				"north": {"uv": [8.06, 14.94, 9.94, 11.06], "texture": "#5"},
				"east": {"uv": [1.06, 1.06, 14.94, 4.94], "texture": "#5"},
				"south": {"uv": [8.06, 14.94, 9.94, 11.06], "texture": "#5"},
				"west": {"uv": [1.06, 14.94, 14.94, 11.06], "texture": "#5"},
				"up": {"uv": [1.06, 1.06, 2.94, 14.94], "texture": "#1"},
				"down": {"uv": [4.06, 1.06, 5.94, 14.94], "texture": "#5"}
			}
		},
		{
			"from": [13, 5, 1],
			"to": [15, 9, 15],
			"rotation": {"angle": 0, "axis": "y", "origin": [0, 4, 0]},
			"faces": {
				"north": {"uv": [8.06, 14.94, 9.94, 11.06], "texture": "#5"},
				"east": {"uv": [1.06, 14.94, 14.94, 11.06], "texture": "#5"},
				"south": {"uv": [8.06, 14.94, 9.94, 11.06], "texture": "#5"},
				"west": {"uv": [1.06, 1.06, 14.94, 4.94], "texture": "#5"},
				"up": {"uv": [13.06, 0.06, 14.94, 13.94], "texture": "#1"},
				"down": {"uv": [12.06, 1.06, 13.94, 14.94], "texture": "#5"}
			}
		},
		{
			"from": [-0.1, 12, 8],
			"to": [2.9, 15, 8],
			"rotation": {"angle": 45, "axis": "y", "origin": [8, 3, 8]},
			"faces": {
				"north": {"uv": [6.94, 0.06, 4.06, 2.94], "texture": "#4"},
				"east": {"uv": [6.94, 0.06, 4.06, 2.94], "texture": "#4"},
				"south": {"uv": [6.94, 0.06, 4.06, 2.94], "texture": "#4"},
				"west": {"uv": [6.94, 0.06, 4.06, 2.94], "texture": "#4"},
				"up": {"uv": [6.94, 0.06, 4.06, 2.94], "rotation": 180, "texture": "#4"},
				"down": {"uv": [6.94, 0.06, 4.06, 2.94], "rotation": 180, "texture": "#4"}
			}
		},
		{
			"from": [-1.1, 9, 8],
			"to": [1.9, 12, 8],
			"rotation": {"angle": 45, "axis": "y", "origin": [8, 3, 8]},
			"faces": {
				"north": {"uv": [6.94, 0.06, 4.06, 2.94], "texture": "#4"},
				"east": {"uv": [6.94, 0.06, 4.06, 2.94], "texture": "#4"},
				"south": {"uv": [6.94, 0.06, 4.06, 2.94], "texture": "#4"},
				"west": {"uv": [6.94, 0.06, 4.06, 2.94], "texture": "#4"},
				"up": {"uv": [6.94, 0.06, 4.06, 2.94], "rotation": 180, "texture": "#4"},
				"down": {"uv": [6.94, 0.06, 4.06, 2.94], "rotation": 180, "texture": "#4"}
			}
		},
		{
			"from": [0.9, 15, 8],
			"to": [3.9, 18, 8],
			"rotation": {"angle": 45, "axis": "y", "origin": [8, 3, 8]},
			"faces": {
				"north": {"uv": [6.94, 0.06, 4.06, 2.94], "texture": "#4"},
				"east": {"uv": [6.94, 0.06, 4.06, 2.94], "texture": "#4"},
				"south": {"uv": [6.94, 0.06, 4.06, 2.94], "texture": "#4"},
				"west": {"uv": [6.94, 0.06, 4.06, 2.94], "texture": "#4"},
				"up": {"uv": [6.94, 0.06, 4.06, 2.94], "rotation": 180, "texture": "#4"},
				"down": {"uv": [6.94, 0.06, 4.06, 2.94], "rotation": 180, "texture": "#4"}
			}
		},
		{
			"from": [1.9, 18, 8],
			"to": [4.9, 21, 8],
			"rotation": {"angle": 45, "axis": "y", "origin": [8, 3, 8]},
			"faces": {
				"north": {"uv": [6.94, 0.06, 4.06, 2.94], "texture": "#4"},
				"east": {"uv": [6.94, 0.06, 4.06, 2.94], "texture": "#4"},
				"south": {"uv": [6.94, 0.06, 4.06, 2.94], "texture": "#4"},
				"west": {"uv": [6.94, 0.06, 4.06, 2.94], "texture": "#4"},
				"up": {"uv": [6.94, 0.06, 4.06, 2.94], "rotation": 180, "texture": "#4"},
				"down": {"uv": [6.94, 0.06, 4.06, 2.94], "rotation": 180, "texture": "#4"}
			}
		},
		{
			"from": [2.9, 21, 8],
			"to": [5.9, 24, 8],
			"rotation": {"angle": 45, "axis": "y", "origin": [8, 3, 8]},
			"faces": {
				"north": {"uv": [6.94, 0.06, 4.06, 2.94], "texture": "#4"},
				"east": {"uv": [6.94, 0.06, 4.06, 2.94], "texture": "#4"},
				"south": {"uv": [6.94, 0.06, 4.06, 2.94], "texture": "#4"},
				"west": {"uv": [6.94, 0.06, 4.06, 2.94], "texture": "#4"},
				"up": {"uv": [6.94, 0.06, 4.06, 2.94], "rotation": 180, "texture": "#4"},
				"down": {"uv": [6.94, 0.06, 4.06, 2.94], "rotation": 180, "texture": "#4"}
			}
		},
		{
			"from": [3.9, 24, 8],
			"to": [6.9, 27, 8],
			"rotation": {"angle": 45, "axis": "y", "origin": [8, 3, 8]},
			"faces": {
				"north": {"uv": [6.94, 0.06, 4.06, 2.94], "texture": "#4"},
				"east": {"uv": [6.94, 0.06, 4.06, 2.94], "texture": "#4"},
				"south": {"uv": [6.94, 0.06, 4.06, 2.94], "texture": "#4"},
				"west": {"uv": [6.94, 0.06, 4.06, 2.94], "texture": "#4"},
				"up": {"uv": [6.94, 0.06, 4.06, 2.94], "rotation": 180, "texture": "#4"},
				"down": {"uv": [6.94, 0.06, 4.06, 2.94], "rotation": 180, "texture": "#4"}
			}
		},
		{
			"from": [13.1, 12, 8],
			"to": [16.1, 15, 8],
			"rotation": {"angle": 45, "axis": "y", "origin": [8, 3, 8]},
			"faces": {
				"north": {"uv": [6.94, 0.06, 4.06, 2.94], "texture": "#4"},
				"east": {"uv": [6.94, 0.06, 4.06, 2.94], "texture": "#4"},
				"south": {"uv": [6.94, 0.06, 4.06, 2.94], "texture": "#4"},
				"west": {"uv": [6.94, 0.06, 4.06, 2.94], "texture": "#4"},
				"up": {"uv": [6.94, 0.06, 4.06, 2.94], "texture": "#4"},
				"down": {"uv": [6.94, 0.06, 4.06, 2.94], "texture": "#4"}
			}
		},
		{
			"from": [14.1, 9, 8],
			"to": [17.1, 12, 8],
			"rotation": {"angle": 45, "axis": "y", "origin": [8, 3, 8]},
			"faces": {
				"north": {"uv": [6.94, 0.06, 4.06, 2.94], "texture": "#4"},
				"east": {"uv": [6.94, 0.06, 4.06, 2.94], "texture": "#4"},
				"south": {"uv": [6.94, 0.06, 4.06, 2.94], "texture": "#4"},
				"west": {"uv": [6.94, 0.06, 4.06, 2.94], "texture": "#4"},
				"up": {"uv": [6.94, 0.06, 4.06, 2.94], "texture": "#4"},
				"down": {"uv": [6.94, 0.06, 4.06, 2.94], "texture": "#4"}
			}
		},
		{
			"from": [12.1, 15, 8],
			"to": [15.1, 18, 8],
			"rotation": {"angle": 45, "axis": "y", "origin": [8, 3, 8]},
			"faces": {
				"north": {"uv": [6.94, 0.06, 4.06, 2.94], "texture": "#4"},
				"east": {"uv": [6.94, 0.06, 4.06, 2.94], "texture": "#4"},
				"south": {"uv": [6.94, 0.06, 4.06, 2.94], "texture": "#4"},
				"west": {"uv": [6.94, 0.06, 4.06, 2.94], "texture": "#4"},
				"up": {"uv": [6.94, 0.06, 4.06, 2.94], "texture": "#4"},
				"down": {"uv": [6.94, 0.06, 4.06, 2.94], "texture": "#4"}
			}
		},
		{
			"from": [11.1, 18, 8],
			"to": [14.1, 21, 8],
			"rotation": {"angle": 45, "axis": "y", "origin": [8, 3, 8]},
			"faces": {
				"north": {"uv": [6.94, 0.06, 4.06, 2.94], "texture": "#4"},
				"east": {"uv": [6.94, 0.06, 4.06, 2.94], "texture": "#4"},
				"south": {"uv": [6.94, 0.06, 4.06, 2.94], "texture": "#4"},
				"west": {"uv": [6.94, 0.06, 4.06, 2.94], "texture": "#4"},
				"up": {"uv": [6.94, 0.06, 4.06, 2.94], "texture": "#4"},
				"down": {"uv": [6.94, 0.06, 4.06, 2.94], "texture": "#4"}
			}
		},
		{
			"from": [10.1, 21, 8],
			"to": [13.1, 24, 8],
			"rotation": {"angle": 45, "axis": "y", "origin": [8, 3, 8]},
			"faces": {
				"north": {"uv": [6.94, 0.06, 4.06, 2.94], "texture": "#4"},
				"east": {"uv": [6.94, 0.06, 4.06, 2.94], "texture": "#4"},
				"south": {"uv": [6.94, 0.06, 4.06, 2.94], "texture": "#4"},
				"west": {"uv": [6.94, 0.06, 4.06, 2.94], "texture": "#4"},
				"up": {"uv": [6.94, 0.06, 4.06, 2.94], "texture": "#4"},
				"down": {"uv": [6.94, 0.06, 4.06, 2.94], "texture": "#4"}
			}
		},
		{
			"from": [9.1, 24, 8],
			"to": [12.1, 27, 8],
			"rotation": {"angle": 45, "axis": "y", "origin": [8, 3, 8]},
			"faces": {
				"north": {"uv": [6.94, 0.06, 4.06, 2.94], "texture": "#4"},
				"east": {"uv": [6.94, 0.06, 4.06, 2.94], "texture": "#4"},
				"south": {"uv": [6.94, 0.06, 4.06, 2.94], "texture": "#4"},
				"west": {"uv": [6.94, 0.06, 4.06, 2.94], "texture": "#4"},
				"up": {"uv": [6.94, 0.06, 4.06, 2.94], "texture": "#4"},
				"down": {"uv": [6.94, 0.06, 4.06, 2.94], "texture": "#4"}
			}
		},
		{
			"from": [8, 27, 6.5],
			"to": [8, 30, 9.5],
			"rotation": {"angle": 0, "axis": "y", "origin": [8, 3, 8]},
			"faces": {
				"north": {"uv": [6.94, 0.06, 4.06, 2.94], "texture": "#4"},
				"east": {"uv": [15.94, 0.06, 13.06, 2.94], "texture": "#4"},
				"south": {"uv": [6.94, 0.06, 4.06, 2.94], "texture": "#4"},
				"west": {"uv": [15.94, 0.06, 13.06, 2.94], "texture": "#4"},
				"up": {"uv": [6.94, 0.06, 4.06, 2.94], "rotation": 270, "texture": "#4"},
				"down": {"uv": [6.94, 0.06, 4.06, 2.94], "rotation": 90, "texture": "#4"}
			}
		},
		{
			"from": [8, 12, 13.1],
			"to": [8, 15, 16.1],
			"rotation": {"angle": 45, "axis": "y", "origin": [8, 3, 8]},
			"faces": {
				"north": {"uv": [6.94, 0.06, 4.06, 2.94], "texture": "#4"},
				"east": {"uv": [6.94, 0.06, 4.06, 2.94], "texture": "#4"},
				"south": {"uv": [6.94, 0.06, 4.06, 2.94], "texture": "#4"},
				"west": {"uv": [6.94, 0.06, 4.06, 2.94], "texture": "#4"},
				"up": {"uv": [6.94, 0.06, 4.06, 2.94], "rotation": 90, "texture": "#4"},
				"down": {"uv": [6.94, 0.06, 4.06, 2.94], "rotation": 270, "texture": "#4"}
			}
		},
		{
			"from": [8, 9, 14.1],
			"to": [8, 12, 17.1],
			"rotation": {"angle": 45, "axis": "y", "origin": [8, 3, 8]},
			"faces": {
				"north": {"uv": [6.94, 0.06, 4.06, 2.94], "texture": "#4"},
				"east": {"uv": [6.94, 0.06, 4.06, 2.94], "texture": "#4"},
				"south": {"uv": [6.94, 0.06, 4.06, 2.94], "texture": "#4"},
				"west": {"uv": [6.94, 0.06, 4.06, 2.94], "texture": "#4"},
				"up": {"uv": [6.94, 0.06, 4.06, 2.94], "rotation": 90, "texture": "#4"},
				"down": {"uv": [6.94, 0.06, 4.06, 2.94], "rotation": 270, "texture": "#4"}
			}
		},
		{
			"from": [8, 15, 12.1],
			"to": [8, 18, 15.1],
			"rotation": {"angle": 45, "axis": "y", "origin": [8, 3, 8]},
			"faces": {
				"north": {"uv": [6.94, 0.06, 4.06, 2.94], "texture": "#4"},
				"east": {"uv": [6.94, 0.06, 4.06, 2.94], "texture": "#4"},
				"south": {"uv": [6.94, 0.06, 4.06, 2.94], "texture": "#4"},
				"west": {"uv": [6.94, 0.06, 4.06, 2.94], "texture": "#4"},
				"up": {"uv": [6.94, 0.06, 4.06, 2.94], "rotation": 90, "texture": "#4"},
				"down": {"uv": [6.94, 0.06, 4.06, 2.94], "rotation": 270, "texture": "#4"}
			}
		},
		{
			"from": [8, 18, 11.1],
			"to": [8, 21, 14.1],
			"rotation": {"angle": 45, "axis": "y", "origin": [8, 3, 8]},
			"faces": {
				"north": {"uv": [6.94, 0.06, 4.06, 2.94], "texture": "#4"},
				"east": {"uv": [6.94, 0.06, 4.06, 2.94], "texture": "#4"},
				"south": {"uv": [6.94, 0.06, 4.06, 2.94], "texture": "#4"},
				"west": {"uv": [6.94, 0.06, 4.06, 2.94], "texture": "#4"},
				"up": {"uv": [6.94, 0.06, 4.06, 2.94], "rotation": 90, "texture": "#4"},
				"down": {"uv": [6.94, 0.06, 4.06, 2.94], "rotation": 270, "texture": "#4"}
			}
		},
		{
			"from": [8, 21, 10.1],
			"to": [8, 24, 13.1],
			"rotation": {"angle": 45, "axis": "y", "origin": [8, 3, 8]},
			"faces": {
				"north": {"uv": [6.94, 0.06, 4.06, 2.94], "texture": "#4"},
				"east": {"uv": [6.94, 0.06, 4.06, 2.94], "texture": "#4"},
				"south": {"uv": [6.94, 0.06, 4.06, 2.94], "texture": "#4"},
				"west": {"uv": [6.94, 0.06, 4.06, 2.94], "texture": "#4"},
				"up": {"uv": [6.94, 0.06, 4.06, 2.94], "rotation": 90, "texture": "#4"},
				"down": {"uv": [6.94, 0.06, 4.06, 2.94], "rotation": 270, "texture": "#4"}
			}
		},
		{
			"from": [8, 24, 9.1],
			"to": [8, 27, 12.1],
			"rotation": {"angle": 45, "axis": "y", "origin": [8, 3, 8]},
			"faces": {
				"north": {"uv": [6.94, 0.06, 4.06, 2.94], "texture": "#4"},
				"east": {"uv": [6.94, 0.06, 4.06, 2.94], "texture": "#4"},
				"south": {"uv": [6.94, 0.06, 4.06, 2.94], "texture": "#4"},
				"west": {"uv": [6.94, 0.06, 4.06, 2.94], "texture": "#4"},
				"up": {"uv": [6.94, 0.06, 4.06, 2.94], "rotation": 90, "texture": "#4"},
				"down": {"uv": [6.94, 0.06, 4.06, 2.94], "rotation": 270, "texture": "#4"}
			}
		},
		{
			"from": [8, 12, -0.1],
			"to": [8, 15, 2.9],
			"rotation": {"angle": 45, "axis": "y", "origin": [8, 3, 8]},
			"faces": {
				"north": {"uv": [6.94, 0.06, 4.06, 2.94], "texture": "#4"},
				"east": {"uv": [6.94, 0.06, 4.06, 2.94], "texture": "#4"},
				"south": {"uv": [6.94, 0.06, 4.06, 2.94], "texture": "#4"},
				"west": {"uv": [6.94, 0.06, 4.06, 2.94], "texture": "#4"},
				"up": {"uv": [6.94, 0.06, 4.06, 2.94], "rotation": 270, "texture": "#4"},
				"down": {"uv": [6.94, 0.06, 4.06, 2.94], "rotation": 90, "texture": "#4"}
			}
		},
		{
			"from": [8, 9, -1.1],
			"to": [8, 12, 1.9],
			"rotation": {"angle": 45, "axis": "y", "origin": [8, 3, 8]},
			"faces": {
				"north": {"uv": [6.94, 0.06, 4.06, 2.94], "texture": "#4"},
				"east": {"uv": [6.94, 0.06, 4.06, 2.94], "texture": "#4"},
				"south": {"uv": [6.94, 0.06, 4.06, 2.94], "texture": "#4"},
				"west": {"uv": [6.94, 0.06, 4.06, 2.94], "texture": "#4"},
				"up": {"uv": [6.94, 0.06, 4.06, 2.94], "rotation": 270, "texture": "#4"},
				"down": {"uv": [6.94, 0.06, 4.06, 2.94], "rotation": 90, "texture": "#4"}
			}
		},
		{
			"from": [8, 15, 0.9],
			"to": [8, 18, 3.9],
			"rotation": {"angle": 45, "axis": "y", "origin": [8, 3, 8]},
			"faces": {
				"north": {"uv": [6.94, 0.06, 4.06, 2.94], "texture": "#4"},
				"east": {"uv": [6.94, 0.06, 4.06, 2.94], "texture": "#4"},
				"south": {"uv": [6.94, 0.06, 4.06, 2.94], "texture": "#4"},
				"west": {"uv": [6.94, 0.06, 4.06, 2.94], "texture": "#4"},
				"up": {"uv": [6.94, 0.06, 4.06, 2.94], "rotation": 270, "texture": "#4"},
				"down": {"uv": [6.94, 0.06, 4.06, 2.94], "rotation": 90, "texture": "#4"}
			}
		},
		{
			"from": [8, 18, 1.9],
			"to": [8, 21, 4.9],
			"rotation": {"angle": 45, "axis": "y", "origin": [8, 3, 8]},
			"faces": {
				"north": {"uv": [6.94, 0.06, 4.06, 2.94], "texture": "#4"},
				"east": {"uv": [6.94, 0.06, 4.06, 2.94], "texture": "#4"},
				"south": {"uv": [6.94, 0.06, 4.06, 2.94], "texture": "#4"},
				"west": {"uv": [6.94, 0.06, 4.06, 2.94], "texture": "#4"},
				"up": {"uv": [6.94, 0.06, 4.06, 2.94], "rotation": 270, "texture": "#4"},
				"down": {"uv": [6.94, 0.06, 4.06, 2.94], "rotation": 90, "texture": "#4"}
			}
		},
		{
			"from": [8, 21, 2.9],
			"to": [8, 24, 5.9],
			"rotation": {"angle": 45, "axis": "y", "origin": [8, 3, 8]},
			"faces": {
				"north": {"uv": [6.94, 0.06, 4.06, 2.94], "texture": "#4"},
				"east": {"uv": [6.94, 0.06, 4.06, 2.94], "texture": "#4"},
				"south": {"uv": [6.94, 0.06, 4.06, 2.94], "texture": "#4"},
				"west": {"uv": [6.94, 0.06, 4.06, 2.94], "texture": "#4"},
				"up": {"uv": [6.94, 0.06, 4.06, 2.94], "rotation": 270, "texture": "#4"},
				"down": {"uv": [6.94, 0.06, 4.06, 2.94], "rotation": 90, "texture": "#4"}
			}
		},
		{
			"from": [8, 24, 3.9],
			"to": [8, 27, 6.9],
			"rotation": {"angle": 45, "axis": "y", "origin": [8, 3, 8]},
			"faces": {
				"north": {"uv": [6.94, 0.06, 4.06, 2.94], "texture": "#4"},
				"east": {"uv": [6.94, 0.06, 4.06, 2.94], "texture": "#4"},
				"south": {"uv": [6.94, 0.06, 4.06, 2.94], "texture": "#4"},
				"west": {"uv": [6.94, 0.06, 4.06, 2.94], "texture": "#4"},
				"up": {"uv": [6.94, 0.06, 4.06, 2.94], "rotation": 270, "texture": "#4"},
				"down": {"uv": [6.94, 0.06, 4.06, 2.94], "rotation": 90, "texture": "#4"}
			}
		},
		{
			"from": [6.86863, 27, 5.36863],
			"to": [6.86863, 29, 8.36863],
			"rotation": {"angle": 45, "axis": "y", "origin": [6.86863, 28, 6.86863]},
			"faces": {
				"north": {"uv": [6.94, 0.06, 4.06, 2.94], "texture": "#4"},
				"east": {"uv": [6.94, 0.06, 4.06, 1.94], "texture": "#4"},
				"south": {"uv": [6.94, 0.06, 4.06, 2.94], "texture": "#4"},
				"west": {"uv": [6.94, 0.06, 4.06, 1.94], "texture": "#4"},
				"up": {"uv": [6.94, 0.06, 4.06, 2.94], "rotation": 270, "texture": "#4"},
				"down": {"uv": [6.94, 0.06, 4.06, 2.94], "rotation": 90, "texture": "#4"}
			}
		},
		{
			"from": [6.86863, 27, 8.61863],
			"to": [6.86863, 29, 11.61863],
			"rotation": {"angle": 45, "axis": "y", "origin": [6.86863, 28, 6.86863]},
			"faces": {
				"north": {"uv": [6.94, 0.06, 4.06, 2.94], "texture": "#4"},
				"east": {"uv": [6.94, 0.06, 4.06, 1.94], "texture": "#4"},
				"south": {"uv": [6.94, 0.06, 4.06, 2.94], "texture": "#4"},
				"west": {"uv": [6.94, 0.06, 4.06, 1.94], "texture": "#4"},
				"up": {"uv": [6.94, 0.06, 4.06, 2.94], "rotation": 270, "texture": "#4"},
				"down": {"uv": [6.94, 0.06, 4.06, 2.94], "rotation": 90, "texture": "#4"}
			}
		},
		{
			"from": [7.57574, 27, 7.07574],
			"to": [7.57574, 30, 9.37574],
			"rotation": {"angle": 45, "axis": "y", "origin": [7.57574, 28.5, 7.57574]},
			"faces": {
				"north": {"uv": [6.94, 0.06, 4.06, 2.94], "rotation": 270, "texture": "#4"},
				"east": {"uv": [6.94, 0.06, 4.06, 1.94], "rotation": 270, "texture": "#4"},
				"south": {"uv": [6.94, 0.06, 4.06, 2.94], "rotation": 270, "texture": "#4"},
				"west": {"uv": [6.94, 0.06, 4.06, 1.94], "rotation": 90, "texture": "#4"},
				"up": {"uv": [6.94, 0.06, 4.06, 2.94], "rotation": 180, "texture": "#4"},
				"down": {"uv": [6.94, 0.06, 4.06, 2.94], "texture": "#4"}
			}
		},
		{
			"from": [6.47574, 27, 8.07574],
			"to": [8.77574, 30, 8.07574],
			"rotation": {"angle": 45, "axis": "y", "origin": [7.57574, 28.5, 7.57574]},
			"faces": {
				"north": {"uv": [6.94, 0.06, 4.06, 1.94], "rotation": 270, "texture": "#4"},
				"east": {"uv": [6.94, 0.06, 4.06, 2.94], "rotation": 270, "texture": "#4"},
				"south": {"uv": [6.94, 0.06, 4.06, 1.94], "rotation": 90, "texture": "#4"},
				"west": {"uv": [6.94, 0.06, 4.06, 2.94], "rotation": 270, "texture": "#4"},
				"up": {"uv": [6.94, 0.06, 4.06, 2.94], "rotation": 90, "texture": "#4"},
				"down": {"uv": [6.94, 0.06, 4.06, 2.94], "rotation": 90, "texture": "#4"}
			}
		},
		{
			"from": [3.76863, 27, 8.36863],
			"to": [6.76863, 29, 8.36863],
			"rotation": {"angle": 45, "axis": "y", "origin": [6.86863, 28, 6.86863]},
			"faces": {
				"north": {"uv": [6.94, 0.06, 4.06, 1.94], "texture": "#4"},
				"east": {"uv": [6.94, 0.06, 4.06, 2.94], "texture": "#4"},
				"south": {"uv": [6.94, 0.06, 4.06, 1.94], "texture": "#4"},
				"west": {"uv": [6.94, 0.06, 4.06, 2.94], "texture": "#4"},
				"up": {"uv": [6.94, 0.06, 4.06, 2.94], "rotation": 180, "texture": "#4"},
				"down": {"uv": [6.94, 0.06, 4.06, 2.94], "rotation": 180, "texture": "#4"}
			}
		},
		{
			"from": [7.01863, 27, 8.36863],
			"to": [10.01863, 29, 8.36863],
			"rotation": {"angle": 45, "axis": "y", "origin": [6.86863, 28, 6.86863]},
			"faces": {
				"north": {"uv": [6.94, 0.06, 4.06, 1.94], "texture": "#4"},
				"east": {"uv": [6.94, 0.06, 4.06, 2.94], "texture": "#4"},
				"south": {"uv": [6.94, 0.06, 4.06, 1.94], "texture": "#4"},
				"west": {"uv": [6.94, 0.06, 4.06, 2.94], "texture": "#4"},
				"up": {"uv": [6.94, 0.06, 4.06, 2.94], "rotation": 180, "texture": "#4"},
				"down": {"uv": [6.94, 0.06, 4.06, 2.94], "rotation": 180, "texture": "#4"}
			}
		},
		{
			"from": [6.5, 27, 8],
			"to": [9.5, 30, 8],
			"rotation": {"angle": 0, "axis": "y", "origin": [8, 3, 8]},
			"faces": {
				"north": {"uv": [15.94, 0.06, 13.06, 2.94], "texture": "#4"},
				"east": {"uv": [6.94, 0.06, 4.06, 2.94], "texture": "#4"},
				"south": {"uv": [15.94, 0.06, 13.06, 2.94], "texture": "#4"},
				"west": {"uv": [6.94, 0.06, 4.06, 2.94], "texture": "#4"},
				"up": {"uv": [6.94, 0.06, 4.06, 2.94], "rotation": 180, "texture": "#4"},
				"down": {"uv": [6.94, 0.06, 4.06, 2.94], "rotation": 180, "texture": "#4"}
			}
		},
		{
			"from": [3, 6.84352, 3.57069],
			"to": [4, 12.84352, 6.57069],
			"rotation": {"angle": -22.5, "axis": "x", "origin": [7, 7.59352, 5.98212]},
			"faces": {
				"north": {"uv": [6.06, 2.06, 6.94, 7.94], "texture": "#6"},
				"east": {"uv": [6.06, 1.06, 11.94, 3.94], "rotation": 270, "texture": "#6"},
				"south": {"uv": [5.94, 5.06, 0.06, 5.94], "rotation": 90, "texture": "#6"},
				"west": {"uv": [6.06, 1.06, 11.94, 3.94], "rotation": 90, "texture": "#6"},
				"up": {"uv": [8.06, 1.06, 8.94, 3.94], "rotation": 180, "texture": "#6"},
				"down": {"uv": [9.06, 1.06, 9.94, 3.94], "texture": "#6"}
			}
		},
		{
			"from": [10, 6.84352, 3.57069],
			"to": [11, 12.84352, 6.57069],
			"rotation": {"angle": -22.5, "axis": "x", "origin": [7, 7.59352, 5.98212]},
			"faces": {
				"north": {"uv": [11.06, 2.06, 11.94, 7.94], "texture": "#6"},
				"east": {"uv": [6.06, 1.06, 11.94, 3.94], "rotation": 270, "texture": "#6"},
				"south": {"uv": [5.94, 0.06, 0.06, 0.94], "rotation": 90, "texture": "#6"},
				"west": {"uv": [6.06, 1.06, 11.94, 3.94], "rotation": 90, "texture": "#6"},
				"up": {"uv": [8.06, 1.06, 8.94, 3.94], "rotation": 180, "texture": "#6"},
				"down": {"uv": [6.06, 1.06, 6.94, 3.94], "texture": "#6"}
			}
		},
		{
			"from": [4, 12.84352, 3.58069],
			"to": [10, 13.84352, 6.58069],
			"rotation": {"angle": -22.5, "axis": "x", "origin": [7, 7.59352, 5.98212]},
			"faces": {
				"north": {"uv": [8.06, 2.06, 8.94, 7.94], "rotation": 90, "texture": "#6"},
				"east": {"uv": [11.06, 1.06, 11.94, 3.94], "rotation": 270, "texture": "#6"},
				"south": {"uv": [5.06, 0.06, 5.94, 5.94], "rotation": 90, "texture": "#6"},
				"west": {"uv": [8.06, 1.06, 8.94, 3.94], "rotation": 90, "texture": "#6"},
				"up": {"uv": [6.06, 1.06, 11.94, 3.94], "rotation": 180, "texture": "#6"},
				"down": {"uv": [6.06, 1.06, 10.94, 3.94], "texture": "#6"}
			}
		},
		{
			"from": [4, 5.84352, 3.58069],
			"to": [10, 6.84352, 6.58069],
			"rotation": {"angle": -22.5, "axis": "x", "origin": [7, 7.59352, 5.98212]},
			"faces": {
				"north": {"uv": [8.06, 2.06, 8.94, 7.94], "rotation": 90, "texture": "#6"},
				"east": {"uv": [6.06, 1.06, 6.94, 3.94], "rotation": 270, "texture": "#6"},
				"south": {"uv": [0.06, 0.06, 0.94, 5.94], "rotation": 90, "texture": "#6"},
				"west": {"uv": [7.06, 1.06, 7.94, 3.94], "rotation": 90, "texture": "#6"},
				"up": {"uv": [6.06, 1.06, 10.94, 3.94], "rotation": 180, "texture": "#6"},
				"down": {"uv": [7.06, 1.06, 11.94, 3.94], "texture": "#6"}
			}
		},
		{
			"from": [4, 6.84352, 3.59069],
			"to": [10, 12.84352, 7.59069],
			"rotation": {"angle": -22.5, "axis": "x", "origin": [7, 7.59352, 5.98212]},
			"faces": {
				"north": {"uv": [6.06, 2.06, 11.94, 7.94], "rotation": 90, "texture": "#6"},
				"east": {"uv": [6.06, 0.06, 11.94, 3.94], "rotation": 270, "texture": "#6"},
				"south": {"uv": [0.06, 0.06, 5.94, 5.94], "rotation": 90, "texture": "#6"},
				"west": {"uv": [6.06, 0.06, 11.94, 3.94], "rotation": 90, "texture": "#6"},
				"up": {"uv": [6.06, 0.06, 11.94, 3.94], "rotation": 180, "texture": "#6"},
				"down": {"uv": [6.06, 0.06, 11.94, 3.94], "texture": "#6"}
			}
		},
		{
			"name": "layer",
			"from": [4, 6.84352, 7.79069],
			"to": [10, 12.84352, 7.79069],
			"rotation": {"angle": -22.5, "axis": "x", "origin": [7, 7.59352, 5.98212]},
			"faces": {
				"south": {"uv": [0.06, 0.06, 5.94, 5.94], "rotation": 90, "texture": "#7"}
			}
		},
		{
			"name": "layer",
			"from": [4, 6.84352, 8.19069],
			"to": [10, 12.84352, 8.19069],
			"rotation": {"angle": -22.5, "axis": "x", "origin": [7, 7.59352, 5.98212]},
			"faces": {
				"south": {"uv": [0.06, 6.06, 5.94, 11.94], "rotation": 90, "texture": "#7"}
			}
		},
		{
			"from": [5.91822, 5.73843, 6.16466],
			"to": [6.91822, 11.73843, 9.16466],
			"rotation": {"angle": -45, "axis": "x", "origin": [10.91822, 10.73843, 9.57609]},
			"faces": {
				"north": {"uv": [6.06, 2.06, 6.94, 7.94], "texture": "#6"},
				"east": {"uv": [6.06, 1.06, 11.94, 3.94], "rotation": 270, "texture": "#6"},
				"south": {"uv": [5.94, 5.06, 0.06, 5.94], "rotation": 90, "texture": "#6"},
				"west": {"uv": [6.06, 1.06, 11.94, 3.94], "rotation": 90, "texture": "#6"},
				"up": {"uv": [8.06, 1.06, 8.94, 3.94], "rotation": 180, "texture": "#6"},
				"down": {"uv": [9.06, 1.06, 9.94, 3.94], "texture": "#6"}
			}
		},
		{
			"from": [12.91822, 5.73843, 6.16466],
			"to": [13.91822, 11.73843, 9.16466],
			"rotation": {"angle": -45, "axis": "x", "origin": [10.91822, 10.73843, 9.57609]},
			"faces": {
				"north": {"uv": [11.06, 2.06, 11.94, 7.94], "texture": "#6"},
				"east": {"uv": [6.06, 1.06, 11.94, 3.94], "rotation": 270, "texture": "#6"},
				"south": {"uv": [5.94, 0.06, 0.06, 0.94], "rotation": 90, "texture": "#6"},
				"west": {"uv": [6.06, 1.06, 11.94, 3.94], "rotation": 90, "texture": "#6"},
				"up": {"uv": [8.06, 1.06, 8.94, 3.94], "rotation": 180, "texture": "#6"},
				"down": {"uv": [6.06, 1.06, 6.94, 3.94], "texture": "#6"}
			}
		},
		{
			"from": [6.91822, 11.73843, 6.17466],
			"to": [12.91822, 12.73843, 9.17466],
			"rotation": {"angle": -45, "axis": "x", "origin": [10.91822, 10.73843, 9.57609]},
			"faces": {
				"north": {"uv": [8.06, 2.06, 8.94, 7.94], "rotation": 90, "texture": "#6"},
				"east": {"uv": [11.06, 1.06, 11.94, 3.94], "rotation": 270, "texture": "#6"},
				"south": {"uv": [5.06, 0.06, 5.94, 5.94], "rotation": 90, "texture": "#6"},
				"west": {"uv": [8.06, 1.06, 8.94, 3.94], "rotation": 90, "texture": "#6"},
				"up": {"uv": [6.06, 1.06, 11.94, 3.94], "rotation": 180, "texture": "#6"},
				"down": {"uv": [6.06, 1.06, 10.94, 3.94], "texture": "#6"}
			}
		},
		{
			"from": [6.91822, 4.73843, 6.17466],
			"to": [12.91822, 5.73843, 9.17466],
			"rotation": {"angle": -45, "axis": "x", "origin": [10.91822, 10.73843, 9.57609]},
			"faces": {
				"north": {"uv": [8.06, 2.06, 8.94, 7.94], "rotation": 90, "texture": "#6"},
				"east": {"uv": [6.06, 1.06, 6.94, 3.94], "rotation": 270, "texture": "#6"},
				"south": {"uv": [0.06, 0.06, 0.94, 5.94], "rotation": 90, "texture": "#6"},
				"west": {"uv": [7.06, 1.06, 7.94, 3.94], "rotation": 90, "texture": "#6"},
				"up": {"uv": [6.06, 1.06, 10.94, 3.94], "rotation": 180, "texture": "#6"},
				"down": {"uv": [7.06, 1.06, 11.94, 3.94], "texture": "#6"}
			}
		},
		{
			"from": [6.91822, 5.73843, 6.18466],
			"to": [12.91822, 11.73843, 10.18466],
			"rotation": {"angle": -45, "axis": "x", "origin": [10.91822, 10.73843, 9.57609]},
			"faces": {
				"north": {"uv": [6.06, 2.06, 11.94, 7.94], "rotation": 90, "texture": "#6"},
				"east": {"uv": [6.06, 0.06, 11.94, 3.94], "rotation": 270, "texture": "#6"},
				"south": {"uv": [0.06, 0.06, 5.94, 5.94], "rotation": 90, "texture": "#6"},
				"west": {"uv": [6.06, 0.06, 11.94, 3.94], "rotation": 90, "texture": "#6"},
				"up": {"uv": [6.06, 0.06, 11.94, 3.94], "rotation": 180, "texture": "#6"},
				"down": {"uv": [6.06, 0.06, 11.94, 3.94], "texture": "#6"}
			}
		},
		{
			"name": "layer",
			"from": [6.91822, 5.73843, 10.38466],
			"to": [12.91822, 11.73843, 10.38466],
			"rotation": {"angle": -45, "axis": "x", "origin": [10.91822, 10.73843, 9.57609]},
			"faces": {
				"south": {"uv": [0.06, 0.06, 5.94, 5.94], "rotation": 90, "texture": "#7"}
			}
		},
		{
			"name": "layer",
			"from": [6.91822, 5.73843, 10.78466],
			"to": [12.91822, 11.73843, 10.78466],
			"rotation": {"angle": -45, "axis": "x", "origin": [10.91822, 10.73843, 9.57609]},
			"faces": {
				"south": {"uv": [0.06, 6.06, 5.94, 11.94], "rotation": 90, "texture": "#7"}
			}
		},
		{
			"from": [3.41822, 3.077, 5.57609],
			"to": [4.41822, 6.077, 11.57609],
			"rotation": {"angle": -22.5, "axis": "y", "origin": [5.91822, 5.73843, 7.57609]},
			"faces": {
				"north": {"uv": [8.06, 1.06, 8.94, 3.94], "texture": "#6"},
				"east": {"uv": [6.06, 1.06, 11.94, 3.94], "texture": "#6"},
				"south": {"uv": [9.06, 1.06, 9.94, 3.94], "texture": "#6"},
				"west": {"uv": [6.06, 1.06, 11.94, 3.94], "texture": "#6"},
				"up": {"uv": [5.94, 5.06, 0.06, 5.94], "rotation": 90, "texture": "#6"},
				"down": {"uv": [6.06, 2.06, 6.94, 7.94], "rotation": 180, "texture": "#6"}
			}
		},
		{
			"from": [10.41822, 3.077, 5.57609],
			"to": [11.41822, 6.077, 11.57609],
			"rotation": {"angle": -22.5, "axis": "y", "origin": [5.91822, 5.73843, 7.57609]},
			"faces": {
				"north": {"uv": [8.06, 1.06, 8.94, 3.94], "texture": "#6"},
				"east": {"uv": [6.06, 1.06, 11.94, 3.94], "texture": "#6"},
				"south": {"uv": [6.06, 1.06, 6.94, 3.94], "texture": "#6"},
				"west": {"uv": [6.06, 1.06, 11.94, 3.94], "texture": "#6"},
				"up": {"uv": [5.94, 0.06, 0.06, 0.94], "rotation": 90, "texture": "#6"},
				"down": {"uv": [11.06, 2.06, 11.94, 7.94], "rotation": 180, "texture": "#6"}
			}
		},
		{
			"from": [4.41822, 3.087, 4.57609],
			"to": [10.41822, 6.087, 5.57609],
			"rotation": {"angle": -22.5, "axis": "y", "origin": [5.91822, 5.73843, 7.57609]},
			"faces": {
				"north": {"uv": [6.06, 1.06, 11.94, 3.94], "texture": "#6"},
				"east": {"uv": [11.06, 1.06, 11.94, 3.94], "texture": "#6"},
				"south": {"uv": [6.06, 1.06, 10.94, 3.94], "texture": "#6"},
				"west": {"uv": [8.06, 1.06, 8.94, 3.94], "texture": "#6"},
				"up": {"uv": [5.06, 0.06, 5.94, 5.94], "rotation": 90, "texture": "#6"},
				"down": {"uv": [8.06, 2.06, 8.94, 7.94], "rotation": 270, "texture": "#6"}
			}
		},
		{
			"from": [4.41822, 3.087, 11.57609],
			"to": [10.41822, 6.087, 12.57609],
			"rotation": {"angle": -22.5, "axis": "y", "origin": [5.91822, 5.73843, 7.57609]},
			"faces": {
				"north": {"uv": [6.06, 1.06, 10.94, 3.94], "texture": "#6"},
				"east": {"uv": [6.06, 1.06, 6.94, 3.94], "texture": "#6"},
				"south": {"uv": [7.06, 1.06, 11.94, 3.94], "texture": "#6"},
				"west": {"uv": [7.06, 1.06, 7.94, 3.94], "texture": "#6"},
				"up": {"uv": [0.06, 0.06, 0.94, 5.94], "rotation": 90, "texture": "#6"},
				"down": {"uv": [8.06, 2.06, 8.94, 7.94], "rotation": 270, "texture": "#6"}
			}
		},
		{
			"from": [4.41822, 3.097, 5.57609],
			"to": [10.41822, 7.097, 11.57609],
			"rotation": {"angle": -22.5, "axis": "y", "origin": [5.91822, 5.73843, 7.57609]},
			"faces": {
				"north": {"uv": [6.06, 0.06, 11.94, 3.94], "texture": "#6"},
				"east": {"uv": [6.06, 0.06, 11.94, 3.94], "texture": "#6"},
				"south": {"uv": [6.06, 0.06, 11.94, 3.94], "texture": "#6"},
				"west": {"uv": [6.06, 0.06, 11.94, 3.94], "texture": "#6"},
				"up": {"uv": [0.06, 0.06, 5.94, 5.94], "rotation": 90, "texture": "#6"},
				"down": {"uv": [6.06, 2.06, 11.94, 7.94], "rotation": 270, "texture": "#6"}
			}
		},
		{
			"name": "layer",
			"from": [4.41822, 7.297, 5.57609],
			"to": [10.41822, 7.297, 11.57609],
			"rotation": {"angle": -22.5, "axis": "y", "origin": [5.91822, 5.73843, 7.57609]},
			"faces": {
				"up": {"uv": [0.06, 0.06, 5.94, 5.94], "rotation": 90, "texture": "#7"}
			}
		},
		{
			"name": "layer",
			"from": [4.41822, 7.697, 5.57609],
			"to": [10.41822, 7.697, 11.57609],
			"rotation": {"angle": -22.5, "axis": "y", "origin": [5.91822, 5.73843, 7.57609]},
			"faces": {
				"up": {"uv": [0.06, 6.06, 5.94, 11.94], "rotation": 90, "texture": "#7"}
			}
		},
		{
			"from": [2, -14, 2],
			"to": [14, -12, 14],
			"rotation": {"angle": 0, "axis": "y", "origin": [0, -13, 0]},
			"faces": {
				"north": {"uv": [2, 12, 14, 14], "texture": "#5"},
				"east": {"uv": [2, 12, 14, 14], "texture": "#5"},
				"south": {"uv": [2, 12, 14, 14], "texture": "#5"},
				"west": {"uv": [2, 12, 14, 14], "texture": "#5"},
				"up": {"uv": [2, 1, 14, 13], "texture": "#5"},
				"down": {"uv": [2, 2, 14, 14], "texture": "#5"}
			}
		},
		{
			"from": [3, -12, 1],
			"to": [13, -8, 3],
			"rotation": {"angle": 0, "axis": "y", "origin": [0, -13, 0]},
			"faces": {
				"north": {"uv": [2, 15, 12, 11], "texture": "#5"},
				"east": {"uv": [0, 0, 2, 4], "texture": "#5"},
				"south": {"uv": [3, 1, 13, 5], "texture": "#5"},
				"west": {"uv": [0, 0, 2, 4], "texture": "#5"},
				"up": {"uv": [3, 0, 13, 2], "texture": "#1"},
				"down": {"uv": [3, 4, 13, 6], "texture": "#5"}
			}
		},
		{
			"from": [3, -12, 13],
			"to": [13, -8, 15],
			"rotation": {"angle": 0, "axis": "y", "origin": [0, -13, 0]},
			"faces": {
				"north": {"uv": [3, 1, 13, 5], "texture": "#5"},
				"east": {"uv": [0, 0, 2, 4], "texture": "#5"},
				"south": {"uv": [2, 15, 12, 11], "texture": "#5"},
				"west": {"uv": [0, 0, 2, 4], "texture": "#5"},
				"up": {"uv": [2, 0, 12, 2], "texture": "#1"},
				"down": {"uv": [2, 11, 12, 13], "texture": "#5"}
			}
		},
		{
			"from": [1, -12, 1],
			"to": [3, -8, 15],
			"rotation": {"angle": 0, "axis": "y", "origin": [0, -13, 0]},
			"faces": {
				"north": {"uv": [8, 15, 10, 11], "texture": "#5"},
				"east": {"uv": [1, 1, 15, 5], "texture": "#5"},
				"south": {"uv": [8, 15, 10, 11], "texture": "#5"},
				"west": {"uv": [1, 15, 15, 11], "texture": "#5"},
				"up": {"uv": [1, 1, 3, 15], "texture": "#1"},
				"down": {"uv": [4, 1, 6, 15], "texture": "#5"}
			}
		},
		{
			"from": [13, -12, 1],
			"to": [15, -8, 15],
			"rotation": {"angle": 0, "axis": "y", "origin": [0, -13, 0]},
			"faces": {
				"north": {"uv": [8, 15, 10, 11], "texture": "#5"},
				"east": {"uv": [1, 15, 15, 11], "texture": "#5"},
				"south": {"uv": [8, 15, 10, 11], "texture": "#5"},
				"west": {"uv": [1, 1, 15, 5], "texture": "#5"},
				"up": {"uv": [13, 0, 15, 14], "texture": "#1"},
				"down": {"uv": [12, 1, 14, 15], "texture": "#5"}
			}
		},
		{
			"from": [-0.1, -5, 8],
			"to": [2.9, -2, 8],
			"rotation": {"angle": 45, "axis": "y", "origin": [8, -14, 8]},
			"faces": {
				"north": {"uv": [7, 0, 4, 3], "texture": "#4"},
				"east": {"uv": [7, 0, 4, 3], "texture": "#4"},
				"south": {"uv": [7, 0, 4, 3], "texture": "#4"},
				"west": {"uv": [7, 0, 4, 3], "texture": "#4"},
				"up": {"uv": [7, 0, 4, 3], "rotation": 180, "texture": "#4"},
				"down": {"uv": [7, 0, 4, 3], "rotation": 180, "texture": "#4"}
			}
		},
		{
			"from": [-1.1, -8, 8],
			"to": [1.9, -5, 8],
			"rotation": {"angle": 45, "axis": "y", "origin": [8, -14, 8]},
			"faces": {
				"north": {"uv": [7, 0, 4, 3], "texture": "#4"},
				"east": {"uv": [7, 0, 4, 3], "texture": "#4"},
				"south": {"uv": [7, 0, 4, 3], "texture": "#4"},
				"west": {"uv": [7, 0, 4, 3], "texture": "#4"},
				"up": {"uv": [7, 0, 4, 3], "rotation": 180, "texture": "#4"},
				"down": {"uv": [7, 0, 4, 3], "rotation": 180, "texture": "#4"}
			}
		},
		{
			"from": [0.9, -2, 8],
			"to": [3.9, 1, 8],
			"rotation": {"angle": 45, "axis": "y", "origin": [8, -14, 8]},
			"faces": {
				"north": {"uv": [7, 0, 4, 3], "texture": "#4"},
				"east": {"uv": [7, 0, 4, 3], "texture": "#4"},
				"south": {"uv": [7, 0, 4, 3], "texture": "#4"},
				"west": {"uv": [7, 0, 4, 3], "texture": "#4"},
				"up": {"uv": [7, 0, 4, 3], "rotation": 180, "texture": "#4"},
				"down": {"uv": [7, 0, 4, 3], "rotation": 180, "texture": "#4"}
			}
		},
		{
			"from": [1.9, 1, 8],
			"to": [4.9, 4, 8],
			"rotation": {"angle": 45, "axis": "y", "origin": [8, -14, 8]},
			"faces": {
				"north": {"uv": [7, 0, 4, 3], "texture": "#4"},
				"east": {"uv": [7, 0, 4, 3], "texture": "#4"},
				"south": {"uv": [7, 0, 4, 3], "texture": "#4"},
				"west": {"uv": [7, 0, 4, 3], "texture": "#4"},
				"up": {"uv": [7, 0, 4, 3], "rotation": 180, "texture": "#4"},
				"down": {"uv": [7, 0, 4, 3], "rotation": 180, "texture": "#4"}
			}
		},
		{
			"from": [13.1, -5, 8],
			"to": [16.1, -2, 8],
			"rotation": {"angle": 45, "axis": "y", "origin": [8, -14, 8]},
			"faces": {
				"north": {"uv": [7, 0, 4, 3], "texture": "#4"},
				"east": {"uv": [7, 0, 4, 3], "texture": "#4"},
				"south": {"uv": [7, 0, 4, 3], "texture": "#4"},
				"west": {"uv": [7, 0, 4, 3], "texture": "#4"},
				"up": {"uv": [7, 0, 4, 3], "texture": "#4"},
				"down": {"uv": [7, 0, 4, 3], "texture": "#4"}
			}
		},
		{
			"from": [14.1, -8, 8],
			"to": [17.1, -5, 8],
			"rotation": {"angle": 45, "axis": "y", "origin": [8, -14, 8]},
			"faces": {
				"north": {"uv": [7, 0, 4, 3], "texture": "#4"},
				"east": {"uv": [7, 0, 4, 3], "texture": "#4"},
				"south": {"uv": [7, 0, 4, 3], "texture": "#4"},
				"west": {"uv": [7, 0, 4, 3], "texture": "#4"},
				"up": {"uv": [7, 0, 4, 3], "texture": "#4"},
				"down": {"uv": [7, 0, 4, 3], "texture": "#4"}
			}
		},
		{
			"from": [12.1, -2, 8],
			"to": [15.1, 1, 8],
			"rotation": {"angle": 45, "axis": "y", "origin": [8, -14, 8]},
			"faces": {
				"north": {"uv": [7, 0, 4, 3], "texture": "#4"},
				"east": {"uv": [7, 0, 4, 3], "texture": "#4"},
				"south": {"uv": [7, 0, 4, 3], "texture": "#4"},
				"west": {"uv": [7, 0, 4, 3], "texture": "#4"},
				"up": {"uv": [7, 0, 4, 3], "texture": "#4"},
				"down": {"uv": [7, 0, 4, 3], "texture": "#4"}
			}
		},
		{
			"from": [11.1, 1, 8],
			"to": [14.1, 4, 8],
			"rotation": {"angle": 45, "axis": "y", "origin": [8, -14, 8]},
			"faces": {
				"north": {"uv": [7, 0, 4, 3], "texture": "#4"},
				"east": {"uv": [7, 0, 4, 3], "texture": "#4"},
				"south": {"uv": [7, 0, 4, 3], "texture": "#4"},
				"west": {"uv": [7, 0, 4, 3], "texture": "#4"},
				"up": {"uv": [7, 0, 4, 3], "texture": "#4"},
				"down": {"uv": [7, 0, 4, 3], "texture": "#4"}
			}
		},
		{
			"from": [8, -5, 13.1],
			"to": [8, -2, 16.1],
			"rotation": {"angle": 45, "axis": "y", "origin": [8, -14, 8]},
			"faces": {
				"north": {"uv": [7, 0, 4, 3], "texture": "#4"},
				"east": {"uv": [7, 0, 4, 3], "texture": "#4"},
				"south": {"uv": [7, 0, 4, 3], "texture": "#4"},
				"west": {"uv": [7, 0, 4, 3], "texture": "#4"},
				"up": {"uv": [7, 0, 4, 3], "rotation": 90, "texture": "#4"},
				"down": {"uv": [7, 0, 4, 3], "rotation": 270, "texture": "#4"}
			}
		},
		{
			"from": [8, -8, 14.1],
			"to": [8, -5, 17.1],
			"rotation": {"angle": 45, "axis": "y", "origin": [8, -14, 8]},
			"faces": {
				"north": {"uv": [7, 0, 4, 3], "texture": "#4"},
				"east": {"uv": [7, 0, 4, 3], "texture": "#4"},
				"south": {"uv": [7, 0, 4, 3], "texture": "#4"},
				"west": {"uv": [7, 0, 4, 3], "texture": "#4"},
				"up": {"uv": [7, 0, 4, 3], "rotation": 90, "texture": "#4"},
				"down": {"uv": [7, 0, 4, 3], "rotation": 270, "texture": "#4"}
			}
		},
		{
			"from": [8, -2, 12.1],
			"to": [8, 1, 15.1],
			"rotation": {"angle": 45, "axis": "y", "origin": [8, -14, 8]},
			"faces": {
				"north": {"uv": [7, 0, 4, 3], "texture": "#4"},
				"east": {"uv": [7, 0, 4, 3], "texture": "#4"},
				"south": {"uv": [7, 0, 4, 3], "texture": "#4"},
				"west": {"uv": [7, 0, 4, 3], "texture": "#4"},
				"up": {"uv": [7, 0, 4, 3], "rotation": 90, "texture": "#4"},
				"down": {"uv": [7, 0, 4, 3], "rotation": 270, "texture": "#4"}
			}
		},
		{
			"from": [8, 1, 11.1],
			"to": [8, 4, 14.1],
			"rotation": {"angle": 45, "axis": "y", "origin": [8, -14, 8]},
			"faces": {
				"north": {"uv": [7, 0, 4, 3], "texture": "#4"},
				"east": {"uv": [7, 0, 4, 3], "texture": "#4"},
				"south": {"uv": [7, 0, 4, 3], "texture": "#4"},
				"west": {"uv": [7, 0, 4, 3], "texture": "#4"},
				"up": {"uv": [7, 0, 4, 3], "rotation": 90, "texture": "#4"},
				"down": {"uv": [7, 0, 4, 3], "rotation": 270, "texture": "#4"}
			}
		},
		{
			"from": [8, -5, -0.1],
			"to": [8, -2, 2.9],
			"rotation": {"angle": 45, "axis": "y", "origin": [8, -14, 8]},
			"faces": {
				"north": {"uv": [7, 0, 4, 3], "texture": "#4"},
				"east": {"uv": [7, 0, 4, 3], "texture": "#4"},
				"south": {"uv": [7, 0, 4, 3], "texture": "#4"},
				"west": {"uv": [7, 0, 4, 3], "texture": "#4"},
				"up": {"uv": [7, 0, 4, 3], "rotation": 270, "texture": "#4"},
				"down": {"uv": [7, 0, 4, 3], "rotation": 90, "texture": "#4"}
			}
		},
		{
			"from": [8, -8, -1.1],
			"to": [8, -5, 1.9],
			"rotation": {"angle": 45, "axis": "y", "origin": [8, -14, 8]},
			"faces": {
				"north": {"uv": [7, 0, 4, 3], "texture": "#4"},
				"east": {"uv": [7, 0, 4, 3], "texture": "#4"},
				"south": {"uv": [7, 0, 4, 3], "texture": "#4"},
				"west": {"uv": [7, 0, 4, 3], "texture": "#4"},
				"up": {"uv": [7, 0, 4, 3], "rotation": 270, "texture": "#4"},
				"down": {"uv": [7, 0, 4, 3], "rotation": 90, "texture": "#4"}
			}
		},
		{
			"from": [8, -2, 0.9],
			"to": [8, 1, 3.9],
			"rotation": {"angle": 45, "axis": "y", "origin": [8, -14, 8]},
			"faces": {
				"north": {"uv": [7, 0, 4, 3], "texture": "#4"},
				"east": {"uv": [7, 0, 4, 3], "texture": "#4"},
				"south": {"uv": [7, 0, 4, 3], "texture": "#4"},
				"west": {"uv": [7, 0, 4, 3], "texture": "#4"},
				"up": {"uv": [7, 0, 4, 3], "rotation": 270, "texture": "#4"},
				"down": {"uv": [7, 0, 4, 3], "rotation": 90, "texture": "#4"}
			}
		},
		{
			"from": [8, 1, 1.9],
			"to": [8, 4, 4.9],
			"rotation": {"angle": 45, "axis": "y", "origin": [8, -14, 8]},
			"faces": {
				"north": {"uv": [7, 0, 4, 3], "texture": "#4"},
				"east": {"uv": [7, 0, 4, 3], "texture": "#4"},
				"south": {"uv": [7, 0, 4, 3], "texture": "#4"},
				"west": {"uv": [7, 0, 4, 3], "texture": "#4"},
				"up": {"uv": [7, 0, 4, 3], "rotation": 270, "texture": "#4"},
				"down": {"uv": [7, 0, 4, 3], "rotation": 90, "texture": "#4"}
			}
		},
		{
			"from": [8.75, -15.85025, 6.37525],
			"to": [12.75, -0.85025, 9.37525],
			"rotation": {"angle": -22.5, "axis": "x", "origin": [8, -7.05025, 3.11275]},
			"faces": {
				"north": {"uv": [8.06, 0.06, 11.94, 14.94], "rotation": 180, "texture": "#10"},
				"east": {"uv": [5.06, 0.06, 7.94, 14.94], "rotation": 180, "texture": "#10"},
				"south": {"uv": [12.06, 0.06, 15.94, 14.94], "rotation": 180, "texture": "#10"},
				"west": {"uv": [7.94, 0.06, 5.06, 14.94], "rotation": 180, "texture": "#10"},
				"up": {"uv": [1.06, 12.06, 4.94, 14.94], "texture": "#10"},
				"down": {"uv": [1.06, 14.94, 4.94, 12.06], "texture": "#10"}
			}
		},
		{
			"from": [8.45, -15.85025, 6.37525],
			"to": [8.45, -0.85025, 9.37525],
			"rotation": {"angle": -22.5, "axis": "x", "origin": [8, -7.05025, 3.11275]},
			"faces": {
				"north": {"uv": [0, 0, 0, 0], "rotation": 180, "texture": "#11"},
				"east": {"uv": [0, 0, 0, 0], "rotation": 270, "texture": "#11"},
				"south": {"uv": [0, 0, 0, 0], "texture": "#11"},
				"west": {"uv": [7.94, 0.06, 5.06, 14.94], "rotation": 180, "texture": "#11"},
				"up": {"uv": [0, 0, 0, 0], "rotation": 180, "texture": "#11"}
			}
		},
		{
			"from": [13.05, -15.85025, 6.37525],
			"to": [13.05, -0.85025, 9.37525],
			"rotation": {"angle": -22.5, "axis": "x", "origin": [8, -7.05025, 3.11275]},
			"faces": {
				"north": {"uv": [0, 0, 0, 0], "rotation": 180, "texture": "#11"},
				"east": {"uv": [5.06, 0.06, 7.94, 14.94], "rotation": 180, "texture": "#11"},
				"south": {"uv": [0, 0, 0, 0], "texture": "#11"},
				"west": {"uv": [0, 0, 0, 0], "rotation": 90, "texture": "#11"},
				"up": {"uv": [0, 0, 0, 0], "rotation": 180, "texture": "#11"}
			}
		},
		{
			"from": [8.75, -15.85025, 9.62525],
			"to": [12.75, -0.85025, 9.62525],
			"rotation": {"angle": -22.5, "axis": "x", "origin": [8, -7.05025, 3.11275]},
			"faces": {
				"south": {"uv": [12.06, 0.06, 15.94, 14.94], "rotation": 180, "texture": "#11"}
			}
		},
		{
			"from": [5.75, -14.05025, 2.87525],
			"to": [9.75, 0.94975, 5.87525],
			"rotation": {"angle": -22.5, "axis": "x", "origin": [8, -7.05025, 3.11275]},
			"faces": {
				"north": {"uv": [8.06, 0.06, 11.94, 14.94], "rotation": 180, "texture": "#10"},
				"east": {"uv": [5.06, 0.06, 7.94, 14.94], "rotation": 180, "texture": "#10"},
				"south": {"uv": [12.06, 0.06, 15.94, 14.94], "rotation": 180, "texture": "#10"},
				"west": {"uv": [7.94, 0.06, 5.06, 14.94], "rotation": 180, "texture": "#10"},
				"up": {"uv": [1.06, 12.06, 4.94, 14.94], "texture": "#10"},
				"down": {"uv": [1.06, 14.94, 4.94, 12.06], "texture": "#10"}
			}
		},
		{
			"from": [5.45, -14.05025, 2.87525],
			"to": [5.45, 0.94975, 5.87525],
			"rotation": {"angle": -22.5, "axis": "x", "origin": [8, -7.05025, 3.11275]},
			"faces": {
				"north": {"uv": [0, 0, 0, 0], "rotation": 180, "texture": "#11"},
				"east": {"uv": [0, 0, 0, 0], "rotation": 270, "texture": "#11"},
				"south": {"uv": [0, 0, 0, 0], "texture": "#11"},
				"west": {"uv": [7.94, 0.06, 5.06, 14.94], "rotation": 180, "texture": "#11"},
				"up": {"uv": [0, 0, 0, 0], "rotation": 180, "texture": "#11"}
			}
		},
		{
			"from": [10.05, -14.05025, 2.87525],
			"to": [10.05, 0.94975, 5.87525],
			"rotation": {"angle": -22.5, "axis": "x", "origin": [8, -7.05025, 3.11275]},
			"faces": {
				"north": {"uv": [0, 0, 0, 0], "rotation": 180, "texture": "#11"},
				"east": {"uv": [5.06, 0.06, 7.94, 14.94], "rotation": 180, "texture": "#11"},
				"south": {"uv": [0, 0, 0, 0], "texture": "#11"},
				"west": {"uv": [0, 0, 0, 0], "rotation": 90, "texture": "#11"},
				"up": {"uv": [0, 0, 0, 0], "rotation": 180, "texture": "#11"}
			}
		},
		{
			"from": [5.75, -14.05025, 6.12525],
			"to": [9.75, 0.94975, 6.12525],
			"rotation": {"angle": -22.5, "axis": "x", "origin": [8, -7.05025, 3.11275]},
			"faces": {
				"north": {"uv": [0, 0, 0, 0], "rotation": 180, "texture": "#11"},
				"east": {"uv": [0, 0, 0, 0], "rotation": 270, "texture": "#11"},
				"south": {"uv": [12.06, 0.06, 15.94, 14.94], "rotation": 180, "texture": "#11"},
				"west": {"uv": [0, 0, 0, 0], "rotation": 90, "texture": "#11"},
				"up": {"uv": [0, 0, 0, 0], "rotation": 180, "texture": "#11"}
			}
		},
		{
			"from": [2.81324, -11.11392, 5.35666],
			"to": [6.26492, -4.21056, 13.12294],
			"rotation": {"angle": 22.5, "axis": "z", "origin": [6.23206, -6.91224, 9.2398]},
			"faces": {
				"north": {"uv": [0.06, 8.06, 7.94, 11.94], "rotation": 270, "texture": "#8"},
				"east": {"uv": [0.06, 0.06, 8.94, 7.94], "texture": "#8"},
				"south": {"uv": [0.06, 8.06, 7.94, 11.94], "rotation": 90, "texture": "#8"},
				"west": {"uv": [4.06, 9.06, 8.94, 11.94], "rotation": 180, "texture": "#8"},
				"up": {"uv": [0.06, 8.06, 8.94, 11.94], "rotation": 90, "texture": "#8"},
				"down": {"uv": [0.06, 8.06, 8.94, 11.94], "rotation": 90, "texture": "#8"}
			}
		},
		{
			"from": [6.26492, -10.251, 6.21958],
			"to": [7.12784, -5.07348, 12.26002],
			"rotation": {"angle": 22.5, "axis": "z", "origin": [6.23206, -6.91224, 9.2398]},
			"faces": {
				"north": {"uv": [0.06, 7.06, 5.94, 7.94], "rotation": 270, "texture": "#8"},
				"east": {"uv": [1.06, 1.06, 7.94, 6.94], "texture": "#8"},
				"south": {"uv": [1.06, 0.06, 6.94, 0.94], "rotation": 90, "texture": "#8"},
				"west": {"uv": [0.06, 0.06, 0.06, 0.06], "rotation": 180, "texture": "#8"},
				"up": {"uv": [2.06, 7.06, 8.94, 7.94], "rotation": 90, "texture": "#8"},
				"down": {"uv": [0.06, 8.06, 6.94, 8.94], "rotation": 90, "texture": "#8"}
			}
		},
		{
			"from": [7.32784, -10.251, 6.21958],
			"to": [7.32784, -5.07348, 12.26002],
			"rotation": {"angle": 22.5, "axis": "z", "origin": [6.23206, -6.91224, 9.2398]},
			"faces": {
				"north": {"uv": [0, 0, 0, 0], "rotation": 270, "texture": "#missing"},
				"east": {"uv": [1.06, 1.06, 7.94, 6.94], "texture": "#9"},
				"south": {"uv": [0, 0, 0, 0], "rotation": 90, "texture": "#missing"},
				"up": {"uv": [0, 0, 0, 0], "rotation": 90, "texture": "#missing"},
				"down": {"uv": [0, 0, 0, 0], "rotation": 90, "texture": "#missing"}
			}
		},
		{
			"from": [6.36492, -11.11392, 5.35666],
			"to": [6.36492, -4.21056, 13.12294],
			"rotation": {"angle": 22.5, "axis": "z", "origin": [6.23206, -6.91224, 9.2398]},
			"faces": {
				"east": {"uv": [0.06, 0.06, 8.94, 7.94], "texture": "#9"}
			}
		},
		{
			"from": [12.82534, -7.76941, 2.97874],
			"to": [15.22534, -7.76941, 12.97874],
			"rotation": {"angle": 0, "axis": "y", "origin": [14.07534, -7.76941, 7.97874]},
			"faces": {
				"north": {"uv": [0, 0, 2.4, 0], "texture": "#12"},
				"east": {"uv": [0, 0, 10, 0], "texture": "#12"},
				"south": {"uv": [0, 0, 2.4, 0], "texture": "#12"},
				"west": {"uv": [0, 0, 10, 0], "texture": "#12"},
				"up": {"uv": [5, 2.4, 15, 0], "rotation": 90, "texture": "#12"},
				"down": {"uv": [0, 0, 10, 2.4], "rotation": 270, "texture": "#12"}
			}
		},
		{
			"from": [15.68364, -11.07745, 2.97874],
			"to": [15.68364, -7.67745, 12.97874],
			"rotation": {"angle": 22.5, "axis": "z", "origin": [15.68364, -8.87745, 7.97874]},
			"faces": {
				"north": {"uv": [0, 0, 3.4, 0], "rotation": 270, "texture": "#12"},
				"east": {"uv": [5, 12, 15, 15.4], "rotation": 180, "texture": "#12"},
				"south": {"uv": [0, 0, 3.4, 0], "rotation": 90, "texture": "#12"},
				"west": {"uv": [5, 12, 15, 15.4], "rotation": 180, "texture": "#12"},
				"up": {"uv": [0, 0, 10, 0], "rotation": 90, "texture": "#12"},
				"down": {"uv": [0, 0, 10, 0], "rotation": 90, "texture": "#12"}
			}
		},
		{
			"from": [12.82434, -12.01841, 2.97874],
			"to": [12.82434, -7.76841, 12.97874],
			"rotation": {"angle": 0, "axis": "y", "origin": [13.07434, -9.89341, 7.97874]},
			"faces": {
				"north": {"uv": [0, 0, 4.25, 0], "rotation": 90, "texture": "#12"},
				"east": {"uv": [0, 0, 10, 4.25], "rotation": 180, "texture": "#12"},
				"south": {"uv": [0, 0, 4.25, 0], "rotation": 270, "texture": "#12"},
				"west": {"uv": [5, 5, 15, 9.25], "texture": "#12"},
				"up": {"uv": [0, 0, 10, 0], "rotation": 270, "texture": "#12"},
				"down": {"uv": [0, 0, 10, 0], "rotation": 270, "texture": "#12"}
			}
		},
		{
			"from": [8.57434, -11.76941, 2.97874],
			"to": [12.82434, -11.76941, 12.97874],
			"rotation": {"angle": 0, "axis": "y", "origin": [14.69934, -12.01941, 7.97874]},
			"faces": {
				"north": {"uv": [0, 0, 4.25, 0], "texture": "#12"},
				"east": {"uv": [0, 0, 10, 0], "texture": "#12"},
				"south": {"uv": [0, 0, 4.25, 0], "texture": "#12"},
				"west": {"uv": [0, 0, 10, 0], "texture": "#12"},
				"up": {"uv": [5, 8.25, 15, 4], "rotation": 90, "texture": "#12"},
				"down": {"uv": [0, 0, 10, 4.25], "rotation": 270, "texture": "#12"}
			}
		}
	],
	"display": {
		"thirdperson_righthand": {
			"rotation": [65, -180, 0],
			"translation": [-6.25, 4, 1]
		},
		"firstperson_righthand": {
			"translation": [3.75, -0.75, 0]
		},
		"ground": {
			"translation": [0, 4, 0]
		},
		"gui": {
			"rotation": [28.25, -27.5, 0],
			"translation": [0, 0.5, 0]
		},
		"fixed": {
			"rotation": [90, 0, 0],
			"translation": [0, 0, -43],
			"scale": [2, 2, 2]
		}
	},
	"groups": [
		{
			"name": "baskettop",
			"origin": [8, 8, 8],
			"color": 0,
			"children": [
				0,
				1,
				2,
				3,
				4,
				{
					"name": "rope",
					"origin": [8, 8, 8],
					"color": 0,
					"children": [
						5,
						6,
						7,
						8,
						9,
						10,
						{
							"name": "rope",
							"origin": [8, 8, 8],
							"color": 0,
							"children": [11, 12, 13, 14, 15, 16, 17]
						}
					]
				},
				{
					"name": "rope",
					"origin": [8, 8, 8],
					"color": 0,
					"children": [
						18,
						19,
						20,
						21,
						22,
						23,
						{
							"name": "rope",
							"origin": [8, 8, 8],
							"color": 0,
							"children": [24, 25, 26, 27, 28, 29, 30, 31, 32, 33, 34, 35, 36]
						}
					]
				},
				{
					"name": "bread2",
					"origin": [8, 8, 8],
					"color": 0,
					"children": [37, 38, 39, 40, 41, 42, 43]
				},
				{
					"name": "bread2",
					"origin": [8, 8, 8],
					"color": 0,
					"children": [44, 45, 46, 47, 48, 49, 50]
				},
				{
					"name": "bread2",
					"origin": [8, 8, 8],
					"color": 0,
					"children": [51, 52, 53, 54, 55, 56, 57]
				}
			]
		},
		{
			"name": "basketbottom",
			"origin": [8, 8, 8],
			"color": 0,
			"children": [
				58,
				59,
				60,
				61,
				62,
				{
					"name": "rope",
					"origin": [8, 8, 8],
					"color": 0,
					"children": [
						63,
						64,
						65,
						66,
						{
							"name": "rope",
							"origin": [8, 8, 8],
							"color": 0,
							"children": [67, 68, 69, 70]
						}
					]
				},
				{
					"name": "rope",
					"origin": [8, 8, 8],
					"color": 0,
					"children": [
						71,
						72,
						73,
						74,
						{
							"name": "rope",
							"origin": [8, 8, 8],
							"color": 0,
							"children": [75, 76, 77, 78]
						}
					]
				},
				{
					"name": "bread3",
					"origin": [0, 0, 0],
					"color": 0,
					"children": [79, 80, 81, 82]
				},
				{
					"name": "bread3",
					"origin": [0, 0, 0],
					"color": 0,
					"children": [83, 84, 85, 86]
				},
				{
					"name": "bread1",
					"origin": [0, 0, 0],
					"color": 0,
					"children": [87, 88, 89, 90]
				},
				{
					"name": "cloth",
					"origin": [8, 8, 8],
					"color": 0,
					"children": [91, 92, 93, 94]
				}
			]
		}
	]
}