{
	"credit": "Made with Blockbench",
	"texture_size": [64, 64],
	"textures": {
		"0": "block/cuttingboard1a"
	},
	"elements": [
		{
			"name": "cuttingboard",
			"from": [4.5, 0, 5],
			"to": [13.5, 1, 11],
			"faces": {
				"north": {"uv": [1.508, 1.508, 3.742, 1.742], "texture": "#0"},
				"east": {"uv": [0.008, 1.508, 1.492, 1.742], "texture": "#0"},
				"south": {"uv": [5.258, 1.508, 7.492, 1.742], "texture": "#0"},
				"west": {"uv": [3.758, 1.508, 5.242, 1.742], "texture": "#0"},
				"up": {"uv": [3.742, 1.492, 1.508, 0.008], "texture": "#0"},
				"down": {"uv": [5.992, 0.008, 3.758, 1.492], "texture": "#0"}
			}
		},
		{
			"name": "cuttingboard",
			"from": [2.5, 0, 3],
			"to": [15.5, 1, 4],
			"faces": {
				"north": {"uv": [0.258, 2.508, 3.492, 2.742], "texture": "#0"},
				"east": {"uv": [0.008, 2.508, 0.242, 2.742], "texture": "#0"},
				"south": {"uv": [3.758, 2.508, 6.992, 2.742], "texture": "#0"},
				"west": {"uv": [3.508, 2.508, 3.742, 2.742], "texture": "#0"},
				"up": {"uv": [3.492, 2.492, 0.258, 2.258], "texture": "#0"},
				"down": {"uv": [6.742, 2.258, 3.508, 2.492], "texture": "#0"}
			}
		},
		{
			"name": "cuttingboard",
			"from": [3.5, 0.01, 4],
			"to": [14.5, 0.81, 5],
			"faces": {
				"north": {"uv": [5.008, 3.258, 7.742, 3.242], "texture": "#0"},
				"east": {"uv": [4.758, 3.258, 4.992, 3.242], "texture": "#0"},
				"south": {"uv": [8.008, 3.258, 10.742, 3.242], "texture": "#0"},
				"west": {"uv": [7.758, 3.258, 7.992, 3.242], "texture": "#0"},
				"up": {"uv": [7.742, 3.242, 5.008, 3.008], "texture": "#0"},
				"down": {"uv": [10.492, 3.008, 7.758, 3.242], "texture": "#0"}
			}
		},
		{
			"name": "cuttingboard",
			"from": [3.5, 0.01, 11],
			"to": [14.5, 0.81, 12],
			"faces": {
				"north": {"uv": [2.508, 3.008, 5.242, 2.992], "texture": "#0"},
				"east": {"uv": [2.258, 3.008, 2.492, 2.992], "texture": "#0"},
				"south": {"uv": [5.508, 3.008, 8.242, 2.992], "texture": "#0"},
				"west": {"uv": [5.258, 3.008, 5.492, 2.992], "texture": "#0"},
				"up": {"uv": [5.242, 2.992, 2.508, 2.758], "texture": "#0"},
				"down": {"uv": [7.992, 2.758, 5.258, 2.992], "texture": "#0"}
			}
		},
		{
			"name": "cuttingboard",
			"from": [13.5, 0.01, 5],
			"to": [14.5, 0.81, 11],
			"faces": {
				"north": {"uv": [2.508, 4.508, 2.742, 4.492], "texture": "#0"},
				"east": {"uv": [1.008, 4.508, 2.492, 4.492], "texture": "#0"},
				"south": {"uv": [4.258, 4.508, 4.492, 4.492], "texture": "#0"},
				"west": {"uv": [2.758, 4.508, 4.242, 4.492], "texture": "#0"},
				"up": {"uv": [2.742, 4.492, 2.508, 3.008], "texture": "#0"},
				"down": {"uv": [2.992, 3.008, 2.758, 4.492], "texture": "#0"}
			}
		},
		{
			"name": "cuttingboard",
			"from": [3.5, 0.01, 5],
			"to": [4.5, 0.81, 11],
			"faces": {
				"north": {"uv": [1.508, 4.258, 1.742, 4.242], "texture": "#0"},
				"east": {"uv": [0.008, 4.258, 1.492, 4.242], "texture": "#0"},
				"south": {"uv": [3.258, 4.258, 3.492, 4.242], "texture": "#0"},
				"west": {"uv": [1.758, 4.258, 3.242, 4.242], "texture": "#0"},
				"up": {"uv": [1.742, 4.242, 1.508, 2.758], "texture": "#0"},
				"down": {"uv": [1.992, 2.758, 1.758, 4.242], "texture": "#0"}
			}
		},
		{
			"name": "cuttingboard",
			"from": [2.5, 0, 12],
			"to": [15.5, 1, 13],
			"faces": {
				"north": {"uv": [0.258, 2.008, 3.492, 2.242], "texture": "#0"},
				"east": {"uv": [0.008, 2.008, 0.242, 2.242], "texture": "#0"},
				"south": {"uv": [3.758, 2.008, 6.992, 2.242], "texture": "#0"},
				"west": {"uv": [3.508, 2.008, 3.742, 2.242], "texture": "#0"},
				"up": {"uv": [3.492, 1.992, 0.258, 1.758], "texture": "#0"},
				"down": {"uv": [6.742, 1.758, 3.508, 1.992], "texture": "#0"}
			}
		},
		{
			"name": "cuttingboard",
			"from": [2.5, 0, 4],
			"to": [3.5, 1, 12],
			"faces": {
				"north": {"uv": [4.508, 5.008, 4.742, 5.242], "texture": "#0"},
				"east": {"uv": [2.508, 5.008, 4.492, 5.242], "texture": "#0"},
				"south": {"uv": [6.758, 5.008, 6.992, 5.242], "texture": "#0"},
				"west": {"uv": [4.758, 5.008, 6.742, 5.242], "texture": "#0"},
				"up": {"uv": [4.742, 4.992, 4.508, 3.008], "texture": "#0"},
				"down": {"uv": [4.992, 3.008, 4.758, 4.992], "texture": "#0"}
			}
		},
		{
			"name": "cuttingboard",
			"from": [0.5, 0, 6.5],
			"to": [2.5, 1, 9.5],
			"faces": {
				"north": {"uv": [0.758, 5.758, 1.242, 5.992], "texture": "#0"},
				"east": {"uv": [0.008, 5.758, 0.742, 5.992], "texture": "#0"},
				"south": {"uv": [2.008, 5.758, 2.492, 5.992], "texture": "#0"},
				"west": {"uv": [1.258, 5.758, 1.992, 5.992], "texture": "#0"},
				"up": {"uv": [1.242, 5.742, 0.758, 5.008], "texture": "#0"},
				"down": {"uv": [1.742, 5.008, 1.258, 5.742], "texture": "#0"}
			}
		},
		{
			"name": "cuttingboard",
			"from": [14.5, 0, 4],
			"to": [15.5, 1, 12],
			"faces": {
				"north": {"uv": [2.008, 4.758, 2.242, 4.992], "texture": "#0"},
				"east": {"uv": [0.008, 4.758, 1.992, 4.992], "texture": "#0"},
				"south": {"uv": [4.258, 4.758, 4.492, 4.992], "texture": "#0"},
				"west": {"uv": [2.258, 4.758, 4.242, 4.992], "texture": "#0"},
				"up": {"uv": [2.242, 4.742, 2.008, 2.758], "texture": "#0"},
				"down": {"uv": [2.492, 2.758, 2.258, 4.742], "texture": "#0"}
			}
		}
	],
	"display": {
		"thirdperson_righthand": {
			"rotation": [87.25, 0, 0],
			"translation": [-6.75, 4.5, 8.5]
		},
		"firstperson_righthand": {
			"rotation": [42.5, 0, 0],
			"translation": [4.5, 0, -2]
		},
		"ground": {
			"translation": [0, 5, 0]
		},
		"gui": {
			"rotation": [90, 0, 0],
			"translation": [0, -0.5, 0]
		},
		"fixed": {
			"rotation": [-90, 0, 0],
			"translation": [0, 0, -15],
			"scale": [2, 2, 2]
		}
	},
	"groups": [
		{
			"name": "cuttingboard",
			"origin": [0.5, 0, 0],
			"color": 0,
			"children": [0, 1, 2, 3, 4, 5, 6, 7, 8, 9]
		}
	]
}