{
	"credit": "Made with Blockbench",
	"textures": {
		"0": "block/cuttingboard2a",
		"1": "block/Hananacraft archive/basket_laundry_bottom",
		"particle": "block/Hananacraft archive/basket_laundry_bottom"
	},
	"elements": [
		{
			"name": "cuttingboard",
			"from": [4.25, 0, 5],
			"to": [13.25, 1, 11],
			"faces": {
				"north": {"uv": [0.629, 8.754, 1.746, 8.871], "texture": "#0"},
				"east": {"uv": [0.004, 8.754, 0.746, 8.871], "texture": "#0"},
				"south": {"uv": [1.754, 8.754, 2.871, 8.871], "texture": "#0"},
				"west": {"uv": [3.129, 8.754, 3.871, 8.871], "texture": "#0"},
				"up": {"uv": [1.871, 8.746, 0.754, 8.004], "texture": "#0"},
				"down": {"uv": [2.996, 8.004, 1.879, 8.746], "texture": "#0"}
			}
		},
		{
			"name": "cuttingboard",
			"from": [2.25, 0, 3],
			"to": [15.25, 1, 4],
			"faces": {
				"north": {"uv": [0.004, 9.254, 1.621, 9.371], "texture": "#0"},
				"east": {"uv": [0.004, 9.254, 0.121, 9.371], "texture": "#0"},
				"south": {"uv": [1.004, 9.254, 2.621, 9.371], "texture": "#0"},
				"west": {"uv": [3.004, 9.254, 3.121, 9.371], "texture": "#0"},
				"up": {"uv": [1.746, 9.246, 0.129, 9.129], "texture": "#0"},
				"down": {"uv": [3.371, 9.129, 1.754, 9.246], "texture": "#0"}
			}
		},
		{
			"name": "cuttingboard",
			"from": [3.25, 0.01, 4],
			"to": [14.25, 0.81, 5],
			"faces": {
				"north": {"uv": [2.379, 9.6125, 3.746, 9.6175], "texture": "#0"},
				"east": {"uv": [2.379, 9.6125, 2.496, 9.6175], "texture": "#0"},
				"south": {"uv": [3.129, 9.6125, 4.496, 9.6175], "texture": "#0"},
				"west": {"uv": [5.129, 9.6125, 5.246, 9.6175], "texture": "#0"},
				"up": {"uv": [3.871, 9.621, 2.504, 9.504], "texture": "#0"},
				"down": {"uv": [5.246, 9.504, 3.879, 9.621], "texture": "#0"}
			}
		},
		{
			"name": "cuttingboard",
			"from": [3.25, 0.01, 11],
			"to": [14.25, 0.81, 12],
			"faces": {
				"north": {"uv": [1.129, 9.4875, 2.496, 9.4925], "texture": "#0"},
				"east": {"uv": [1.129, 9.4875, 1.246, 9.4925], "texture": "#0"},
				"south": {"uv": [1.879, 9.4875, 3.246, 9.4925], "texture": "#0"},
				"west": {"uv": [3.879, 9.4875, 3.996, 9.4925], "texture": "#0"},
				"up": {"uv": [2.621, 9.496, 1.254, 9.379], "texture": "#0"},
				"down": {"uv": [3.996, 9.379, 2.629, 9.496], "texture": "#0"}
			}
		},
		{
			"name": "cuttingboard",
			"from": [13.25, 0.01, 5],
			"to": [14.25, 0.81, 11],
			"faces": {
				"north": {"uv": [1.129, 10.2375, 1.246, 10.2425], "texture": "#0"},
				"east": {"uv": [0.504, 10.2375, 1.246, 10.2425], "texture": "#0"},
				"south": {"uv": [1.254, 10.2375, 1.371, 10.2425], "texture": "#0"},
				"west": {"uv": [2.629, 10.2375, 3.371, 10.2425], "texture": "#0"},
				"up": {"uv": [1.371, 10.246, 1.254, 9.504], "texture": "#0"},
				"down": {"uv": [1.496, 9.504, 1.379, 10.246], "texture": "#0"}
			}
		},
		{
			"name": "cuttingboard",
			"from": [3.25, 0.01, 5],
			"to": [4.25, 0.81, 11],
			"faces": {
				"north": {"uv": [0.629, 10.1125, 0.746, 10.1175], "texture": "#0"},
				"east": {"uv": [0.004, 10.1125, 0.746, 10.1175], "texture": "#0"},
				"south": {"uv": [0.754, 10.1125, 0.871, 10.1175], "texture": "#0"},
				"west": {"uv": [2.129, 10.1125, 2.871, 10.1175], "texture": "#0"},
				"up": {"uv": [0.871, 10.121, 0.754, 9.379], "texture": "#0"},
				"down": {"uv": [0.996, 9.379, 0.879, 10.121], "texture": "#0"}
			}
		},
		{
			"name": "cuttingboard",
			"from": [2.25, 0, 12],
			"to": [15.25, 1, 13],
			"faces": {
				"north": {"uv": [0.004, 9.004, 1.621, 9.121], "texture": "#0"},
				"east": {"uv": [0.004, 9.004, 0.121, 9.121], "texture": "#0"},
				"south": {"uv": [1.004, 9.004, 2.621, 9.121], "texture": "#0"},
				"west": {"uv": [3.004, 9.004, 3.121, 9.121], "texture": "#0"},
				"up": {"uv": [1.746, 8.996, 0.129, 8.879], "texture": "#0"},
				"down": {"uv": [3.371, 8.879, 1.754, 8.996], "texture": "#0"}
			}
		},
		{
			"name": "cuttingboard",
			"from": [2.25, 0, 4],
			"to": [3.25, 1, 12],
			"faces": {
				"north": {"uv": [2.129, 10.504, 2.246, 10.621], "texture": "#0"},
				"east": {"uv": [1.254, 10.504, 2.246, 10.621], "texture": "#0"},
				"south": {"uv": [2.504, 10.504, 2.621, 10.621], "texture": "#0"},
				"west": {"uv": [2.504, 10.504, 3.496, 10.621], "texture": "#0"},
				"up": {"uv": [2.371, 10.496, 2.254, 9.504], "texture": "#0"},
				"down": {"uv": [2.496, 9.504, 2.379, 10.496], "texture": "#0"}
			}
		},
		{
			"name": "cuttingboard",
			"from": [0.25, 0, 6.5],
			"to": [2.25, 1, 9.5],
			"faces": {
				"north": {"uv": [0.629, 10.879, 0.871, 10.996], "texture": "#0"},
				"east": {"uv": [0.379, 10.879, 0.746, 10.996], "texture": "#0"},
				"south": {"uv": [0.629, 10.879, 0.871, 10.996], "texture": "#0"},
				"west": {"uv": [0.879, 10.879, 1.246, 10.996], "texture": "#0"},
				"up": {"uv": [0.621, 10.871, 0.379, 10.504], "texture": "#0"},
				"down": {"uv": [0.871, 10.504, 0.629, 10.871], "texture": "#0"}
			}
		},
		{
			"name": "cuttingboard",
			"from": [14.25, 0, 4],
			"to": [15.25, 1, 12],
			"faces": {
				"north": {"uv": [0.879, 10.379, 0.996, 10.496], "texture": "#0"},
				"east": {"uv": [0.004, 10.379, 0.996, 10.496], "texture": "#0"},
				"south": {"uv": [1.254, 10.379, 1.371, 10.496], "texture": "#0"},
				"west": {"uv": [1.254, 10.379, 2.246, 10.496], "texture": "#0"},
				"up": {"uv": [1.121, 10.371, 1.004, 9.379], "texture": "#0"},
				"down": {"uv": [1.246, 9.379, 1.129, 10.371], "texture": "#0"}
			}
		},
		{
			"name": "group",
			"from": [7.80936, 1.2, 3.28755],
			"to": [14.80936, 1.2, 10.28755],
			"rotation": {"angle": -22.5, "axis": "y", "origin": [11.30936, 1.2, 6.78755]},
			"faces": {
				"north": {"uv": [0.0075, 0.0075, -0.0125, -0.0125], "texture": "#0"},
				"east": {"uv": [0.0075, 0.0075, -0.0125, -0.0125], "texture": "#0"},
				"south": {"uv": [0.0075, 0.0075, -0.0125, -0.0125], "texture": "#0"},
				"west": {"uv": [0.0075, 0.0075, -0.0125, -0.0125], "texture": "#0"},
				"up": {"uv": [1.5075, 1.5075, 6.4925, 6.4925], "texture": "#0"},
				"down": {"uv": [1.5075, 1.5075, 6.4925, 6.4925], "texture": "#0"}
			}
		},
		{
			"name": "group",
			"from": [6.91174, 1.6, 3.36682],
			"to": [8.91174, 1.6, 10.36682],
			"rotation": {"angle": -45, "axis": "y", "origin": [8.89428, 1.46667, 8.20706]},
			"faces": {
				"north": {"uv": [0.0075, 0.0075, -0.0125, -0.0125], "texture": "#0"},
				"east": {"uv": [0.0075, 0.0075, -0.0125, -0.0125], "texture": "#0"},
				"south": {"uv": [0.0075, 0.0075, -0.0125, -0.0125], "texture": "#0"},
				"west": {"uv": [0.0075, 0.0075, -0.0125, -0.0125], "texture": "#0"},
				"up": {"uv": [8.0075, 0.0075, 8.9925, 3.4925], "texture": "#0"},
				"down": {"uv": [8.0075, 3.4925, 8.9925, 0.0075], "texture": "#0"}
			}
		},
		{
			"name": "group",
			"from": [6.91174, 1.1, 10.36682],
			"to": [8.41174, 2.1, 14.36682],
			"rotation": {"angle": -45, "axis": "y", "origin": [8.89428, 1.46667, 8.20706]},
			"faces": {
				"north": {"uv": [14.06, 1.06, 14.94, 1.94], "texture": "#1"},
				"east": {"uv": [10.06, 14.06, 12.94, 14.94], "texture": "#1"},
				"south": {"uv": [10.06, 14.06, 10.94, 14.94], "texture": "#1"},
				"west": {"uv": [10.06, 14.06, 12.94, 14.94], "texture": "#1"},
				"up": {"uv": [14.06, 1.06, 14.94, 3.94], "texture": "#1"},
				"down": {"uv": [14.06, 1.06, 14.94, 3.94], "texture": "#1"}
			}
		}
	],
	"display": {
		"thirdperson_righthand": {
			"rotation": [65, 0, 0],
			"translation": [-6.5, 6, 6]
		},
		"firstperson_righthand": {
			"translation": [-8.5, 0.25, -11.5]
		},
		"ground": {
			"translation": [0, 4, 0]
		},
		"gui": {
			"rotation": [52.25, 0, 0],
			"translation": [0, 4.25, 0]
		},
		"fixed": {
			"rotation": [-90, 0, 0],
			"translation": [0, 0, -15],
			"scale": [2, 2, 2]
		}
	},
	"groups": [
		{
			"name": "cuttingboard",
			"origin": [0.25, 0, 0],
			"color": 0,
			"children": [
				0,
				1,
				2,
				3,
				4,
				5,
				6,
				7,
				8,
				9,
				{
					"name": "group",
					"origin": [4.125, 1.5, 8.25],
					"color": 1,
					"children": [10, 11, 12]
				}
			]
		}
	]
}