{
	"credit": "Made with Blockbench",
	"parent": "breadtray1",
	"texture_size": [32, 32],
	"textures": {
		"0": "block/breadtray1",
		"1": "block/bearbread",
		"particle": "block/bearbread"
	},
	"elements": [
		{
			"name": "bearbreadtray3",
			"from": [5.5412, 1.2, 4.30656],
			"to": [13.5412, 1.2, 12.30656],
			"rotation": {"angle": 22.5, "axis": "y", "origin": [8, 0, 8]},
			"faces": {
				"north": {"uv": [6.75, 12.25, 8.75, 12.25], "texture": "#0"},
				"east": {"uv": [4.75, 12.25, 6.75, 12.25], "texture": "#0"},
				"south": {"uv": [2.75, 12.25, 4.75, 12.25], "texture": "#0"},
				"west": {"uv": [0.75, 12.25, 2.75, 12.25], "texture": "#0"},
				"up": {"uv": [4.75, 12.25, 2.75, 10.25], "rotation": 180, "texture": "#0"},
				"down": {"uv": [6.75, 10.25, 4.75, 12.25], "rotation": 180, "texture": "#0"}
			}
		},
		{
			"name": "corner",
			"from": [2.48608, 0.5, 1.98633],
			"to": [13.48608, 1.5, 2.98633],
			"rotation": {"angle": 0, "axis": "y", "origin": [8, 0, 8]},
			"faces": {
				"north": {"uv": [8.25, 3.016, 10.984, 3.25], "texture": "#0"},
				"east": {"uv": [8.016, 3.016, 8.25, 3.25], "texture": "#0"},
				"south": {"uv": [5.25, 3.016, 7.984, 3.25], "texture": "#0"},
				"west": {"uv": [5.016, 3.016, 5.25, 3.25], "texture": "#0"},
				"up": {"uv": [7.984, 2.984, 5.25, 2.75], "rotation": 180, "texture": "#0"},
				"down": {"uv": [10.75, 2.75, 8.016, 2.984], "rotation": 180, "texture": "#0"}
			}
		},
		{
			"name": "corner",
			"from": [0.99975, 0.5, 3.5],
			"to": [1.99975, 1.5, 12.49999],
			"rotation": {"angle": 0, "axis": "y", "origin": [8, 0, 8]},
			"faces": {
				"north": {"uv": [6.75, 5.016, 6.984, 5.25], "texture": "#0"},
				"east": {"uv": [4.75, 5.016, 6.75, 5.25], "texture": "#0"},
				"south": {"uv": [4.516, 5.016, 4.75, 5.25], "texture": "#0"},
				"west": {"uv": [2.516, 5.016, 4.484, 5.25], "texture": "#0"},
				"up": {"uv": [4.75, 4.984, 4.516, 3.016], "rotation": 180, "texture": "#0"},
				"down": {"uv": [4.984, 3.016, 4.75, 4.984], "rotation": 180, "texture": "#0"}
			}
		},
		{
			"name": "corner",
			"from": [2.48608, 0.5, 13.01367],
			"to": [13.48608, 1.5, 14.01367],
			"rotation": {"angle": 0, "axis": "y", "origin": [8, 0, 8]},
			"faces": {
				"north": {"uv": [8.25, 3.516, 10.984, 3.75], "texture": "#0"},
				"east": {"uv": [8.016, 3.516, 8.25, 3.75], "texture": "#0"},
				"south": {"uv": [5.25, 3.516, 7.984, 3.75], "texture": "#0"},
				"west": {"uv": [5.016, 3.516, 5.25, 3.75], "texture": "#0"},
				"up": {"uv": [7.984, 3.484, 5.25, 3.25], "rotation": 180, "texture": "#0"},
				"down": {"uv": [10.75, 3.25, 8.016, 3.484], "rotation": 180, "texture": "#0"}
			}
		},
		{
			"name": "corner",
			"from": [-0.1598, 0.49825, 6.23328],
			"to": [0.8402, 1.49825, 8.37394],
			"rotation": {"angle": 45, "axis": "y", "origin": [8, 0, 8]},
			"faces": {
				"north": {"uv": [4.75, 1.75, 4.984, 1.984], "texture": "#0"},
				"east": {"uv": [4.25, 1.75, 4.75, 1.984], "texture": "#0"},
				"south": {"uv": [4.016, 1.75, 4.25, 1.984], "texture": "#0"},
				"west": {"uv": [3.516, 1.75, 3.984, 1.984], "texture": "#0"},
				"up": {"uv": [4.25, 1.75, 4.016, 1.25], "rotation": 180, "texture": "#0"},
				"down": {"uv": [4.484, 1.25, 4.25, 1.75], "rotation": 180, "texture": "#0"}
			}
		},
		{
			"name": "corner",
			"from": [15.13155, 0.512, 7.62698],
			"to": [16.13155, 1.512, 9.76764],
			"rotation": {"angle": 45, "axis": "y", "origin": [8, 0, 8]},
			"faces": {
				"north": {"uv": [7.016, 2.016, 7.25, 2.25], "texture": "#0"},
				"east": {"uv": [6.516, 2.016, 6.984, 2.25], "texture": "#0"},
				"south": {"uv": [6.25, 2.016, 6.484, 2.25], "texture": "#0"},
				"west": {"uv": [5.75, 2.016, 6.25, 2.25], "texture": "#0"},
				"up": {"uv": [6.484, 1.984, 6.25, 1.516], "rotation": 180, "texture": "#0"},
				"down": {"uv": [6.75, 1.516, 6.516, 1.984], "rotation": 180, "texture": "#0"}
			}
		},
		{
			"name": "corner",
			"from": [7.62817, 0.49825, 15.13278],
			"to": [9.76883, 1.49825, 16.13278],
			"rotation": {"angle": 45, "axis": "y", "origin": [8, 0, 8]},
			"faces": {
				"north": {"uv": [7.25, 1.516, 7.75, 1.75], "texture": "#0"},
				"east": {"uv": [7.016, 1.516, 7.25, 1.75], "texture": "#0"},
				"south": {"uv": [6.516, 1.516, 6.984, 1.75], "texture": "#0"},
				"west": {"uv": [6.25, 1.516, 6.484, 1.75], "texture": "#0"},
				"up": {"uv": [6.984, 1.484, 6.516, 1.25], "rotation": 180, "texture": "#0"},
				"down": {"uv": [7.484, 1.25, 7.016, 1.484], "rotation": 180, "texture": "#0"}
			}
		},
		{
			"name": "corner",
			"from": [13.99975, 0.5, 3.5],
			"to": [14.99975, 1.5, 12.49999],
			"rotation": {"angle": 0, "axis": "y", "origin": [8, 0, 8]},
			"faces": {
				"north": {"uv": [4.25, 4.75, 4.484, 4.984], "texture": "#0"},
				"east": {"uv": [2.25, 4.75, 4.25, 4.984], "texture": "#0"},
				"south": {"uv": [2.016, 4.75, 2.25, 4.984], "texture": "#0"},
				"west": {"uv": [0.016, 4.75, 1.984, 4.984], "texture": "#0"},
				"up": {"uv": [2.25, 4.75, 2.016, 2.75], "rotation": 180, "texture": "#0"},
				"down": {"uv": [2.484, 2.75, 2.25, 4.75], "rotation": 180, "texture": "#0"}
			}
		},
		{
			"name": "corner",
			"from": [-0.16103, 0.518, 7.62729],
			"to": [0.83897, 1.518, 9.76795],
			"rotation": {"angle": -45, "axis": "y", "origin": [8, 0, 8]},
			"faces": {
				"north": {"uv": [4.25, 1.516, 4.484, 1.75], "texture": "#0"},
				"east": {"uv": [3.75, 1.516, 4.25, 1.75], "texture": "#0"},
				"south": {"uv": [3.516, 1.516, 3.75, 1.75], "texture": "#0"},
				"west": {"uv": [3.016, 1.516, 3.484, 1.75], "texture": "#0"},
				"up": {"uv": [3.75, 1.484, 3.516, 1.016], "rotation": 180, "texture": "#0"},
				"down": {"uv": [3.984, 1.016, 3.75, 1.484], "rotation": 180, "texture": "#0"}
			}
		},
		{
			"name": "body",
			"from": [2, 0, 3],
			"to": [14, 1, 13],
			"rotation": {"angle": 0, "axis": "y", "origin": [8, 0, 8]},
			"faces": {
				"north": {"uv": [8.016, 2.516, 10.984, 2.75], "texture": "#0"},
				"east": {"uv": [5.516, 2.516, 7.984, 2.75], "texture": "#0"},
				"south": {"uv": [2.516, 2.516, 5.484, 2.75], "texture": "#0"},
				"west": {"uv": [0.016, 2.516, 2.484, 2.75], "texture": "#0"},
				"up": {"uv": [5.484, 2.484, 2.516, 0.016], "rotation": 180, "texture": "#0"},
				"down": {"uv": [8.484, 0.016, 5.516, 2.484], "rotation": 180, "texture": "#0"}
			}
		},
		{
			"name": "face",
			"from": [4.44365, 3.5, 4.29082],
			"to": [6.44365, 4.5, 5.29082],
			"rotation": {"angle": 0, "axis": "y", "origin": [5.45, 2.7272, 5.7]},
			"faces": {
				"north": {"uv": [8.016, 0.516, 8.984, 0.984], "texture": "#1"},
				"east": {"uv": [7.516, 0.516, 7.984, 0.984], "texture": "#1"},
				"south": {"uv": [6.516, 0.516, 7.484, 0.984], "texture": "#1"},
				"west": {"uv": [6.016, 0.516, 6.484, 0.984], "texture": "#1"},
				"up": {"uv": [7.484, 0.484, 6.516, 0.016], "rotation": 180, "texture": "#1"},
				"down": {"uv": [8.484, 0.016, 7.516, 0.484], "rotation": 180, "texture": "#1"}
			}
		},
		{
			"name": "face",
			"from": [6.64365, 3.9, 4.99082],
			"to": [7.14365, 4.4, 5.49082],
			"rotation": {"angle": 0, "axis": "y", "origin": [5.45, 2.7272, 5.7]},
			"faces": {
				"north": {"uv": [11.016, 0.516, 10.984, 0.484], "texture": "#1"},
				"east": {"uv": [11.016, 0.516, 10.984, 0.484], "texture": "#1"},
				"south": {"uv": [11.016, 0.516, 10.984, 0.484], "texture": "#1"},
				"west": {"uv": [11.016, 0.516, 10.984, 0.484], "texture": "#1"},
				"up": {"uv": [11.016, 0.516, 10.984, 0.484], "rotation": 180, "texture": "#1"},
				"down": {"uv": [11.016, 0.516, 10.984, 0.484], "rotation": 180, "texture": "#1"}
			}
		},
		{
			"name": "face",
			"from": [6.15036, 4.1, 5.05202],
			"to": [6.65036, 4.6, 5.25202],
			"rotation": {"angle": 45, "axis": "y", "origin": [5.45, 2.7272, 5.7]},
			"faces": {
				"north": {"uv": [11.016, 0.516, 10.984, 0.484], "texture": "#1"},
				"east": {"uv": [11.016, 0.516, 10.984, 0.484], "texture": "#1"},
				"south": {"uv": [11.016, 0.516, 10.984, 0.484], "texture": "#1"},
				"west": {"uv": [11.016, 0.516, 10.984, 0.484], "texture": "#1"},
				"up": {"uv": [11.016, 0.516, 10.984, 0.484], "rotation": 270, "texture": "#1"},
				"down": {"uv": [11.016, 0.516, 10.984, 0.484], "rotation": 90, "texture": "#1"}
			}
		},
		{
			"name": "face",
			"from": [5.24365, 4.1, 4.69082],
			"to": [5.74365, 4.6, 5.19082],
			"rotation": {"angle": 0, "axis": "y", "origin": [5.45, 2.7272, 5.7]},
			"faces": {
				"north": {"uv": [11.016, 0.516, 10.984, 0.484], "texture": "#1"},
				"east": {"uv": [11.016, 0.516, 10.984, 0.484], "texture": "#1"},
				"south": {"uv": [11.016, 0.516, 10.984, 0.484], "texture": "#1"},
				"west": {"uv": [11.016, 0.516, 10.984, 0.484], "texture": "#1"},
				"up": {"uv": [11.016, 0.516, 10.984, 0.484], "rotation": 180, "texture": "#1"},
				"down": {"uv": [11.016, 0.516, 10.984, 0.484], "rotation": 180, "texture": "#1"}
			}
		},
		{
			"name": "face",
			"from": [5.96454, 4.1, 4.52413],
			"to": [6.16454, 4.6, 5.02413],
			"rotation": {"angle": 45, "axis": "y", "origin": [5.45, 2.7272, 5.7]},
			"faces": {
				"north": {"uv": [11.016, 0.516, 10.984, 0.484], "texture": "#1"},
				"east": {"uv": [11.016, 0.516, 10.984, 0.484], "texture": "#1"},
				"south": {"uv": [11.016, 0.516, 10.984, 0.484], "texture": "#1"},
				"west": {"uv": [11.016, 0.516, 10.984, 0.484], "texture": "#1"},
				"up": {"uv": [11.016, 0.516, 10.984, 0.484], "rotation": 180, "texture": "#1"},
				"down": {"uv": [11.016, 0.516, 10.984, 0.484], "rotation": 180, "texture": "#1"}
			}
		},
		{
			"name": "face",
			"from": [3.74365, 3.9, 4.99082],
			"to": [4.24365, 4.4, 5.49082],
			"rotation": {"angle": 0, "axis": "y", "origin": [5.45, 2.7272, 5.7]},
			"faces": {
				"north": {"uv": [11.016, 0.516, 10.984, 0.484], "texture": "#1"},
				"east": {"uv": [11.016, 0.516, 10.984, 0.484], "texture": "#1"},
				"south": {"uv": [11.016, 0.516, 10.984, 0.484], "texture": "#1"},
				"west": {"uv": [11.016, 0.516, 10.984, 0.484], "texture": "#1"},
				"up": {"uv": [11.016, 0.516, 10.984, 0.484], "rotation": 180, "texture": "#1"},
				"down": {"uv": [11.016, 0.516, 10.984, 0.484], "rotation": 180, "texture": "#1"}
			}
		},
		{
			"name": "body",
			"from": [3.44365, 3.3, 3.19082],
			"to": [7.44365, 4.3, 7.19082],
			"rotation": {"angle": 0, "axis": "y", "origin": [5.45, 2.7272, 5.7]},
			"faces": {
				"north": {"uv": [6.016, 2.016, 7.984, 2.484], "texture": "#1"},
				"east": {"uv": [4.016, 2.016, 5.984, 2.484], "texture": "#1"},
				"south": {"uv": [2.016, 2.016, 3.984, 2.484], "texture": "#1"},
				"west": {"uv": [0.016, 2.016, 1.984, 2.484], "texture": "#1"},
				"up": {"uv": [3.984, 1.984, 2.016, 0.016], "rotation": 180, "texture": "#1"},
				"down": {"uv": [5.984, 0.016, 4.016, 1.984], "rotation": 180, "texture": "#1"}
			}
		},
		{
			"name": "body",
			"from": [4.952, 1.199, 6.68901],
			"to": [6.952, 2.199, 8.68901],
			"shade": false,
			"rotation": {"angle": 45, "axis": "y", "origin": [5.45, 2.7272, 5.7]},
			"faces": {
				"north": {"uv": [2.984, 6.016, 2.016, 6.484], "texture": "#1"},
				"east": {"uv": [3.984, 6.016, 3.016, 6.484], "texture": "#1"},
				"south": {"uv": [0.984, 6.016, 0.016, 6.484], "texture": "#1"},
				"west": {"uv": [1.984, 6.016, 1.016, 6.484], "texture": "#1"},
				"up": {"uv": [1.016, 5.984, 1.984, 5.016], "rotation": 270, "texture": "#1"},
				"down": {"uv": [2.016, 5.016, 2.984, 5.984], "rotation": 90, "texture": "#1"}
			}
		},
		{
			"name": "body",
			"from": [4.952, 3.199, 6.68901],
			"to": [6.952, 4.199, 8.68901],
			"shade": false,
			"rotation": {"angle": 45, "axis": "y", "origin": [5.45, 2.7272, 5.7]},
			"faces": {
				"north": {"uv": [2.984, 6.016, 2.016, 6.484], "texture": "#1"},
				"east": {"uv": [3.984, 6.016, 3.016, 6.484], "texture": "#1"},
				"south": {"uv": [0.984, 6.016, 0.016, 6.484], "texture": "#1"},
				"west": {"uv": [1.984, 6.016, 1.016, 6.484], "texture": "#1"},
				"up": {"uv": [1.016, 5.984, 1.984, 5.016], "rotation": 270, "texture": "#1"},
				"down": {"uv": [2.016, 5.016, 2.984, 5.984], "rotation": 90, "texture": "#1"}
			}
		},
		{
			"name": "body",
			"from": [2.452, 3.199, 4.18901],
			"to": [4.452, 4.199, 6.18901],
			"rotation": {"angle": 45, "axis": "y", "origin": [5.45, 2.7272, 5.7]},
			"faces": {
				"north": {"uv": [3.016, 6.016, 3.984, 6.484], "texture": "#1"},
				"east": {"uv": [2.016, 6.016, 2.984, 6.484], "texture": "#1"},
				"south": {"uv": [1.016, 6.016, 1.984, 6.484], "texture": "#1"},
				"west": {"uv": [0.016, 6.016, 0.984, 6.484], "texture": "#1"},
				"up": {"uv": [1.984, 5.984, 1.016, 5.016], "rotation": 180, "texture": "#1"},
				"down": {"uv": [2.984, 5.016, 2.016, 5.984], "rotation": 180, "texture": "#1"}
			}
		},
		{
			"name": "body",
			"from": [2.452, 1.199, 4.18901],
			"to": [4.452, 2.199, 6.18901],
			"rotation": {"angle": 45, "axis": "y", "origin": [5.45, 2.7272, 5.7]},
			"faces": {
				"north": {"uv": [3.016, 6.016, 3.984, 6.484], "texture": "#1"},
				"east": {"uv": [2.016, 6.016, 2.984, 6.484], "texture": "#1"},
				"south": {"uv": [1.016, 6.016, 1.984, 6.484], "texture": "#1"},
				"west": {"uv": [0.016, 6.016, 0.984, 6.484], "texture": "#1"},
				"up": {"uv": [1.984, 5.984, 1.016, 5.016], "rotation": 180, "texture": "#1"},
				"down": {"uv": [2.984, 5.016, 2.016, 5.984], "rotation": 180, "texture": "#1"}
			}
		},
		{
			"name": "body",
			"from": [3.44365, 1.3, 3.19082],
			"to": [7.44365, 2.3, 7.19082],
			"rotation": {"angle": 0, "axis": "y", "origin": [5.45, 2.7272, 5.7]},
			"faces": {
				"north": {"uv": [6.016, 2.016, 7.984, 2.484], "texture": "#1"},
				"east": {"uv": [4.016, 2.016, 5.984, 2.484], "texture": "#1"},
				"south": {"uv": [2.016, 2.016, 3.984, 2.484], "texture": "#1"},
				"west": {"uv": [0.016, 2.016, 1.984, 2.484], "texture": "#1"},
				"up": {"uv": [3.984, 1.984, 2.016, 0.016], "rotation": 180, "texture": "#1"},
				"down": {"uv": [5.984, 0.016, 4.016, 1.984], "rotation": 180, "texture": "#1"}
			}
		},
		{
			"name": "cream",
			"from": [4.952, 2.199, 6.68901],
			"to": [6.952, 3.199, 8.68901],
			"rotation": {"angle": 45, "axis": "y", "origin": [5.45, 2.7272, 5.7]},
			"faces": {
				"north": {"uv": [2.016, 4.516, 2.984, 4.984], "texture": "#1"},
				"east": {"uv": [5.016, 4.516, 5.984, 4.984], "texture": "#1"},
				"south": {"uv": [4.016, 4.516, 4.984, 4.984], "texture": "#1"},
				"west": {"uv": [3.016, 4.516, 3.984, 4.984], "texture": "#1"},
				"up": {"uv": [3.984, 4.484, 3.016, 3.516], "rotation": 270, "texture": "#1"},
				"down": {"uv": [4.984, 3.516, 4.016, 4.484], "rotation": 90, "texture": "#1"}
			}
		},
		{
			"name": "cream",
			"from": [3.44365, 2.3, 3.19082],
			"to": [7.44365, 3.3, 7.19082],
			"rotation": {"angle": 0, "axis": "y", "origin": [5.45, 2.7272, 5.7]},
			"faces": {
				"north": {"uv": [6.016, 4.516, 7.984, 4.984], "texture": "#1"},
				"east": {"uv": [4.016, 4.516, 5.984, 4.984], "texture": "#1"},
				"south": {"uv": [2.016, 4.516, 3.984, 4.984], "texture": "#1"},
				"west": {"uv": [0.016, 4.516, 1.984, 4.984], "texture": "#1"},
				"up": {"uv": [3.984, 4.484, 2.016, 2.516], "rotation": 180, "texture": "#1"},
				"down": {"uv": [5.984, 2.516, 4.016, 4.484], "rotation": 180, "texture": "#1"}
			}
		},
		{
			"name": "cream",
			"from": [2.452, 2.199, 4.18901],
			"to": [4.452, 3.199, 6.18901],
			"rotation": {"angle": 45, "axis": "y", "origin": [5.45, 2.7272, 5.7]},
			"faces": {
				"north": {"uv": [5.016, 4.516, 5.984, 4.984], "texture": "#1"},
				"east": {"uv": [4.016, 4.516, 4.984, 4.984], "texture": "#1"},
				"south": {"uv": [3.016, 4.516, 3.984, 4.984], "texture": "#1"},
				"west": {"uv": [2.016, 4.516, 2.984, 4.984], "texture": "#1"},
				"up": {"uv": [3.984, 4.484, 3.016, 3.516], "rotation": 180, "texture": "#1"},
				"down": {"uv": [4.984, 3.516, 4.016, 4.484], "rotation": 180, "texture": "#1"}
			}
		},
		{
			"name": "face",
			"from": [9.69365, 3.5, 8.19082],
			"to": [11.69365, 4.5, 9.19082],
			"rotation": {"angle": 22.5, "axis": "y", "origin": [10.7, 2.7272, 9.6]},
			"faces": {
				"north": {"uv": [8.016, 0.516, 8.984, 0.984], "texture": "#1"},
				"east": {"uv": [7.516, 0.516, 7.984, 0.984], "texture": "#1"},
				"south": {"uv": [6.516, 0.516, 7.484, 0.984], "texture": "#1"},
				"west": {"uv": [6.016, 0.516, 6.484, 0.984], "texture": "#1"},
				"up": {"uv": [7.484, 0.484, 6.516, 0.016], "rotation": 180, "texture": "#1"},
				"down": {"uv": [8.484, 0.016, 7.516, 0.484], "rotation": 180, "texture": "#1"}
			}
		},
		{
			"name": "face",
			"from": [11.89365, 3.9, 8.89082],
			"to": [12.39365, 4.4, 9.39082],
			"rotation": {"angle": 22.5, "axis": "y", "origin": [10.7, 2.7272, 9.6]},
			"faces": {
				"north": {"uv": [11.016, 0.516, 10.984, 0.484], "texture": "#1"},
				"east": {"uv": [11.016, 0.516, 10.984, 0.484], "texture": "#1"},
				"south": {"uv": [11.016, 0.516, 10.984, 0.484], "texture": "#1"},
				"west": {"uv": [11.016, 0.516, 10.984, 0.484], "texture": "#1"},
				"up": {"uv": [11.016, 0.516, 10.984, 0.484], "rotation": 180, "texture": "#1"},
				"down": {"uv": [11.016, 0.516, 10.984, 0.484], "rotation": 180, "texture": "#1"}
			}
		},
		{
			"name": "face",
			"from": [10.05202, 4.1, 8.39964],
			"to": [10.25202, 4.6, 8.89964],
			"rotation": {"angle": -22.5, "axis": "y", "origin": [10.7, 2.7272, 9.6]},
			"faces": {
				"north": {"uv": [11.016, 0.516, 10.984, 0.484], "texture": "#1"},
				"east": {"uv": [11.016, 0.516, 10.984, 0.484], "texture": "#1"},
				"south": {"uv": [11.016, 0.516, 10.984, 0.484], "texture": "#1"},
				"west": {"uv": [11.016, 0.516, 10.984, 0.484], "texture": "#1"},
				"up": {"uv": [11.016, 0.516, 10.984, 0.484], "rotation": 180, "texture": "#1"},
				"down": {"uv": [11.016, 0.516, 10.984, 0.484], "rotation": 180, "texture": "#1"}
			}
		},
		{
			"name": "face",
			"from": [10.49365, 4.1, 8.59082],
			"to": [10.99365, 4.6, 9.09082],
			"rotation": {"angle": 22.5, "axis": "y", "origin": [10.7, 2.7272, 9.6]},
			"faces": {
				"north": {"uv": [11.016, 0.516, 10.984, 0.484], "texture": "#1"},
				"east": {"uv": [11.016, 0.516, 10.984, 0.484], "texture": "#1"},
				"south": {"uv": [11.016, 0.516, 10.984, 0.484], "texture": "#1"},
				"west": {"uv": [11.016, 0.516, 10.984, 0.484], "texture": "#1"},
				"up": {"uv": [11.016, 0.516, 10.984, 0.484], "rotation": 180, "texture": "#1"},
				"down": {"uv": [11.016, 0.516, 10.984, 0.484], "rotation": 180, "texture": "#1"}
			}
		},
		{
			"name": "face",
			"from": [9.52413, 4.1, 8.88546],
			"to": [10.02413, 4.6, 9.08546],
			"rotation": {"angle": -22.5, "axis": "y", "origin": [10.7, 2.7272, 9.6]},
			"faces": {
				"north": {"uv": [11.016, 0.516, 10.984, 0.484], "texture": "#1"},
				"east": {"uv": [11.016, 0.516, 10.984, 0.484], "texture": "#1"},
				"south": {"uv": [11.016, 0.516, 10.984, 0.484], "texture": "#1"},
				"west": {"uv": [11.016, 0.516, 10.984, 0.484], "texture": "#1"},
				"up": {"uv": [11.016, 0.516, 10.984, 0.484], "rotation": 90, "texture": "#1"},
				"down": {"uv": [11.016, 0.516, 10.984, 0.484], "rotation": 270, "texture": "#1"}
			}
		},
		{
			"name": "face",
			"from": [8.99365, 3.9, 8.89082],
			"to": [9.49365, 4.4, 9.39082],
			"rotation": {"angle": 22.5, "axis": "y", "origin": [10.7, 2.7272, 9.6]},
			"faces": {
				"north": {"uv": [11.016, 0.516, 10.984, 0.484], "texture": "#1"},
				"east": {"uv": [11.016, 0.516, 10.984, 0.484], "texture": "#1"},
				"south": {"uv": [11.016, 0.516, 10.984, 0.484], "texture": "#1"},
				"west": {"uv": [11.016, 0.516, 10.984, 0.484], "texture": "#1"},
				"up": {"uv": [11.016, 0.516, 10.984, 0.484], "rotation": 180, "texture": "#1"},
				"down": {"uv": [11.016, 0.516, 10.984, 0.484], "rotation": 180, "texture": "#1"}
			}
		},
		{
			"name": "body",
			"from": [8.69365, 3.3, 7.09082],
			"to": [12.69365, 4.3, 11.09082],
			"rotation": {"angle": 22.5, "axis": "y", "origin": [10.7, 2.7272, 9.6]},
			"faces": {
				"north": {"uv": [6.016, 2.016, 7.984, 2.484], "texture": "#1"},
				"east": {"uv": [4.016, 2.016, 5.984, 2.484], "texture": "#1"},
				"south": {"uv": [2.016, 2.016, 3.984, 2.484], "texture": "#1"},
				"west": {"uv": [0.016, 2.016, 1.984, 2.484], "texture": "#1"},
				"up": {"uv": [3.984, 1.984, 2.016, 0.016], "rotation": 180, "texture": "#1"},
				"down": {"uv": [5.984, 0.016, 4.016, 1.984], "rotation": 180, "texture": "#1"}
			}
		},
		{
			"name": "body",
			"from": [11.68901, 1.199, 8.098],
			"to": [13.68901, 2.199, 10.098],
			"shade": false,
			"rotation": {"angle": -22.5, "axis": "y", "origin": [10.7, 2.7272, 9.6]},
			"faces": {
				"north": {"uv": [3.984, 6.016, 3.016, 6.484], "texture": "#1"},
				"east": {"uv": [0.984, 6.016, 0.016, 6.484], "texture": "#1"},
				"south": {"uv": [1.984, 6.016, 1.016, 6.484], "texture": "#1"},
				"west": {"uv": [2.984, 6.016, 2.016, 6.484], "texture": "#1"},
				"up": {"uv": [1.016, 5.984, 1.984, 5.016], "rotation": 180, "texture": "#1"},
				"down": {"uv": [2.016, 5.016, 2.984, 5.984], "rotation": 180, "texture": "#1"}
			}
		},
		{
			"name": "body",
			"from": [11.68901, 3.199, 8.098],
			"to": [13.68901, 4.199, 10.098],
			"shade": false,
			"rotation": {"angle": -22.5, "axis": "y", "origin": [10.7, 2.7272, 9.6]},
			"faces": {
				"north": {"uv": [3.984, 6.016, 3.016, 6.484], "texture": "#1"},
				"east": {"uv": [0.984, 6.016, 0.016, 6.484], "texture": "#1"},
				"south": {"uv": [1.984, 6.016, 1.016, 6.484], "texture": "#1"},
				"west": {"uv": [2.984, 6.016, 2.016, 6.484], "texture": "#1"},
				"up": {"uv": [1.016, 5.984, 1.984, 5.016], "rotation": 180, "texture": "#1"},
				"down": {"uv": [2.016, 5.016, 2.984, 5.984], "rotation": 180, "texture": "#1"}
			}
		},
		{
			"name": "body",
			"from": [9.18901, 3.199, 10.598],
			"to": [11.18901, 4.199, 12.598],
			"rotation": {"angle": -22.5, "axis": "y", "origin": [10.7, 2.7272, 9.6]},
			"faces": {
				"north": {"uv": [2.016, 6.016, 2.984, 6.484], "texture": "#1"},
				"east": {"uv": [1.016, 6.016, 1.984, 6.484], "texture": "#1"},
				"south": {"uv": [0.016, 6.016, 0.984, 6.484], "texture": "#1"},
				"west": {"uv": [3.016, 6.016, 3.984, 6.484], "texture": "#1"},
				"up": {"uv": [1.984, 5.984, 1.016, 5.016], "rotation": 90, "texture": "#1"},
				"down": {"uv": [2.984, 5.016, 2.016, 5.984], "rotation": 270, "texture": "#1"}
			}
		},
		{
			"name": "body",
			"from": [9.18901, 1.199, 10.598],
			"to": [11.18901, 2.199, 12.598],
			"rotation": {"angle": -22.5, "axis": "y", "origin": [10.7, 2.7272, 9.6]},
			"faces": {
				"north": {"uv": [2.016, 6.016, 2.984, 6.484], "texture": "#1"},
				"east": {"uv": [1.016, 6.016, 1.984, 6.484], "texture": "#1"},
				"south": {"uv": [0.016, 6.016, 0.984, 6.484], "texture": "#1"},
				"west": {"uv": [3.016, 6.016, 3.984, 6.484], "texture": "#1"},
				"up": {"uv": [1.984, 5.984, 1.016, 5.016], "rotation": 90, "texture": "#1"},
				"down": {"uv": [2.984, 5.016, 2.016, 5.984], "rotation": 270, "texture": "#1"}
			}
		},
		{
			"name": "body",
			"from": [8.69365, 1.3, 7.09082],
			"to": [12.69365, 2.3, 11.09082],
			"rotation": {"angle": 22.5, "axis": "y", "origin": [10.7, 2.7272, 9.6]},
			"faces": {
				"north": {"uv": [6.016, 2.016, 7.984, 2.484], "texture": "#1"},
				"east": {"uv": [4.016, 2.016, 5.984, 2.484], "texture": "#1"},
				"south": {"uv": [2.016, 2.016, 3.984, 2.484], "texture": "#1"},
				"west": {"uv": [0.016, 2.016, 1.984, 2.484], "texture": "#1"},
				"up": {"uv": [3.984, 1.984, 2.016, 0.016], "rotation": 180, "texture": "#1"},
				"down": {"uv": [5.984, 0.016, 4.016, 1.984], "rotation": 180, "texture": "#1"}
			}
		},
		{
			"name": "cream",
			"from": [11.68901, 2.199, 8.098],
			"to": [13.68901, 3.199, 10.098],
			"rotation": {"angle": -22.5, "axis": "y", "origin": [10.7, 2.7272, 9.6]},
			"faces": {
				"north": {"uv": [5.016, 4.516, 5.984, 4.984], "texture": "#1"},
				"east": {"uv": [4.016, 4.516, 4.984, 4.984], "texture": "#1"},
				"south": {"uv": [3.016, 4.516, 3.984, 4.984], "texture": "#1"},
				"west": {"uv": [2.016, 4.516, 2.984, 4.984], "texture": "#1"},
				"up": {"uv": [3.984, 4.484, 3.016, 3.516], "rotation": 180, "texture": "#1"},
				"down": {"uv": [4.984, 3.516, 4.016, 4.484], "rotation": 180, "texture": "#1"}
			}
		},
		{
			"name": "cream",
			"from": [8.69365, 2.3, 7.09082],
			"to": [12.69365, 3.3, 11.09082],
			"rotation": {"angle": 22.5, "axis": "y", "origin": [10.7, 2.7272, 9.6]},
			"faces": {
				"north": {"uv": [6.016, 4.516, 7.984, 4.984], "texture": "#1"},
				"east": {"uv": [4.016, 4.516, 5.984, 4.984], "texture": "#1"},
				"south": {"uv": [2.016, 4.516, 3.984, 4.984], "texture": "#1"},
				"west": {"uv": [0.016, 4.516, 1.984, 4.984], "texture": "#1"},
				"up": {"uv": [3.984, 4.484, 2.016, 2.516], "rotation": 180, "texture": "#1"},
				"down": {"uv": [5.984, 2.516, 4.016, 4.484], "rotation": 180, "texture": "#1"}
			}
		},
		{
			"name": "cream",
			"from": [9.18901, 2.199, 10.598],
			"to": [11.18901, 3.199, 12.598],
			"rotation": {"angle": -22.5, "axis": "y", "origin": [10.7, 2.7272, 9.6]},
			"faces": {
				"north": {"uv": [4.016, 4.516, 4.984, 4.984], "texture": "#1"},
				"east": {"uv": [3.016, 4.516, 3.984, 4.984], "texture": "#1"},
				"south": {"uv": [2.016, 4.516, 2.984, 4.984], "texture": "#1"},
				"west": {"uv": [5.016, 4.516, 5.984, 4.984], "texture": "#1"},
				"up": {"uv": [3.984, 4.484, 3.016, 3.516], "rotation": 90, "texture": "#1"},
				"down": {"uv": [4.984, 3.516, 4.016, 4.484], "rotation": 270, "texture": "#1"}
			}
		},
		{
			"name": "face",
			"from": [4.19365, 3.8, 9.79082],
			"to": [6.19365, 4.8, 10.79082],
			"rotation": {"angle": -22.5, "axis": "y", "origin": [5.2, 3.0272, 11.2]},
			"faces": {
				"north": {"uv": [8.016, 0.516, 8.984, 0.984], "texture": "#1"},
				"east": {"uv": [7.516, 0.516, 7.984, 0.984], "texture": "#1"},
				"south": {"uv": [6.516, 0.516, 7.484, 0.984], "texture": "#1"},
				"west": {"uv": [6.016, 0.516, 6.484, 0.984], "texture": "#1"},
				"up": {"uv": [7.484, 0.484, 6.516, 0.016], "rotation": 180, "texture": "#1"},
				"down": {"uv": [8.484, 0.016, 7.516, 0.484], "rotation": 180, "texture": "#1"}
			}
		},
		{
			"name": "face",
			"from": [6.39365, 4.2, 10.49082],
			"to": [6.89365, 4.7, 10.99082],
			"rotation": {"angle": -22.5, "axis": "y", "origin": [5.2, 3.0272, 11.2]},
			"faces": {
				"north": {"uv": [11.016, 0.516, 10.984, 0.484], "texture": "#1"},
				"east": {"uv": [11.016, 0.516, 10.984, 0.484], "texture": "#1"},
				"south": {"uv": [11.016, 0.516, 10.984, 0.484], "texture": "#1"},
				"west": {"uv": [11.016, 0.516, 10.984, 0.484], "texture": "#1"},
				"up": {"uv": [11.016, 0.516, 10.984, 0.484], "rotation": 180, "texture": "#1"},
				"down": {"uv": [11.016, 0.516, 10.984, 0.484], "rotation": 180, "texture": "#1"}
			}
		},
		{
			"name": "face",
			"from": [5.90036, 4.4, 10.55202],
			"to": [6.40036, 4.9, 10.75202],
			"rotation": {"angle": 22.5, "axis": "y", "origin": [5.2, 3.0272, 11.2]},
			"faces": {
				"north": {"uv": [11.016, 0.516, 10.984, 0.484], "texture": "#1"},
				"east": {"uv": [11.016, 0.516, 10.984, 0.484], "texture": "#1"},
				"south": {"uv": [11.016, 0.516, 10.984, 0.484], "texture": "#1"},
				"west": {"uv": [11.016, 0.516, 10.984, 0.484], "texture": "#1"},
				"up": {"uv": [11.016, 0.516, 10.984, 0.484], "rotation": 270, "texture": "#1"},
				"down": {"uv": [11.016, 0.516, 10.984, 0.484], "rotation": 90, "texture": "#1"}
			}
		},
		{
			"name": "face",
			"from": [4.99365, 4.4, 10.19082],
			"to": [5.49365, 4.9, 10.69082],
			"rotation": {"angle": -22.5, "axis": "y", "origin": [5.2, 3.0272, 11.2]},
			"faces": {
				"north": {"uv": [11.016, 0.516, 10.984, 0.484], "texture": "#1"},
				"east": {"uv": [11.016, 0.516, 10.984, 0.484], "texture": "#1"},
				"south": {"uv": [11.016, 0.516, 10.984, 0.484], "texture": "#1"},
				"west": {"uv": [11.016, 0.516, 10.984, 0.484], "texture": "#1"},
				"up": {"uv": [11.016, 0.516, 10.984, 0.484], "rotation": 180, "texture": "#1"},
				"down": {"uv": [11.016, 0.516, 10.984, 0.484], "rotation": 180, "texture": "#1"}
			}
		},
		{
			"name": "face",
			"from": [5.71454, 4.4, 10.02413],
			"to": [5.91454, 4.9, 10.52413],
			"rotation": {"angle": 22.5, "axis": "y", "origin": [5.2, 3.0272, 11.2]},
			"faces": {
				"north": {"uv": [11.016, 0.516, 10.984, 0.484], "texture": "#1"},
				"east": {"uv": [11.016, 0.516, 10.984, 0.484], "texture": "#1"},
				"south": {"uv": [11.016, 0.516, 10.984, 0.484], "texture": "#1"},
				"west": {"uv": [11.016, 0.516, 10.984, 0.484], "texture": "#1"},
				"up": {"uv": [11.016, 0.516, 10.984, 0.484], "rotation": 180, "texture": "#1"},
				"down": {"uv": [11.016, 0.516, 10.984, 0.484], "rotation": 180, "texture": "#1"}
			}
		},
		{
			"name": "face",
			"from": [3.49365, 4.2, 10.49082],
			"to": [3.99365, 4.7, 10.99082],
			"rotation": {"angle": -22.5, "axis": "y", "origin": [5.2, 3.0272, 11.2]},
			"faces": {
				"north": {"uv": [11.016, 0.516, 10.984, 0.484], "texture": "#1"},
				"east": {"uv": [11.016, 0.516, 10.984, 0.484], "texture": "#1"},
				"south": {"uv": [11.016, 0.516, 10.984, 0.484], "texture": "#1"},
				"west": {"uv": [11.016, 0.516, 10.984, 0.484], "texture": "#1"},
				"up": {"uv": [11.016, 0.516, 10.984, 0.484], "rotation": 180, "texture": "#1"},
				"down": {"uv": [11.016, 0.516, 10.984, 0.484], "rotation": 180, "texture": "#1"}
			}
		},
		{
			"name": "body",
			"from": [3.19365, 3.6, 8.69082],
			"to": [7.19365, 4.6, 12.69082],
			"rotation": {"angle": -22.5, "axis": "y", "origin": [5.2, 3.0272, 11.2]},
			"faces": {
				"north": {"uv": [6.016, 2.016, 7.984, 2.484], "texture": "#1"},
				"east": {"uv": [4.016, 2.016, 5.984, 2.484], "texture": "#1"},
				"south": {"uv": [2.016, 2.016, 3.984, 2.484], "texture": "#1"},
				"west": {"uv": [0.016, 2.016, 1.984, 2.484], "texture": "#1"},
				"up": {"uv": [3.984, 1.984, 2.016, 0.016], "rotation": 180, "texture": "#1"},
				"down": {"uv": [5.984, 0.016, 4.016, 1.984], "rotation": 180, "texture": "#1"}
			}
		},
		{
			"name": "body",
			"from": [4.702, 1.499, 12.18901],
			"to": [6.702, 2.499, 14.18901],
			"shade": false,
			"rotation": {"angle": 22.5, "axis": "y", "origin": [5.2, 3.0272, 11.2]},
			"faces": {
				"north": {"uv": [2.984, 6.016, 2.016, 6.484], "texture": "#1"},
				"east": {"uv": [3.984, 6.016, 3.016, 6.484], "texture": "#1"},
				"south": {"uv": [0.984, 6.016, 0.016, 6.484], "texture": "#1"},
				"west": {"uv": [1.984, 6.016, 1.016, 6.484], "texture": "#1"},
				"up": {"uv": [1.016, 5.984, 1.984, 5.016], "rotation": 270, "texture": "#1"},
				"down": {"uv": [2.016, 5.016, 2.984, 5.984], "rotation": 90, "texture": "#1"}
			}
		},
		{
			"name": "body",
			"from": [4.702, 3.499, 12.18901],
			"to": [6.702, 4.499, 14.18901],
			"shade": false,
			"rotation": {"angle": 22.5, "axis": "y", "origin": [5.2, 3.0272, 11.2]},
			"faces": {
				"north": {"uv": [2.984, 6.016, 2.016, 6.484], "texture": "#1"},
				"east": {"uv": [3.984, 6.016, 3.016, 6.484], "texture": "#1"},
				"south": {"uv": [0.984, 6.016, 0.016, 6.484], "texture": "#1"},
				"west": {"uv": [1.984, 6.016, 1.016, 6.484], "texture": "#1"},
				"up": {"uv": [1.016, 5.984, 1.984, 5.016], "rotation": 270, "texture": "#1"},
				"down": {"uv": [2.016, 5.016, 2.984, 5.984], "rotation": 90, "texture": "#1"}
			}
		},
		{
			"name": "body",
			"from": [2.202, 3.499, 9.68901],
			"to": [4.202, 4.499, 11.68901],
			"rotation": {"angle": 22.5, "axis": "y", "origin": [5.2, 3.0272, 11.2]},
			"faces": {
				"north": {"uv": [3.016, 6.016, 3.984, 6.484], "texture": "#1"},
				"east": {"uv": [2.016, 6.016, 2.984, 6.484], "texture": "#1"},
				"south": {"uv": [1.016, 6.016, 1.984, 6.484], "texture": "#1"},
				"west": {"uv": [0.016, 6.016, 0.984, 6.484], "texture": "#1"},
				"up": {"uv": [1.984, 5.984, 1.016, 5.016], "rotation": 180, "texture": "#1"},
				"down": {"uv": [2.984, 5.016, 2.016, 5.984], "rotation": 180, "texture": "#1"}
			}
		},
		{
			"name": "body",
			"from": [2.202, 1.499, 9.68901],
			"to": [4.202, 2.499, 11.68901],
			"rotation": {"angle": 22.5, "axis": "y", "origin": [5.2, 3.0272, 11.2]},
			"faces": {
				"north": {"uv": [3.016, 6.016, 3.984, 6.484], "texture": "#1"},
				"east": {"uv": [2.016, 6.016, 2.984, 6.484], "texture": "#1"},
				"south": {"uv": [1.016, 6.016, 1.984, 6.484], "texture": "#1"},
				"west": {"uv": [0.016, 6.016, 0.984, 6.484], "texture": "#1"},
				"up": {"uv": [1.984, 5.984, 1.016, 5.016], "rotation": 180, "texture": "#1"},
				"down": {"uv": [2.984, 5.016, 2.016, 5.984], "rotation": 180, "texture": "#1"}
			}
		},
		{
			"name": "body",
			"from": [3.19365, 1.6, 8.69082],
			"to": [7.19365, 2.6, 12.69082],
			"rotation": {"angle": -22.5, "axis": "y", "origin": [5.2, 3.0272, 11.2]},
			"faces": {
				"north": {"uv": [6.016, 2.016, 7.984, 2.484], "texture": "#1"},
				"east": {"uv": [4.016, 2.016, 5.984, 2.484], "texture": "#1"},
				"south": {"uv": [2.016, 2.016, 3.984, 2.484], "texture": "#1"},
				"west": {"uv": [0.016, 2.016, 1.984, 2.484], "texture": "#1"},
				"up": {"uv": [3.984, 1.984, 2.016, 0.016], "rotation": 180, "texture": "#1"},
				"down": {"uv": [5.984, 0.016, 4.016, 1.984], "rotation": 180, "texture": "#1"}
			}
		},
		{
			"name": "cream",
			"from": [4.702, 2.499, 12.18901],
			"to": [6.702, 3.499, 14.18901],
			"rotation": {"angle": 22.5, "axis": "y", "origin": [5.2, 3.0272, 11.2]},
			"faces": {
				"north": {"uv": [2.016, 4.516, 2.984, 4.984], "texture": "#1"},
				"east": {"uv": [5.016, 4.516, 5.984, 4.984], "texture": "#1"},
				"south": {"uv": [4.016, 4.516, 4.984, 4.984], "texture": "#1"},
				"west": {"uv": [3.016, 4.516, 3.984, 4.984], "texture": "#1"},
				"up": {"uv": [3.984, 4.484, 3.016, 3.516], "rotation": 270, "texture": "#1"},
				"down": {"uv": [4.984, 3.516, 4.016, 4.484], "rotation": 90, "texture": "#1"}
			}
		},
		{
			"name": "cream",
			"from": [3.19365, 2.6, 8.69082],
			"to": [7.19365, 3.6, 12.69082],
			"rotation": {"angle": -22.5, "axis": "y", "origin": [5.2, 3.0272, 11.2]},
			"faces": {
				"north": {"uv": [6.016, 4.516, 7.984, 4.984], "texture": "#1"},
				"east": {"uv": [4.016, 4.516, 5.984, 4.984], "texture": "#1"},
				"south": {"uv": [2.016, 4.516, 3.984, 4.984], "texture": "#1"},
				"west": {"uv": [0.016, 4.516, 1.984, 4.984], "texture": "#1"},
				"up": {"uv": [3.984, 4.484, 2.016, 2.516], "rotation": 180, "texture": "#1"},
				"down": {"uv": [5.984, 2.516, 4.016, 4.484], "rotation": 180, "texture": "#1"}
			}
		},
		{
			"name": "cream",
			"from": [2.202, 2.499, 9.68901],
			"to": [4.202, 3.499, 11.68901],
			"rotation": {"angle": 22.5, "axis": "y", "origin": [5.2, 3.0272, 11.2]},
			"faces": {
				"north": {"uv": [5.016, 4.516, 5.984, 4.984], "texture": "#1"},
				"east": {"uv": [4.016, 4.516, 4.984, 4.984], "texture": "#1"},
				"south": {"uv": [3.016, 4.516, 3.984, 4.984], "texture": "#1"},
				"west": {"uv": [2.016, 4.516, 2.984, 4.984], "texture": "#1"},
				"up": {"uv": [3.984, 4.484, 3.016, 3.516], "rotation": 180, "texture": "#1"},
				"down": {"uv": [4.984, 3.516, 4.016, 4.484], "rotation": 180, "texture": "#1"}
			}
		}
	],
	"display": {
		"thirdperson_righthand": {
			"rotation": [65, 1, 0],
			"translation": [-6, 5, 5.75]
		},
		"thirdperson_lefthand": {
			"rotation": [65, -180, 0],
			"translation": [-6, 5, 5.75]
		},
		"ground": {
			"translation": [0, 4, 0]
		},
		"gui": {
			"rotation": [80, -180, 0]
		},
		"fixed": {
			"rotation": [-90, 0, 0],
			"translation": [0, 0, -15],
			"scale": [2, 2, 2]
		}
	},
	"groups": [
		{
			"name": "bearbreadtray3",
			"origin": [0, 0.4, 0],
			"color": 0,
			"children": [
				0,
				{
					"name": "Plate",
					"origin": [8, 7.4, 8],
					"color": 1,
					"children": [
						{
							"name": "corner",
							"origin": [3.07612, 0.15, 13.91021],
							"color": 2,
							"children": [1, 2, 3, 4, 5, 6, 7, 8]
						},
						{
							"name": "body",
							"origin": [12, 0.15, 2.70711],
							"color": 3,
							"children": [9]
						}
					]
				}
			]
		},
		{
			"name": "bearbread1",
			"origin": [0, 0, 0],
			"color": 0,
			"children": [
				{
					"name": "face",
					"origin": [0, 0, 0],
					"color": 2,
					"children": [10, 11, 12, 13, 14, 15]
				},
				{
					"name": "body",
					"origin": [0, 0, 0],
					"color": 3,
					"children": [
						16,
						17,
						18,
						19,
						20,
						21,
						{
							"name": "cream",
							"origin": [0, 0, 0],
							"color": 4,
							"children": [22, 23, 24]
						}
					]
				}
			]
		},
		{
			"name": "bearbread1",
			"origin": [0, 0, 0],
			"color": 0,
			"children": [
				{
					"name": "face",
					"origin": [0, 0, 0],
					"color": 2,
					"children": [25, 26, 27, 28, 29, 30]
				},
				{
					"name": "body",
					"origin": [0, 0, 0],
					"color": 3,
					"children": [
						31,
						32,
						33,
						34,
						35,
						36,
						{
							"name": "cream",
							"origin": [0, 0, 0],
							"color": 4,
							"children": [37, 38, 39]
						}
					]
				}
			]
		},
		{
			"name": "bearbread1",
			"origin": [0, 0, 0],
			"color": 0,
			"children": [
				{
					"name": "face",
					"origin": [0, 0, 0],
					"color": 2,
					"children": [40, 41, 42, 43, 44, 45]
				},
				{
					"name": "body",
					"origin": [0, 0, 0],
					"color": 3,
					"children": [
						46,
						47,
						48,
						49,
						50,
						51,
						{
							"name": "cream",
							"origin": [0, 0, 0],
							"color": 4,
							"children": [52, 53, 54]
						}
					]
				}
			]
		}
	]
}