{
	"credit": "Made with Blockbench",
	"texture_size": [32, 32],
	"textures": {
		"2": "dark_beer",
		"particle": "dark_beer"
	},
	"elements": [
		{
			"from": [5, 0.5, 6],
			"to": [6, 8.5, 10],
			"rotation": {"angle": 0, "axis": "y", "origin": [-4.5, 0.5, 2]},
			"faces": {
				"north": {"uv": [2, 8, 2.5, 12], "texture": "#2"},
				"east": {"uv": [0, 0, 2, 4], "texture": "#2"},
				"south": {"uv": [8, 2, 8.5, 6], "texture": "#2"},
				"west": {"uv": [2, 0, 4, 4], "texture": "#2"},
				"up": {"uv": [7.5, 10, 7, 8], "texture": "#2"},
				"down": {"uv": [8, 8, 7.5, 10], "texture": "#2"}
			}
		},
		{
			"from": [6, 0.5, 10],
			"to": [10, 8.5, 11],
			"rotation": {"angle": 0, "axis": "y", "origin": [0.5, 0.5, 2.5]},
			"faces": {
				"north": {"uv": [0, 4, 2, 8], "texture": "#2"},
				"east": {"uv": [2.5, 8, 3, 12], "texture": "#2"},
				"south": {"uv": [4, 0, 6, 4], "texture": "#2"},
				"west": {"uv": [3, 8, 3.5, 12], "texture": "#2"},
				"up": {"uv": [10.5, 2.5, 8.5, 2], "texture": "#2"},
				"down": {"uv": [10.5, 2.5, 8.5, 3], "texture": "#2"}
			}
		},
		{
			"from": [6, 0.5, 5],
			"to": [10, 8.5, 6],
			"rotation": {"angle": 0, "axis": "y", "origin": [0.5, 0.5, 2]},
			"faces": {
				"north": {"uv": [2, 4, 4, 8], "texture": "#2"},
				"east": {"uv": [3.5, 8, 4, 12], "texture": "#2"},
				"south": {"uv": [4, 4, 6, 8], "texture": "#2"},
				"west": {"uv": [4, 8, 4.5, 12], "texture": "#2"},
				"up": {"uv": [10.5, 3.5, 8.5, 3], "texture": "#2"},
				"down": {"uv": [10.5, 3.5, 8.5, 4], "texture": "#2"}
			}
		},
		{
			"from": [10, 0.5, 6],
			"to": [11, 8.5, 10],
			"rotation": {"angle": 0, "axis": "y", "origin": [0.5, 0.5, 2]},
			"faces": {
				"north": {"uv": [4.5, 8, 5, 12], "texture": "#2"},
				"east": {"uv": [6, 0, 8, 4], "texture": "#2"},
				"south": {"uv": [5, 8, 5.5, 12], "texture": "#2"},
				"west": {"uv": [6, 4, 8, 8], "texture": "#2"},
				"up": {"uv": [9, 6, 8.5, 4], "texture": "#2"},
				"down": {"uv": [9, 6, 8.5, 8], "texture": "#2"}
			}
		},
		{
			"from": [6, 0.5, 6],
			"to": [10, 1.5, 10],
			"rotation": {"angle": 0, "axis": "y", "origin": [-0.5, 1.5, 2]},
			"faces": {
				"north": {"uv": [8, 8.5, 10, 9], "texture": "#2"},
				"east": {"uv": [8.5, 8, 10.5, 8.5], "texture": "#2"},
				"south": {"uv": [9, 4, 11, 4.5], "texture": "#2"},
				"west": {"uv": [9, 4.5, 11, 5], "texture": "#2"},
				"up": {"uv": [2, 10, 0, 8], "texture": "#2"},
				"down": {"uv": [10, 0, 8, 2], "texture": "#2"}
			}
		},
		{
			"from": [11, 1.5, 6],
			"to": [11.15, 2.5, 10],
			"rotation": {"angle": 0, "axis": "y", "origin": [0.5, -2.5, 2]},
			"faces": {
				"north": {"uv": [12, 5, 12.5, 5.5], "texture": "#2"},
				"east": {"uv": [10, 1.5, 12, 2], "texture": "#2"},
				"south": {"uv": [12, 5.5, 12.5, 6], "texture": "#2"},
				"west": {"uv": [10, 8.5, 12, 9], "texture": "#2"},
				"up": {"uv": [7.5, 12, 7, 10], "texture": "#2"},
				"down": {"uv": [8, 10, 7.5, 12], "texture": "#2"}
			}
		},
		{
			"from": [4.85, 1.5, 6],
			"to": [5, 2.5, 10],
			"rotation": {"angle": 0, "axis": "y", "origin": [0.85, -1.5, 2]},
			"faces": {
				"north": {"uv": [6, 12, 6.5, 12.5], "texture": "#2"},
				"east": {"uv": [9.5, 10, 11.5, 10.5], "texture": "#2"},
				"south": {"uv": [12, 6, 12.5, 6.5], "texture": "#2"},
				"west": {"uv": [0, 10.5, 2, 11], "texture": "#2"},
				"up": {"uv": [11, 4, 10.5, 2], "texture": "#2"},
				"down": {"uv": [6, 10.5, 5.5, 12.5], "texture": "#2"}
			}
		},
		{
			"from": [10, 1.5, 10],
			"to": [11.15, 2.5, 10.15],
			"rotation": {"angle": 0, "axis": "y", "origin": [1, -1.5, 2]},
			"faces": {
				"north": {"uv": [6.5, 12, 7, 12.5], "texture": "#2"},
				"east": {"uv": [12, 6.5, 12.5, 7], "texture": "#2"},
				"south": {"uv": [7, 12, 7.5, 12.5], "texture": "#2"},
				"west": {"uv": [12, 7, 12.5, 7.5], "texture": "#2"},
				"up": {"uv": [8, 12.5, 7.5, 12], "texture": "#2"},
				"down": {"uv": [12.5, 7.5, 12, 8], "texture": "#2"}
			}
		},
		{
			"from": [10, 1.5, 10.15],
			"to": [10.15, 2.5, 11],
			"rotation": {"angle": 0, "axis": "y", "origin": [0, -1.5, 1.8]},
			"faces": {
				"north": {"uv": [8, 12, 8.5, 12.5], "texture": "#2"},
				"east": {"uv": [8.5, 12, 9, 12.5], "texture": "#2"},
				"south": {"uv": [12, 8.5, 12.5, 9], "texture": "#2"},
				"west": {"uv": [9, 12, 9.5, 12.5], "texture": "#2"},
				"up": {"uv": [10, 12.5, 9.5, 12], "texture": "#2"},
				"down": {"uv": [12.5, 9.5, 12, 10], "texture": "#2"}
			}
		},
		{
			"from": [5.85, 1.5, 11],
			"to": [10.15, 2.5, 11.15],
			"rotation": {"angle": 0, "axis": "y", "origin": [0.85, -1.5, 1.65]},
			"faces": {
				"north": {"uv": [10.5, 8, 12.5, 8.5], "texture": "#2"},
				"east": {"uv": [10, 12, 10.5, 12.5], "texture": "#2"},
				"south": {"uv": [10.5, 9, 12.5, 9.5], "texture": "#2"},
				"west": {"uv": [12, 10, 12.5, 10.5], "texture": "#2"},
				"up": {"uv": [11.5, 11, 9.5, 10.5], "texture": "#2"},
				"down": {"uv": [2, 11, 0, 11.5], "texture": "#2"}
			}
		},
		{
			"from": [5.85, 1.5, 10.15],
			"to": [6, 2.5, 11],
			"rotation": {"angle": 0, "axis": "y", "origin": [0.85, -1.5, 1.65]},
			"faces": {
				"north": {"uv": [10.5, 12, 11, 12.5], "texture": "#2"},
				"east": {"uv": [12, 10.5, 12.5, 11], "texture": "#2"},
				"south": {"uv": [11, 12, 11.5, 12.5], "texture": "#2"},
				"west": {"uv": [12, 11, 12.5, 11.5], "texture": "#2"},
				"up": {"uv": [12, 12.5, 11.5, 12], "texture": "#2"},
				"down": {"uv": [12.5, 11.5, 12, 12], "texture": "#2"}
			}
		},
		{
			"from": [4.85, 1.5, 10],
			"to": [6, 2.5, 10.15],
			"rotation": {"angle": 0, "axis": "y", "origin": [0.85, -1.5, 2]},
			"faces": {
				"north": {"uv": [12, 12, 12.5, 12.5], "texture": "#2"},
				"east": {"uv": [0, 12.5, 0.5, 13], "texture": "#2"},
				"south": {"uv": [12.5, 0, 13, 0.5], "texture": "#2"},
				"west": {"uv": [0.5, 12.5, 1, 13], "texture": "#2"},
				"up": {"uv": [13, 1, 12.5, 0.5], "texture": "#2"},
				"down": {"uv": [1.5, 12.5, 1, 13], "texture": "#2"}
			}
		},
		{
			"from": [5.85, 1.5, 4.85],
			"to": [10.15, 2.5, 5],
			"rotation": {"angle": 0, "axis": "y", "origin": [0.7, -0.5, -4.5]},
			"faces": {
				"north": {"uv": [11, 2, 13, 2.5], "texture": "#2"},
				"east": {"uv": [12.5, 1, 13, 1.5], "texture": "#2"},
				"south": {"uv": [11, 2.5, 13, 3], "texture": "#2"},
				"west": {"uv": [1.5, 12.5, 2, 13], "texture": "#2"},
				"up": {"uv": [13, 3.5, 11, 3], "texture": "#2"},
				"down": {"uv": [13, 3.5, 11, 4], "texture": "#2"}
			}
		},
		{
			"from": [10, 1.5, 5],
			"to": [10.15, 2.5, 5.85],
			"rotation": {"angle": 0, "axis": "y", "origin": [0, -1.5, -3.35]},
			"faces": {
				"north": {"uv": [12.5, 1.5, 13, 2], "texture": "#2"},
				"east": {"uv": [2, 12.5, 2.5, 13], "texture": "#2"},
				"south": {"uv": [2.5, 12.5, 3, 13], "texture": "#2"},
				"west": {"uv": [3, 12.5, 3.5, 13], "texture": "#2"},
				"up": {"uv": [4, 13, 3.5, 12.5], "texture": "#2"},
				"down": {"uv": [4.5, 12.5, 4, 13], "texture": "#2"}
			}
		},
		{
			"from": [10, 1.5, 5.85],
			"to": [11.15, 2.5, 6],
			"rotation": {"angle": 0, "axis": "y", "origin": [1, -1.5, -2.15]},
			"faces": {
				"north": {"uv": [12.5, 4, 13, 4.5], "texture": "#2"},
				"east": {"uv": [4.5, 12.5, 5, 13], "texture": "#2"},
				"south": {"uv": [12.5, 4.5, 13, 5], "texture": "#2"},
				"west": {"uv": [5, 12.5, 5.5, 13], "texture": "#2"},
				"up": {"uv": [13, 5.5, 12.5, 5], "texture": "#2"},
				"down": {"uv": [6, 12.5, 5.5, 13], "texture": "#2"}
			}
		},
		{
			"from": [5.85, 1.5, 5],
			"to": [6, 2.5, 5.85],
			"rotation": {"angle": 0, "axis": "y", "origin": [-4.15, -1.5, -3.35]},
			"faces": {
				"north": {"uv": [12.5, 5.5, 13, 6], "texture": "#2"},
				"east": {"uv": [6, 12.5, 6.5, 13], "texture": "#2"},
				"south": {"uv": [12.5, 6, 13, 6.5], "texture": "#2"},
				"west": {"uv": [6.5, 12.5, 7, 13], "texture": "#2"},
				"up": {"uv": [13, 7, 12.5, 6.5], "texture": "#2"},
				"down": {"uv": [7.5, 12.5, 7, 13], "texture": "#2"}
			}
		},
		{
			"from": [4.85, 1.5, 5.85],
			"to": [6, 2.5, 6],
			"rotation": {"angle": 0, "axis": "y", "origin": [-4.15, -1.5, -2.15]},
			"faces": {
				"north": {"uv": [12.5, 7, 13, 7.5], "texture": "#2"},
				"east": {"uv": [7.5, 12.5, 8, 13], "texture": "#2"},
				"south": {"uv": [12.5, 7.5, 13, 8], "texture": "#2"},
				"west": {"uv": [8, 12.5, 8.5, 13], "texture": "#2"},
				"up": {"uv": [13, 8.5, 12.5, 8], "texture": "#2"},
				"down": {"uv": [9, 12.5, 8.5, 13], "texture": "#2"}
			}
		},
		{
			"from": [11, 6.5, 6],
			"to": [11.15, 7.5, 10],
			"rotation": {"angle": 0, "axis": "y", "origin": [0.5, 2.5, 2]},
			"faces": {
				"north": {"uv": [12, 5, 12.5, 5.5], "texture": "#2"},
				"east": {"uv": [10, 1.5, 12, 2], "texture": "#2"},
				"south": {"uv": [12, 5.5, 12.5, 6], "texture": "#2"},
				"west": {"uv": [10, 8.5, 12, 9], "texture": "#2"},
				"up": {"uv": [7.5, 12, 7, 10], "texture": "#2"},
				"down": {"uv": [8, 10, 7.5, 12], "texture": "#2"}
			}
		},
		{
			"from": [4.85, 6.5, 6],
			"to": [5, 7.5, 10],
			"rotation": {"angle": 0, "axis": "y", "origin": [0.85, 3.5, 2]},
			"faces": {
				"north": {"uv": [6, 12, 6.5, 12.5], "texture": "#2"},
				"east": {"uv": [9.5, 10, 11.5, 10.5], "texture": "#2"},
				"south": {"uv": [12, 6, 12.5, 6.5], "texture": "#2"},
				"west": {"uv": [0, 10.5, 2, 11], "texture": "#2"},
				"up": {"uv": [11, 4, 10.5, 2], "texture": "#2"},
				"down": {"uv": [6, 10.5, 5.5, 12.5], "texture": "#2"}
			}
		},
		{
			"from": [10, 6.5, 10],
			"to": [11.15, 7.5, 10.15],
			"rotation": {"angle": 0, "axis": "y", "origin": [1, 3.5, 2]},
			"faces": {
				"north": {"uv": [6.5, 12, 7, 12.5], "texture": "#2"},
				"east": {"uv": [12, 6.5, 12.5, 7], "texture": "#2"},
				"south": {"uv": [7, 12, 7.5, 12.5], "texture": "#2"},
				"west": {"uv": [12, 7, 12.5, 7.5], "texture": "#2"},
				"up": {"uv": [8, 12.5, 7.5, 12], "texture": "#2"},
				"down": {"uv": [12.5, 7.5, 12, 8], "texture": "#2"}
			}
		},
		{
			"from": [10, 6.5, 10.15],
			"to": [10.15, 7.5, 11],
			"rotation": {"angle": 0, "axis": "y", "origin": [0, 3.5, 1.8]},
			"faces": {
				"north": {"uv": [8, 12, 8.5, 12.5], "texture": "#2"},
				"east": {"uv": [8.5, 12, 9, 12.5], "texture": "#2"},
				"south": {"uv": [12, 8.5, 12.5, 9], "texture": "#2"},
				"west": {"uv": [9, 12, 9.5, 12.5], "texture": "#2"},
				"up": {"uv": [10, 12.5, 9.5, 12], "texture": "#2"},
				"down": {"uv": [12.5, 9.5, 12, 10], "texture": "#2"}
			}
		},
		{
			"from": [5.85, 6.5, 11],
			"to": [10.15, 7.5, 11.15],
			"rotation": {"angle": 0, "axis": "y", "origin": [0.85, 3.5, 1.65]},
			"faces": {
				"north": {"uv": [10.5, 8, 12.5, 8.5], "texture": "#2"},
				"east": {"uv": [10, 12, 10.5, 12.5], "texture": "#2"},
				"south": {"uv": [10.5, 9, 12.5, 9.5], "texture": "#2"},
				"west": {"uv": [12, 10, 12.5, 10.5], "texture": "#2"},
				"up": {"uv": [11.5, 11, 9.5, 10.5], "texture": "#2"},
				"down": {"uv": [2, 11, 0, 11.5], "texture": "#2"}
			}
		},
		{
			"from": [5.85, 6.5, 10.15],
			"to": [6, 7.5, 11],
			"rotation": {"angle": 0, "axis": "y", "origin": [0.85, 3.5, 1.65]},
			"faces": {
				"north": {"uv": [10.5, 12, 11, 12.5], "texture": "#2"},
				"east": {"uv": [12, 10.5, 12.5, 11], "texture": "#2"},
				"south": {"uv": [11, 12, 11.5, 12.5], "texture": "#2"},
				"west": {"uv": [12, 11, 12.5, 11.5], "texture": "#2"},
				"up": {"uv": [12, 12.5, 11.5, 12], "texture": "#2"},
				"down": {"uv": [12.5, 11.5, 12, 12], "texture": "#2"}
			}
		},
		{
			"from": [4.85, 6.5, 10],
			"to": [6, 7.5, 10.15],
			"rotation": {"angle": 0, "axis": "y", "origin": [0.85, 3.5, 2]},
			"faces": {
				"north": {"uv": [12, 12, 12.5, 12.5], "texture": "#2"},
				"east": {"uv": [0, 12.5, 0.5, 13], "texture": "#2"},
				"south": {"uv": [12.5, 0, 13, 0.5], "texture": "#2"},
				"west": {"uv": [0.5, 12.5, 1, 13], "texture": "#2"},
				"up": {"uv": [13, 1, 12.5, 0.5], "texture": "#2"},
				"down": {"uv": [1.5, 12.5, 1, 13], "texture": "#2"}
			}
		},
		{
			"from": [5.85, 6.5, 4.85],
			"to": [10.15, 7.5, 5],
			"rotation": {"angle": 0, "axis": "y", "origin": [0.7, 4.5, -4.5]},
			"faces": {
				"north": {"uv": [11, 2, 13, 2.5], "texture": "#2"},
				"east": {"uv": [12.5, 1, 13, 1.5], "texture": "#2"},
				"south": {"uv": [11, 2.5, 13, 3], "texture": "#2"},
				"west": {"uv": [1.5, 12.5, 2, 13], "texture": "#2"},
				"up": {"uv": [13, 3.5, 11, 3], "texture": "#2"},
				"down": {"uv": [13, 3.5, 11, 4], "texture": "#2"}
			}
		},
		{
			"from": [10, 6.5, 5],
			"to": [10.15, 7.5, 5.85],
			"rotation": {"angle": 0, "axis": "y", "origin": [0, 3.5, -3.35]},
			"faces": {
				"north": {"uv": [12.5, 1.5, 13, 2], "texture": "#2"},
				"east": {"uv": [2, 12.5, 2.5, 13], "texture": "#2"},
				"south": {"uv": [2.5, 12.5, 3, 13], "texture": "#2"},
				"west": {"uv": [3, 12.5, 3.5, 13], "texture": "#2"},
				"up": {"uv": [4, 13, 3.5, 12.5], "texture": "#2"},
				"down": {"uv": [4.5, 12.5, 4, 13], "texture": "#2"}
			}
		},
		{
			"from": [10, 6.5, 5.85],
			"to": [11.15, 7.5, 6],
			"rotation": {"angle": 0, "axis": "y", "origin": [1, 3.5, -2.15]},
			"faces": {
				"north": {"uv": [12.5, 4, 13, 4.5], "texture": "#2"},
				"east": {"uv": [4.5, 12.5, 5, 13], "texture": "#2"},
				"south": {"uv": [12.5, 4.5, 13, 5], "texture": "#2"},
				"west": {"uv": [5, 12.5, 5.5, 13], "texture": "#2"},
				"up": {"uv": [13, 5.5, 12.5, 5], "texture": "#2"},
				"down": {"uv": [6, 12.5, 5.5, 13], "texture": "#2"}
			}
		},
		{
			"from": [5.85, 6.5, 5],
			"to": [6, 7.5, 5.85],
			"rotation": {"angle": 0, "axis": "y", "origin": [-4.15, 3.5, -3.35]},
			"faces": {
				"north": {"uv": [12.5, 5.5, 13, 6], "texture": "#2"},
				"east": {"uv": [6, 12.5, 6.5, 13], "texture": "#2"},
				"south": {"uv": [12.5, 6, 13, 6.5], "texture": "#2"},
				"west": {"uv": [6.5, 12.5, 7, 13], "texture": "#2"},
				"up": {"uv": [13, 7, 12.5, 6.5], "texture": "#2"},
				"down": {"uv": [7.5, 12.5, 7, 13], "texture": "#2"}
			}
		},
		{
			"from": [4.85, 6.5, 5.85],
			"to": [6, 7.5, 6],
			"rotation": {"angle": 0, "axis": "y", "origin": [-4.15, 3.5, -2.15]},
			"faces": {
				"north": {"uv": [12.5, 7, 13, 7.5], "texture": "#2"},
				"east": {"uv": [7.5, 12.5, 8, 13], "texture": "#2"},
				"south": {"uv": [12.5, 7.5, 13, 8], "texture": "#2"},
				"west": {"uv": [8, 12.5, 8.5, 13], "texture": "#2"},
				"up": {"uv": [13, 8.5, 12.5, 8], "texture": "#2"},
				"down": {"uv": [9, 12.5, 8.5, 13], "texture": "#2"}
			}
		},
		{
			"from": [11.15, 7.1995, 7.5],
			"to": [12.15, 7.1995, 8.5],
			"rotation": {"angle": 0, "axis": "y", "origin": [-3.15, 2.6995, 3.5]},
			"faces": {
				"north": {"uv": [0, 0, 0.5, 0], "texture": "#2"},
				"east": {"uv": [0, 0, 0.5, 0], "texture": "#2"},
				"south": {"uv": [0, 0, 0.5, 0], "texture": "#2"},
				"west": {"uv": [0, 0, 0.5, 0], "texture": "#2"},
				"up": {"uv": [13, 9, 12.5, 8.5], "texture": "#2"},
				"down": {"uv": [9.5, 12.5, 9, 13], "texture": "#2"}
			}
		},
		{
			"from": [11.15, 2.1995, 7.5],
			"to": [12.15, 2.1995, 8.5],
			"rotation": {"angle": 0, "axis": "y", "origin": [-3.15, 2.6995, 3.5]},
			"faces": {
				"north": {"uv": [0, 0, 0.5, 0], "texture": "#2"},
				"east": {"uv": [0, 0, 0.5, 0], "texture": "#2"},
				"south": {"uv": [0, 0, 0.5, 0], "texture": "#2"},
				"west": {"uv": [0, 0, 0.5, 0], "texture": "#2"},
				"up": {"uv": [13, 9.5, 12.5, 9], "texture": "#2"},
				"down": {"uv": [10, 12.5, 9.5, 13], "texture": "#2"}
			}
		},
		{
			"from": [12.15, 2.1995, 7.5],
			"to": [12.7, 7.1995, 8.5],
			"rotation": {"angle": 0, "axis": "y", "origin": [-3.15, 2.6995, 3.5]},
			"faces": {
				"north": {"uv": [5.5, 8, 6, 10.5], "texture": "#2"},
				"east": {"uv": [6, 8, 6.5, 10.5], "texture": "#2"},
				"south": {"uv": [8, 6, 8.5, 8.5], "texture": "#2"},
				"west": {"uv": [6.5, 8, 7, 10.5], "texture": "#2"},
				"up": {"uv": [13, 10, 12.5, 9.5], "texture": "#2"},
				"down": {"uv": [10.5, 12.5, 10, 13], "texture": "#2"}
			}
		},
		{
			"from": [6, 6, 6],
			"to": [10, 8, 10],
			"rotation": {"angle": 0, "axis": "y", "origin": [0, 5, 0]},
			"faces": {
				"north": {"uv": [0, 0, 2, 1], "texture": "#2"},
				"east": {"uv": [0, 0, 2, 1], "texture": "#2"},
				"south": {"uv": [0, 0, 2, 1], "texture": "#2"},
				"west": {"uv": [0, 0, 2, 1], "texture": "#2"},
				"up": {"uv": [14, 14, 16, 16], "texture": "#2"},
				"down": {"uv": [0, 0, 2, 2], "texture": "#2"}
			}
		}
	],
	"display": {
		"thirdperson_righthand": {
			"rotation": [0, -90, 0],
			"translation": [0, 1, -3.5],
			"scale": [0.9, 0.9, 0.9]
		},
		"thirdperson_lefthand": {
			"rotation": [0, 90, 0],
			"translation": [0, 1, -3.25],
			"scale": [0.9, 0.9, 0.9]
		},
		"firstperson_righthand": {
			"rotation": [0, -90, 0],
			"translation": [0.5, 3.5, 0.25]
		},
		"firstperson_lefthand": {
			"rotation": [0, 87, 0],
			"translation": [1.25, 3.5, 0.5]
		},
		"ground": {
			"translation": [0, 5.75, 0],
			"scale": [1.2, 1.2, 1.2]
		},
		"head": {
			"translation": [0, 14, 0]
		},
		"fixed": {
			"rotation": [-91, 0, 0],
			"translation": [0, 0, -11.25],
			"scale": [1.7, 1.7, 1.7]
		}
	},
	"groups": [
		{
			"name": "bone6",
			"origin": [0, 0, 2],
			"color": 0,
			"children": [
				{
					"name": "bone2",
					"origin": [0, 0, 2],
					"color": 0,
					"children": [0, 1, 2, 3, 4]
				},
				{
					"name": "bone4",
					"origin": [-4.65, 1, -2.15],
					"color": 0,
					"children": [
						{
							"name": "bone",
							"origin": [-4.65, -2, -2.15],
							"color": 0,
							"children": [5, 6, 7, 8, 9, 10, 11, 12, 13, 14, 15, 16]
						},
						{
							"name": "bone3",
							"origin": [-4.65, 3, -2.15],
							"color": 0,
							"children": [17, 18, 19, 20, 21, 22, 23, 24, 25, 26, 27, 28]
						}
					]
				},
				{
					"name": "bone5",
					"origin": [-3.65, 2.1995, 3.5],
					"color": 0,
					"children": [29, 30, 31]
				}
			]
		},
		32
	]
}