{
	"credit": "Made with Blockbench",
	"texture_size": [1536, 768],
	"textures": {
		"3": "light_beer"
	},
	"elements": [
		{
			"from": [6, 4, 6],
			"to": [10, 6, 10],
			"faces": {
				"north": {"uv": [0, 0, 1, 1], "texture": "#3"},
				"east": {"uv": [0, 0, 1, 1], "texture": "#3"},
				"south": {"uv": [0, 0, 1, 1], "texture": "#3"},
				"west": {"uv": [0, 0, 1, 1], "texture": "#3"},
				"up": {"uv": [0, 0.5, 1, 2.5], "texture": "#3"},
				"down": {"uv": [0, 0, 1, 2], "texture": "#3"}
			}
		},
		{
			"from": [11, 4.5, 6],
			"to": [11.15, 5.5, 10],
			"rotation": {"angle": 0, "axis": "y", "origin": [0.5, 0.5, 2]},
			"faces": {
				"north": {"uv": [0.75, 9.5, 1, 10], "texture": "#3"},
				"east": {"uv": [3, 8, 4, 8.5], "texture": "#3"},
				"south": {"uv": [3.75, 10, 4, 10.5], "texture": "#3"},
				"west": {"uv": [4, 6, 5, 6.5], "texture": "#3"},
				"up": {"uv": [2, 10, 1.75, 8], "texture": "#3"},
				"down": {"uv": [4.25, 6.5, 4, 8.5], "texture": "#3"}
			}
		},
		{
			"from": [4.85, 4.5, 6],
			"to": [5, 5.5, 10],
			"rotation": {"angle": 0, "axis": "y", "origin": [0.85, 1.5, 2]},
			"faces": {
				"north": {"uv": [4, 10, 4.25, 10.5], "texture": "#3"},
				"east": {"uv": [4.25, 0, 5.25, 0.5], "texture": "#3"},
				"south": {"uv": [4.25, 10, 4.5, 10.5], "texture": "#3"},
				"west": {"uv": [4.25, 0.5, 5.25, 1], "texture": "#3"},
				"up": {"uv": [3.25, 10.5, 3, 8.5], "texture": "#3"},
				"down": {"uv": [3.5, 8.5, 3.25, 10.5], "texture": "#3"}
			}
		},
		{
			"from": [10, 4.5, 10],
			"to": [11.15, 5.5, 10.15],
			"rotation": {"angle": 0, "axis": "y", "origin": [1, 1.5, 2]},
			"faces": {
				"north": {"uv": [4.75, 10, 5, 10.5], "texture": "#3"},
				"east": {"uv": [5, 10, 5.25, 10.5], "texture": "#3"},
				"south": {"uv": [5.25, 0, 5.5, 0.5], "texture": "#3"},
				"west": {"uv": [5.25, 0.5, 5.5, 1], "texture": "#3"},
				"up": {"uv": [5.5, 1.5, 5.25, 1], "texture": "#3"},
				"down": {"uv": [1, 10.5, 0.75, 11], "texture": "#3"}
			}
		},
		{
			"from": [10, 4.5, 10.15],
			"to": [10.15, 5.5, 11],
			"rotation": {"angle": 0, "axis": "y", "origin": [0, 1.5, 1.8]},
			"faces": {
				"north": {"uv": [5.25, 1.5, 5.5, 2], "texture": "#3"},
				"east": {"uv": [1, 10.5, 1.25, 11], "texture": "#3"},
				"south": {"uv": [1.25, 10.5, 1.5, 11], "texture": "#3"},
				"west": {"uv": [1.5, 10.5, 1.75, 11], "texture": "#3"},
				"up": {"uv": [2, 11, 1.75, 10.5], "texture": "#3"},
				"down": {"uv": [5.5, 3.5, 5.25, 4], "texture": "#3"}
			}
		},
		{
			"from": [5.85, 4.5, 11],
			"to": [10.15, 5.5, 11.15],
			"rotation": {"angle": 0, "axis": "y", "origin": [0.85, 1.5, 1.65]},
			"faces": {
				"north": {"uv": [4.25, 1, 5.25, 1.5], "texture": "#3"},
				"east": {"uv": [2, 10.5, 2.25, 11], "texture": "#3"},
				"south": {"uv": [4.25, 1.5, 5.25, 2], "texture": "#3"},
				"west": {"uv": [5.25, 4, 5.5, 4.5], "texture": "#3"},
				"up": {"uv": [5.25, 7, 4.25, 6.5], "texture": "#3"},
				"down": {"uv": [4.5, 8.5, 3.5, 9], "texture": "#3"}
			}
		},
		{
			"from": [5.85, 4.5, 10.15],
			"to": [6, 5.5, 11],
			"rotation": {"angle": 0, "axis": "y", "origin": [0.85, 1.5, 1.65]},
			"faces": {
				"north": {"uv": [2.25, 10.5, 2.5, 11], "texture": "#3"},
				"east": {"uv": [5.25, 4.5, 5.5, 5], "texture": "#3"},
				"south": {"uv": [2.5, 10.5, 2.75, 11], "texture": "#3"},
				"west": {"uv": [5.25, 5, 5.5, 5.5], "texture": "#3"},
				"up": {"uv": [5.5, 6, 5.25, 5.5], "texture": "#3"},
				"down": {"uv": [3.25, 10.5, 3, 11], "texture": "#3"}
			}
		},
		{
			"from": [4.85, 4.5, 10],
			"to": [6, 5.5, 10.15],
			"rotation": {"angle": 0, "axis": "y", "origin": [0.85, 1.5, 2]},
			"faces": {
				"north": {"uv": [5.25, 6, 5.5, 6.5], "texture": "#3"},
				"east": {"uv": [3.25, 10.5, 3.5, 11], "texture": "#3"},
				"south": {"uv": [5.25, 6.5, 5.5, 7], "texture": "#3"},
				"west": {"uv": [5.25, 7, 5.5, 7.5], "texture": "#3"},
				"up": {"uv": [4, 11, 3.75, 10.5], "texture": "#3"},
				"down": {"uv": [5.5, 7.5, 5.25, 8], "texture": "#3"}
			}
		},
		{
			"from": [5.85, 4.5, 4.85],
			"to": [10.15, 5.5, 5],
			"rotation": {"angle": 0, "axis": "y", "origin": [0.7, 2.5, -4.5]},
			"faces": {
				"north": {"uv": [4.25, 7, 5.25, 7.5], "texture": "#3"},
				"east": {"uv": [4, 10.5, 4.25, 11], "texture": "#3"},
				"south": {"uv": [4.25, 7.5, 5.25, 8], "texture": "#3"},
				"west": {"uv": [5.25, 8, 5.5, 8.5], "texture": "#3"},
				"up": {"uv": [5.25, 8.5, 4.25, 8], "texture": "#3"},
				"down": {"uv": [1, 9, 0, 9.5], "texture": "#3"}
			}
		},
		{
			"from": [10, 4.5, 5],
			"to": [10.15, 5.5, 5.85],
			"rotation": {"angle": 0, "axis": "y", "origin": [0, 1.5, -3.35]},
			"faces": {
				"north": {"uv": [4.25, 10.5, 4.5, 11], "texture": "#3"},
				"east": {"uv": [4.5, 10.5, 4.75, 11], "texture": "#3"},
				"south": {"uv": [4.75, 10.5, 5, 11], "texture": "#3"},
				"west": {"uv": [5, 10.5, 5.25, 11], "texture": "#3"},
				"up": {"uv": [5.5, 10.5, 5.25, 10], "texture": "#3"},
				"down": {"uv": [5.5, 10.5, 5.25, 11], "texture": "#3"}
			}
		},
		{
			"from": [10, 4.5, 5.85],
			"to": [11.15, 5.5, 6],
			"rotation": {"angle": 0, "axis": "y", "origin": [1, 1.5, -2.15]},
			"faces": {
				"north": {"uv": [5.5, 0, 5.75, 0.5], "texture": "#3"},
				"east": {"uv": [5.5, 0.5, 5.75, 1], "texture": "#3"},
				"south": {"uv": [5.5, 1, 5.75, 1.5], "texture": "#3"},
				"west": {"uv": [0.75, 11, 1, 11.5], "texture": "#3"},
				"up": {"uv": [5.75, 2, 5.5, 1.5], "texture": "#3"},
				"down": {"uv": [1.25, 11, 1, 11.5], "texture": "#3"}
			}
		},
		{
			"from": [5.85, 4.5, 5],
			"to": [6, 5.5, 5.85],
			"rotation": {"angle": 0, "axis": "y", "origin": [-4.15, 1.5, -3.35]},
			"faces": {
				"north": {"uv": [1.25, 11, 1.5, 11.5], "texture": "#3"},
				"east": {"uv": [1.5, 11, 1.75, 11.5], "texture": "#3"},
				"south": {"uv": [1.75, 11, 2, 11.5], "texture": "#3"},
				"west": {"uv": [5.5, 3.5, 5.75, 4], "texture": "#3"},
				"up": {"uv": [2.25, 11.5, 2, 11], "texture": "#3"},
				"down": {"uv": [5.75, 4, 5.5, 4.5], "texture": "#3"}
			}
		},
		{
			"from": [4.85, 4.5, 5.85],
			"to": [6, 5.5, 6],
			"rotation": {"angle": 0, "axis": "y", "origin": [-4.15, 1.5, -2.15]},
			"faces": {
				"north": {"uv": [2.25, 11, 2.5, 11.5], "texture": "#3"},
				"east": {"uv": [5.5, 4.5, 5.75, 5], "texture": "#3"},
				"south": {"uv": [2.5, 11, 2.75, 11.5], "texture": "#3"},
				"west": {"uv": [5.5, 5, 5.75, 5.5], "texture": "#3"},
				"up": {"uv": [5.75, 6, 5.5, 5.5], "texture": "#3"},
				"down": {"uv": [3.25, 11, 3, 11.5], "texture": "#3"}
			}
		},
		{
			"from": [11, 1.5, 6],
			"to": [11.15, 2.5, 10],
			"rotation": {"angle": 0, "axis": "y", "origin": [0.5, -2.5, 2]},
			"faces": {
				"north": {"uv": [5.5, 6, 5.75, 6.5], "texture": "#3"},
				"east": {"uv": [2, 9, 3, 9.5], "texture": "#3"},
				"south": {"uv": [3.25, 11, 3.5, 11.5], "texture": "#3"},
				"west": {"uv": [3.5, 9, 4.5, 9.5], "texture": "#3"},
				"up": {"uv": [4.75, 10.5, 4.5, 8.5], "texture": "#3"},
				"down": {"uv": [0.25, 9.5, 0, 11.5], "texture": "#3"}
			}
		},
		{
			"from": [4.85, 1.5, 6],
			"to": [5, 2.5, 10],
			"rotation": {"angle": 0, "axis": "y", "origin": [0.85, -1.5, 2]},
			"faces": {
				"north": {"uv": [5.5, 6.5, 5.75, 7], "texture": "#3"},
				"east": {"uv": [2, 9.5, 3, 10], "texture": "#3"},
				"south": {"uv": [5.5, 7, 5.75, 7.5], "texture": "#3"},
				"west": {"uv": [3.5, 9.5, 4.5, 10], "texture": "#3"},
				"up": {"uv": [0.5, 11.5, 0.25, 9.5], "texture": "#3"},
				"down": {"uv": [0.75, 9.5, 0.5, 11.5], "texture": "#3"}
			}
		},
		{
			"from": [10, 1.5, 10],
			"to": [11.15, 2.5, 10.15],
			"rotation": {"angle": 0, "axis": "y", "origin": [1, -1.5, 2]},
			"faces": {
				"north": {"uv": [3.75, 11, 4, 11.5], "texture": "#3"},
				"east": {"uv": [5.5, 7.5, 5.75, 8], "texture": "#3"},
				"south": {"uv": [4, 11, 4.25, 11.5], "texture": "#3"},
				"west": {"uv": [5.5, 8, 5.75, 8.5], "texture": "#3"},
				"up": {"uv": [4.5, 11.5, 4.25, 11], "texture": "#3"},
				"down": {"uv": [4.75, 11, 4.5, 11.5], "texture": "#3"}
			}
		},
		{
			"from": [10, 1.5, 10.15],
			"to": [10.15, 2.5, 11],
			"rotation": {"angle": 0, "axis": "y", "origin": [0, -1.5, 1.8]},
			"faces": {
				"north": {"uv": [4.75, 11, 5, 11.5], "texture": "#3"},
				"east": {"uv": [5, 11, 5.25, 11.5], "texture": "#3"},
				"south": {"uv": [5.5, 10, 5.75, 10.5], "texture": "#3"},
				"west": {"uv": [5.25, 11, 5.5, 11.5], "texture": "#3"},
				"up": {"uv": [5.75, 11, 5.5, 10.5], "texture": "#3"},
				"down": {"uv": [5.75, 11, 5.5, 11.5], "texture": "#3"}
			}
		},
		{
			"from": [5.85, 1.5, 11],
			"to": [10.15, 2.5, 11.15],
			"rotation": {"angle": 0, "axis": "y", "origin": [0.85, -1.5, 1.65]},
			"faces": {
				"north": {"uv": [4.75, 8.5, 5.75, 9], "texture": "#3"},
				"east": {"uv": [0, 11.5, 0.25, 12], "texture": "#3"},
				"south": {"uv": [4.75, 9, 5.75, 9.5], "texture": "#3"},
				"west": {"uv": [5.75, 0, 6, 0.5], "texture": "#3"},
				"up": {"uv": [5.75, 10, 4.75, 9.5], "texture": "#3"},
				"down": {"uv": [1.75, 10, 0.75, 10.5], "texture": "#3"}
			}
		},
		{
			"from": [5.85, 1.5, 10.15],
			"to": [6, 2.5, 11],
			"rotation": {"angle": 0, "axis": "y", "origin": [0.85, -1.5, 1.65]},
			"faces": {
				"north": {"uv": [0.25, 11.5, 0.5, 12], "texture": "#3"},
				"east": {"uv": [5.75, 0.5, 6, 1], "texture": "#3"},
				"south": {"uv": [0.5, 11.5, 0.75, 12], "texture": "#3"},
				"west": {"uv": [5.75, 1, 6, 1.5], "texture": "#3"},
				"up": {"uv": [1, 12, 0.75, 11.5], "texture": "#3"},
				"down": {"uv": [6, 1.5, 5.75, 2], "texture": "#3"}
			}
		},
		{
			"from": [4.85, 1.5, 10],
			"to": [6, 2.5, 10.15],
			"rotation": {"angle": 0, "axis": "y", "origin": [0.85, -1.5, 2]},
			"faces": {
				"north": {"uv": [1, 11.5, 1.25, 12], "texture": "#3"},
				"east": {"uv": [1.25, 11.5, 1.5, 12], "texture": "#3"},
				"south": {"uv": [1.5, 11.5, 1.75, 12], "texture": "#3"},
				"west": {"uv": [1.75, 11.5, 2, 12], "texture": "#3"},
				"up": {"uv": [6, 4, 5.75, 3.5], "texture": "#3"},
				"down": {"uv": [2.25, 11.5, 2, 12], "texture": "#3"}
			}
		},
		{
			"from": [5.85, 1.5, 4.85],
			"to": [10.15, 2.5, 5],
			"rotation": {"angle": 0, "axis": "y", "origin": [0.7, -0.5, -4.5]},
			"faces": {
				"north": {"uv": [5, 2, 6, 2.5], "texture": "#3"},
				"east": {"uv": [5.75, 4, 6, 4.5], "texture": "#3"},
				"south": {"uv": [5, 2.5, 6, 3], "texture": "#3"},
				"west": {"uv": [2.25, 11.5, 2.5, 12], "texture": "#3"},
				"up": {"uv": [6, 3.5, 5, 3], "texture": "#3"},
				"down": {"uv": [2.75, 10, 1.75, 10.5], "texture": "#3"}
			}
		},
		{
			"from": [10, 1.5, 5],
			"to": [10.15, 2.5, 5.85],
			"rotation": {"angle": 0, "axis": "y", "origin": [0, -1.5, -3.35]},
			"faces": {
				"north": {"uv": [5.75, 4.5, 6, 5], "texture": "#3"},
				"east": {"uv": [2.5, 11.5, 2.75, 12], "texture": "#3"},
				"south": {"uv": [5.75, 5, 6, 5.5], "texture": "#3"},
				"west": {"uv": [2.75, 11.5, 3, 12], "texture": "#3"},
				"up": {"uv": [6, 6, 5.75, 5.5], "texture": "#3"},
				"down": {"uv": [3.25, 11.5, 3, 12], "texture": "#3"}
			}
		},
		{
			"from": [10, 1.5, 5.85],
			"to": [11.15, 2.5, 6],
			"rotation": {"angle": 0, "axis": "y", "origin": [1, -1.5, -2.15]},
			"faces": {
				"north": {"uv": [5.75, 6, 6, 6.5], "texture": "#3"},
				"east": {"uv": [3.25, 11.5, 3.5, 12], "texture": "#3"},
				"south": {"uv": [5.75, 6.5, 6, 7], "texture": "#3"},
				"west": {"uv": [3.5, 11.5, 3.75, 12], "texture": "#3"},
				"up": {"uv": [6, 7.5, 5.75, 7], "texture": "#3"},
				"down": {"uv": [4, 11.5, 3.75, 12], "texture": "#3"}
			}
		},
		{
			"from": [5.85, 1.5, 5],
			"to": [6, 2.5, 5.85],
			"rotation": {"angle": 0, "axis": "y", "origin": [-4.15, -1.5, -3.35]},
			"faces": {
				"north": {"uv": [5.75, 7.5, 6, 8], "texture": "#3"},
				"east": {"uv": [4, 11.5, 4.25, 12], "texture": "#3"},
				"south": {"uv": [5.75, 8, 6, 8.5], "texture": "#3"},
				"west": {"uv": [4.25, 11.5, 4.5, 12], "texture": "#3"},
				"up": {"uv": [6, 9, 5.75, 8.5], "texture": "#3"},
				"down": {"uv": [4.75, 11.5, 4.5, 12], "texture": "#3"}
			}
		},
		{
			"from": [4.85, 1.5, 5.85],
			"to": [6, 2.5, 6],
			"rotation": {"angle": 0, "axis": "y", "origin": [-4.15, -1.5, -2.15]},
			"faces": {
				"north": {"uv": [5.75, 9, 6, 9.5], "texture": "#3"},
				"east": {"uv": [4.75, 11.5, 5, 12], "texture": "#3"},
				"south": {"uv": [5.75, 9.5, 6, 10], "texture": "#3"},
				"west": {"uv": [5, 11.5, 5.25, 12], "texture": "#3"},
				"up": {"uv": [6, 10.5, 5.75, 10], "texture": "#3"},
				"down": {"uv": [5.5, 11.5, 5.25, 12], "texture": "#3"}
			}
		},
		{
			"from": [11.15, 5.1995, 7.5],
			"to": [12.15, 5.1995, 8.5],
			"rotation": {"angle": 0, "axis": "y", "origin": [-0.15, 2.6995, 3.5]},
			"faces": {
				"north": {"uv": [0, 0, 0.25, 0], "texture": "#3"},
				"east": {"uv": [0, 0, 0.25, 0], "texture": "#3"},
				"south": {"uv": [0, 0, 0.25, 0], "texture": "#3"},
				"west": {"uv": [0, 0, 0.25, 0], "texture": "#3"},
				"up": {"uv": [6, 11, 5.75, 10.5], "texture": "#3"},
				"down": {"uv": [5.75, 11.5, 5.5, 12], "texture": "#3"}
			}
		},
		{
			"from": [11.15, 2.1995, 7.5],
			"to": [12.15, 2.1995, 8.5],
			"rotation": {"angle": 0, "axis": "y", "origin": [-0.15, 2.6995, 3.5]},
			"faces": {
				"north": {"uv": [0, 0, 0.25, 0], "texture": "#3"},
				"east": {"uv": [0, 0, 0.25, 0], "texture": "#3"},
				"south": {"uv": [0, 0, 0.25, 0], "texture": "#3"},
				"west": {"uv": [0, 0, 0.25, 0], "texture": "#3"},
				"up": {"uv": [6, 11.5, 5.75, 11], "texture": "#3"},
				"down": {"uv": [6, 11.5, 5.75, 12], "texture": "#3"}
			}
		},
		{
			"from": [12.15, 2.1995, 7.5],
			"to": [12.7, 5.1995, 8.5],
			"rotation": {"angle": 0, "axis": "y", "origin": [-0.15, 2.6995, 3.5]},
			"faces": {
				"north": {"uv": [5, 3.5, 5.25, 5], "texture": "#3"},
				"east": {"uv": [5, 5, 5.25, 6.5], "texture": "#3"},
				"south": {"uv": [2.75, 10, 3, 11.5], "texture": "#3"},
				"west": {"uv": [3.5, 10, 3.75, 11.5], "texture": "#3"},
				"up": {"uv": [0.25, 12.5, 0, 12], "texture": "#3"},
				"down": {"uv": [6.25, 0, 6, 0.5], "texture": "#3"}
			}
		},
		{
			"from": [5, 0.5, 6],
			"to": [6, 6.5, 10],
			"rotation": {"angle": 0, "axis": "y", "origin": [-4.5, 0.5, 2]},
			"faces": {
				"north": {"uv": [15.08333, 6.08333, 15.41667, 10.89583], "texture": "#3"},
				"east": {"uv": [8, 0, 9, 3], "texture": "#3"},
				"south": {"uv": [16, 2.6875, 15.48958, 8.5], "texture": "#3"},
				"west": {"uv": [14, 2.625, 16, 8.60417], "texture": "#3"},
				"up": {"uv": [15.25, 16, 15, 12], "texture": "#3"},
				"down": {"uv": [8.76042, 10, 8.51042, 14], "texture": "#3"}
			}
		},
		{
			"from": [6, 0.5, 10],
			"to": [10, 6.5, 11],
			"rotation": {"angle": 0, "axis": "y", "origin": [0.5, 0.5, 2.5]},
			"faces": {
				"north": {"uv": [8, 3, 9, 6], "texture": "#3"},
				"east": {"uv": [14.69792, 3.02083, 14.94792, 9], "texture": "#3"},
				"south": {"uv": [12.97333, 2.9975, 15.01458, 9.0025], "texture": "#3"},
				"west": {"uv": [11, 5, 11.25, 8], "texture": "#3"},
				"up": {"uv": [14.48542, 12.75625, 12.49583, 12.06875], "texture": "#3"},
				"down": {"uv": [13, 2.5, 12, 3], "texture": "#3"}
			}
		},
		{
			"from": [6, 0.5, 5],
			"to": [10, 6.5, 6],
			"rotation": {"angle": 0, "axis": "y", "origin": [0.5, 0.5, 2]},
			"faces": {
				"north": {"uv": [10, 0, 12.01042, 6], "texture": "#3"},
				"east": {"uv": [10.75, 6, 11, 9], "texture": "#3"},
				"south": {"uv": [9.98958, 5.97917, 11.98958, 8.97917], "texture": "#3"},
				"west": {"uv": [11.25, 5, 11.5, 8], "texture": "#3"},
				"up": {"uv": [16, 13.91667, 14, 13.33333], "texture": "#3"},
				"down": {"uv": [13, 3.5, 12, 4], "texture": "#3"}
			}
		},
		{
			"from": [10, 0.5, 6],
			"to": [11, 6.5, 10],
			"rotation": {"angle": 0, "axis": "y", "origin": [0.5, 0.5, 2]},
			"faces": {
				"north": {"uv": [11.5, 5, 11.75, 8], "texture": "#3"},
				"east": {"uv": [13.98958, 0, 16, 6.95833], "texture": "#3"},
				"south": {"uv": [12.08333, 6, 12.33333, 12.95833], "texture": "#3"},
				"west": {"uv": [11, 0, 12, 3], "texture": "#3"},
				"up": {"uv": [14.92708, 15, 14.67708, 11.04167], "texture": "#3"},
				"down": {"uv": [8.78125, 12.375, 8.53125, 14.375], "texture": "#3"}
			}
		},
		{
			"from": [6, 0, 6],
			"to": [10, 1, 10],
			"rotation": {"angle": 0, "axis": "y", "origin": [-0.5, 1, 2]},
			"faces": {
				"north": {"uv": [15, 3.49375, 16, 3.99375], "texture": "#3"},
				"east": {"uv": [15, 3.99375, 16, 4.49375], "texture": "#3"},
				"south": {"uv": [15, 4.49375, 16, 4.99375], "texture": "#3"},
				"west": {"uv": [15, 4.99375, 16, 5.49375], "texture": "#3"},
				"up": {"uv": [10, 8, 9, 6], "texture": "#3"},
				"down": {"uv": [15.02083, 6.02083, 13, 10], "texture": "#3"}
			}
		}
	],
	"display": {
		"thirdperson_righthand": {
			"rotation": [0, -90, 0],
			"translation": [0, 2.75, -2.75],
			"scale": [0.85, 0.85, 0.85]
		},
		"thirdperson_lefthand": {
			"rotation": [0, 90, 0],
			"translation": [0, 2.75, -3],
			"scale": [0.85, 0.85, 0.85]
		},
		"firstperson_righthand": {
			"rotation": [0, -90, 0],
			"translation": [1.25, 5, 0]
		},
		"firstperson_lefthand": {
			"rotation": [0, 90, 0],
			"translation": [0.75, 5, 0]
		},
		"ground": {
			"translation": [0, 6.25, 0],
			"scale": [1.2, 1.2, 1.2]
		},
		"gui": {
			"rotation": [0, -15, 0],
			"translation": [0, 5, 0],
			"scale": [1.3, 1.3, 1.3]
		},
		"head": {
			"translation": [0, 15.75, 0],
			"scale": [1.2, 1.2, 1.2]
		},
		"fixed": {
			"rotation": [-90, 0, 0],
			"translation": [0, 0, -11.75],
			"scale": [1.75, 1.6, 1.6]
		}
	},
	"groups": [
		{
			"name": "group",
			"origin": [0, 0, 2],
			"color": 0,
			"children": [
				{
					"name": "1texture",
					"origin": [8, 8, 8],
					"color": 0,
					"children": [
						0,
						{
							"name": "bone4",
							"origin": [-4.65, 1, -2.15],
							"color": 0,
							"children": [
								{
									"name": "bone3",
									"origin": [-4.65, 1, -2.15],
									"color": 0,
									"children": [1, 2, 3, 4, 5, 6, 7, 8, 9, 10, 11, 12]
								},
								{
									"name": "bone",
									"origin": [-4.65, -2, -2.15],
									"color": 0,
									"children": [13, 14, 15, 16, 17, 18, 19, 20, 21, 22, 23, 24]
								}
							]
						},
						{
							"name": "bone5",
							"origin": [-0.65, 2.1995, 3.5],
							"color": 0,
							"children": [25, 26, 27]
						}
					]
				},
				{
					"name": "1223Безымянный",
					"origin": [0, 0, 2],
					"color": 0,
					"children": [
						{
							"name": "bone2",
							"origin": [0, 0, 2],
							"color": 0,
							"children": [28, 29, 30, 31, 32]
						}
					]
				}
			]
		}
	]
}