{
	"credit": "Made with Blockbench",
	"textures": {
		"0": "block/macaronplate2pink"
	},
	"elements": [
		{
			"name": "plate",
			"from": [5, 0, 5],
			"to": [11, 1, 11],
			"faces": {
				"north": {"uv": [4.032, 12.032, 6.968, 12.5], "texture": "#0"},
				"east": {"uv": [10.032, 12.032, 12.968, 12.5], "texture": "#0"},
				"south": {"uv": [13.032, 12.032, 15.968, 12.5], "texture": "#0"},
				"west": {"uv": [7.032, 12.032, 9.968, 12.5], "texture": "#0"},
				"up": {"uv": [9.968, 11.968, 7.032, 9.032], "texture": "#0"},
				"down": {"uv": [12.968, 9.032, 10.032, 11.968], "texture": "#0"}
			}
		},
		{
			"name": "plate",
			"from": [11, 0.4, 5],
			"to": [13, 1.4, 11],
			"faces": {
				"north": {"uv": [11.032, 8.5, 11.968, 8.968], "texture": "#0"},
				"east": {"uv": [8.032, 8.5, 10.968, 8.968], "texture": "#0"},
				"south": {"uv": [15.032, 8.5, 15.968, 8.968], "texture": "#0"},
				"west": {"uv": [12.032, 8.5, 14.968, 8.968], "texture": "#0"},
				"up": {"uv": [10.968, 8.5, 10.032, 5.5], "texture": "#0"},
				"down": {"uv": [11.968, 5.5, 11.032, 8.5], "texture": "#0"}
			}
		},
		{
			"name": "plate",
			"from": [3, 0.4, 5],
			"to": [5, 1.4, 11],
			"faces": {
				"north": {"uv": [11.032, 8.5, 11.968, 8.968], "texture": "#0"},
				"east": {"uv": [8.032, 8.5, 10.968, 8.968], "texture": "#0"},
				"south": {"uv": [15.032, 8.5, 15.968, 8.968], "texture": "#0"},
				"west": {"uv": [12.032, 8.5, 14.968, 8.968], "texture": "#0"},
				"up": {"uv": [10.968, 8.5, 10.032, 5.5], "texture": "#0"},
				"down": {"uv": [11.968, 5.5, 11.032, 8.5], "texture": "#0"}
			}
		},
		{
			"name": "plate",
			"from": [3, 0.4, 11],
			"to": [13, 1.4, 13],
			"faces": {
				"north": {"uv": [5.032, 14.032, 9.968, 14.5], "texture": "#0"},
				"east": {"uv": [4.032, 14.032, 4.968, 14.5], "texture": "#0"},
				"south": {"uv": [11.032, 14.032, 15.968, 14.5], "texture": "#0"},
				"west": {"uv": [10.032, 14.032, 10.968, 14.5], "texture": "#0"},
				"up": {"uv": [9.968, 13.968, 5.032, 13.032], "texture": "#0"},
				"down": {"uv": [14.968, 13.032, 10.032, 13.968], "texture": "#0"}
			}
		},
		{
			"name": "plate",
			"from": [3, 0.4, 3],
			"to": [13, 1.4, 5],
			"faces": {
				"north": {"uv": [5.032, 14.032, 9.968, 14.5], "texture": "#0"},
				"east": {"uv": [4.032, 14.032, 4.968, 14.5], "texture": "#0"},
				"south": {"uv": [11.032, 14.032, 15.968, 14.5], "texture": "#0"},
				"west": {"uv": [10.032, 14.032, 10.968, 14.5], "texture": "#0"},
				"up": {"uv": [9.968, 13.968, 5.032, 13.032], "texture": "#0"},
				"down": {"uv": [14.968, 13.032, 10.032, 13.968], "texture": "#0"}
			}
		},
		{
			"name": "macaron2",
			"from": [8.50968, 1.6, 6.11091],
			"to": [10.50968, 2, 8.11091],
			"rotation": {"angle": 22.5, "axis": "y", "origin": [9.50968, 1.76, 7.46091]},
			"faces": {
				"north": {"uv": [7.968, 1.032, 6.032, 2.968], "texture": "#0"},
				"east": {"uv": [7.968, 1.032, 6.032, 2.968], "texture": "#0"},
				"south": {"uv": [7.968, 1.032, 6.032, 2.968], "texture": "#0"},
				"west": {"uv": [7.968, 1.032, 6.032, 2.968], "texture": "#0"},
				"up": {"uv": [7.968, 1.032, 6.032, 2.968], "texture": "#0"},
				"down": {"uv": [7.968, 1.032, 6.032, 2.968], "texture": "#0"}
			}
		},
		{
			"name": "macarontop6",
			"from": [8.40968, 1.9, 6.01091],
			"to": [10.60968, 2.2, 8.21091],
			"rotation": {"angle": 22.5, "axis": "y", "origin": [9.50968, 1.76, 7.46091]},
			"faces": {
				"north": {"uv": [8.032, 2.032, 9.968, 2.968], "texture": "#0"},
				"east": {"uv": [9.968, 3.032, 8.032, 3.968], "texture": "#0"},
				"south": {"uv": [4.032, 8.032, 5.968, 8.968], "texture": "#0"},
				"west": {"uv": [9.968, 1.032, 8.032, 1.968], "texture": "#0"},
				"up": {"uv": [3.968, 1.968, 2.032, 0.032], "texture": "#0"},
				"down": {"uv": [3.968, 1.968, 2.032, 0.032], "texture": "#0"}
			}
		},
		{
			"name": "macarontop6",
			"from": [8.50968, 2.1, 6.11091],
			"to": [10.50968, 2.5, 8.11091],
			"rotation": {"angle": 22.5, "axis": "y", "origin": [9.50968, 1.76, 7.46091]},
			"faces": {
				"north": {"uv": [8.032, 2.032, 9.968, 2.968], "texture": "#0"},
				"east": {"uv": [4.032, 8.032, 5.968, 8.968], "texture": "#0"},
				"south": {"uv": [8.032, 2.032, 9.968, 2.968], "texture": "#0"},
				"west": {"uv": [8.032, 2.032, 9.968, 2.968], "texture": "#0"},
				"up": {"uv": [3.968, 1.968, 2.032, 0.032], "texture": "#0"},
				"down": {"uv": [5.968, 0.032, 4.032, 1.968], "texture": "#0"}
			}
		},
		{
			"name": "macaronbottom6",
			"from": [8.40968, 1.3, 6.01091],
			"to": [10.60968, 1.6, 8.21091],
			"rotation": {"angle": 22.5, "axis": "y", "origin": [9.50968, 1.76, 7.46091]},
			"faces": {
				"north": {"uv": [3.032, 8.032, 4.968, 8.968], "texture": "#0"},
				"east": {"uv": [4.032, 8.032, 5.968, 8.968], "texture": "#0"},
				"south": {"uv": [5.032, 6.032, 6.968, 6.968], "texture": "#0"},
				"west": {"uv": [6.032, 4.032, 7.968, 4.968], "texture": "#0"},
				"up": {"uv": [3.968, 1.968, 2.032, 0.032], "texture": "#0"},
				"down": {"uv": [3.968, 1.968, 2.032, 0.032], "texture": "#0"}
			}
		},
		{
			"name": "macaronbottom6",
			"from": [8.50968, 1, 6.11091],
			"to": [10.50968, 1.4, 8.11091],
			"rotation": {"angle": 22.5, "axis": "y", "origin": [9.50968, 1.76, 7.46091]},
			"faces": {
				"north": {"uv": [3.032, 7.032, 4.968, 7.968], "texture": "#0"},
				"east": {"uv": [6.032, 3.032, 7.968, 3.968], "texture": "#0"},
				"south": {"uv": [4.032, 8.032, 5.968, 8.968], "texture": "#0"},
				"west": {"uv": [8.032, 1.032, 9.968, 1.968], "texture": "#0"},
				"up": {"uv": [3.968, 1.968, 2.032, 0.032], "texture": "#0"},
				"down": {"uv": [3.968, 1.968, 2.032, 0.032], "texture": "#0"}
			}
		},
		{
			"name": "macaron3",
			"from": [7.48876, 1.17414, 8.4762],
			"to": [9.48876, 3.17414, 8.8762],
			"rotation": {"angle": 45, "axis": "y", "origin": [9.88876, 2.17414, 8.0862]},
			"faces": {
				"north": {"uv": [7.968, 1.032, 6.032, 2.968], "rotation": 180, "texture": "#0"},
				"east": {"uv": [7.968, 1.032, 6.032, 2.968], "rotation": 270, "texture": "#0"},
				"south": {"uv": [7.968, 1.032, 6.032, 2.968], "texture": "#0"},
				"west": {"uv": [7.968, 1.032, 6.032, 2.968], "rotation": 90, "texture": "#0"},
				"up": {"uv": [7.968, 1.032, 6.032, 2.968], "rotation": 180, "texture": "#0"},
				"down": {"uv": [7.968, 1.032, 6.032, 2.968], "texture": "#0"}
			}
		},
		{
			"name": "macarontop5",
			"from": [7.38876, 1.07414, 8.7762],
			"to": [9.58876, 3.27414, 9.0762],
			"rotation": {"angle": 45, "axis": "y", "origin": [9.88876, 2.17414, 8.0862]},
			"faces": {
				"north": {"uv": [3.968, 1.968, 2.032, 0.032], "rotation": 180, "texture": "#0"},
				"east": {"uv": [9.968, 3.032, 8.032, 3.968], "rotation": 270, "texture": "#0"},
				"south": {"uv": [3.968, 1.968, 2.032, 0.032], "texture": "#0"},
				"west": {"uv": [9.968, 1.032, 8.032, 1.968], "rotation": 90, "texture": "#0"},
				"up": {"uv": [8.032, 2.032, 9.968, 2.968], "rotation": 180, "texture": "#0"},
				"down": {"uv": [4.032, 8.032, 5.968, 8.968], "texture": "#0"}
			}
		},
		{
			"name": "macarontop5",
			"from": [7.48876, 1.17414, 8.9762],
			"to": [9.48876, 3.17414, 9.3762],
			"rotation": {"angle": 45, "axis": "y", "origin": [9.88876, 2.17414, 8.0862]},
			"faces": {
				"north": {"uv": [5.968, 0.032, 4.032, 1.968], "rotation": 180, "texture": "#0"},
				"east": {"uv": [4.032, 8.032, 5.968, 8.968], "rotation": 270, "texture": "#0"},
				"south": {"uv": [3.968, 1.968, 2.032, 0.032], "texture": "#0"},
				"west": {"uv": [8.032, 2.032, 9.968, 2.968], "rotation": 90, "texture": "#0"},
				"up": {"uv": [8.032, 2.032, 9.968, 2.968], "rotation": 180, "texture": "#0"},
				"down": {"uv": [8.032, 2.032, 9.968, 2.968], "texture": "#0"}
			}
		},
		{
			"name": "macaronbottom5",
			"from": [7.38876, 1.07414, 8.1762],
			"to": [9.58876, 3.27414, 8.4762],
			"rotation": {"angle": 45, "axis": "y", "origin": [9.88876, 2.17414, 8.0862]},
			"faces": {
				"north": {"uv": [3.968, 1.968, 2.032, 0.032], "rotation": 180, "texture": "#0"},
				"east": {"uv": [4.032, 8.032, 5.968, 8.968], "rotation": 270, "texture": "#0"},
				"south": {"uv": [3.968, 1.968, 2.032, 0.032], "texture": "#0"},
				"west": {"uv": [6.032, 4.032, 7.968, 4.968], "rotation": 90, "texture": "#0"},
				"up": {"uv": [3.032, 8.032, 4.968, 8.968], "rotation": 180, "texture": "#0"},
				"down": {"uv": [5.032, 6.032, 6.968, 6.968], "texture": "#0"}
			}
		},
		{
			"name": "macaronbottom5",
			"from": [7.48876, 1.17414, 7.8762],
			"to": [9.48876, 3.17414, 8.2762],
			"rotation": {"angle": 45, "axis": "y", "origin": [9.88876, 2.17414, 8.0862]},
			"faces": {
				"north": {"uv": [3.968, 1.968, 2.032, 0.032], "rotation": 180, "texture": "#0"},
				"east": {"uv": [6.032, 3.032, 7.968, 3.968], "rotation": 270, "texture": "#0"},
				"south": {"uv": [3.968, 1.968, 2.032, 0.032], "texture": "#0"},
				"west": {"uv": [8.032, 1.032, 9.968, 1.968], "rotation": 90, "texture": "#0"},
				"up": {"uv": [3.032, 7.032, 4.968, 7.968], "rotation": 180, "texture": "#0"},
				"down": {"uv": [4.032, 8.032, 5.968, 8.968], "texture": "#0"}
			}
		},
		{
			"name": "macaron",
			"from": [5.12617, 1.6, 7.8382],
			"to": [7.12617, 2, 9.8382],
			"rotation": {"angle": 45, "axis": "y", "origin": [6.62617, 1.76, 7.9882]},
			"faces": {
				"north": {"uv": [7.968, 1.032, 6.032, 2.968], "texture": "#0"},
				"east": {"uv": [7.968, 1.032, 6.032, 2.968], "texture": "#0"},
				"south": {"uv": [7.968, 1.032, 6.032, 2.968], "texture": "#0"},
				"west": {"uv": [7.968, 1.032, 6.032, 2.968], "texture": "#0"},
				"up": {"uv": [7.968, 1.032, 6.032, 2.968], "texture": "#0"},
				"down": {"uv": [7.968, 1.032, 6.032, 2.968], "texture": "#0"}
			}
		},
		{
			"name": "macarontop3",
			"from": [5.02617, 1.9, 7.7382],
			"to": [7.22617, 2.2, 9.9382],
			"rotation": {"angle": 45, "axis": "y", "origin": [6.62617, 1.76, 7.9882]},
			"faces": {
				"north": {"uv": [8.032, 2.032, 9.968, 2.968], "texture": "#0"},
				"east": {"uv": [9.968, 3.032, 8.032, 3.968], "texture": "#0"},
				"south": {"uv": [4.032, 8.032, 5.968, 8.968], "texture": "#0"},
				"west": {"uv": [9.968, 1.032, 8.032, 1.968], "texture": "#0"},
				"up": {"uv": [3.968, 1.968, 2.032, 0.032], "texture": "#0"},
				"down": {"uv": [3.968, 1.968, 2.032, 0.032], "texture": "#0"}
			}
		},
		{
			"name": "macarontop3",
			"from": [5.12617, 2.1, 7.8382],
			"to": [7.12617, 2.5, 9.8382],
			"rotation": {"angle": 45, "axis": "y", "origin": [6.62617, 1.76, 7.9882]},
			"faces": {
				"north": {"uv": [8.032, 2.032, 9.968, 2.968], "texture": "#0"},
				"east": {"uv": [4.032, 8.032, 5.968, 8.968], "texture": "#0"},
				"south": {"uv": [8.032, 2.032, 9.968, 2.968], "texture": "#0"},
				"west": {"uv": [8.032, 2.032, 9.968, 2.968], "texture": "#0"},
				"up": {"uv": [3.968, 1.968, 2.032, 0.032], "texture": "#0"},
				"down": {"uv": [5.968, 0.032, 4.032, 1.968], "texture": "#0"}
			}
		},
		{
			"name": "macaronbottom3",
			"from": [5.02617, 1.3, 7.7382],
			"to": [7.22617, 1.6, 9.9382],
			"rotation": {"angle": 45, "axis": "y", "origin": [6.62617, 1.76, 7.9882]},
			"faces": {
				"north": {"uv": [3.032, 8.032, 4.968, 8.968], "texture": "#0"},
				"east": {"uv": [4.032, 8.032, 5.968, 8.968], "texture": "#0"},
				"south": {"uv": [5.032, 6.032, 6.968, 6.968], "texture": "#0"},
				"west": {"uv": [6.032, 4.032, 7.968, 4.968], "texture": "#0"},
				"up": {"uv": [3.968, 1.968, 2.032, 0.032], "texture": "#0"},
				"down": {"uv": [3.968, 1.968, 2.032, 0.032], "texture": "#0"}
			}
		},
		{
			"name": "macaronbottom3",
			"from": [5.12617, 1, 7.8382],
			"to": [7.12617, 1.4, 9.8382],
			"rotation": {"angle": 45, "axis": "y", "origin": [6.62617, 1.76, 7.9882]},
			"faces": {
				"north": {"uv": [3.032, 7.032, 4.968, 7.968], "texture": "#0"},
				"east": {"uv": [6.032, 3.032, 7.968, 3.968], "texture": "#0"},
				"south": {"uv": [4.032, 8.032, 5.968, 8.968], "texture": "#0"},
				"west": {"uv": [8.032, 1.032, 9.968, 1.968], "texture": "#0"},
				"up": {"uv": [3.968, 1.968, 2.032, 0.032], "texture": "#0"},
				"down": {"uv": [3.968, 1.968, 2.032, 0.032], "texture": "#0"}
			}
		},
		{
			"name": "macaron4",
			"from": [5.74538, 2.24684, 5.53042],
			"to": [7.74538, 2.64684, 7.53042],
			"rotation": {"angle": -45, "axis": "x", "origin": [6.84538, 2.30684, 6.53042]},
			"faces": {
				"north": {"uv": [7.968, 1.032, 6.032, 2.968], "texture": "#0"},
				"east": {"uv": [7.968, 1.032, 6.032, 2.968], "texture": "#0"},
				"south": {"uv": [7.968, 1.032, 6.032, 2.968], "texture": "#0"},
				"west": {"uv": [7.968, 1.032, 6.032, 2.968], "texture": "#0"},
				"up": {"uv": [7.968, 1.032, 6.032, 2.968], "texture": "#0"},
				"down": {"uv": [7.968, 1.032, 6.032, 2.968], "texture": "#0"}
			}
		},
		{
			"name": "macarontop2",
			"from": [5.64538, 2.54684, 5.43042],
			"to": [7.84538, 2.84684, 7.63042],
			"rotation": {"angle": -45, "axis": "x", "origin": [6.84538, 2.30684, 6.53042]},
			"faces": {
				"north": {"uv": [8.032, 2.032, 9.968, 2.968], "texture": "#0"},
				"east": {"uv": [9.968, 3.032, 8.032, 3.968], "texture": "#0"},
				"south": {"uv": [4.032, 8.032, 5.968, 8.968], "texture": "#0"},
				"west": {"uv": [9.968, 1.032, 8.032, 1.968], "texture": "#0"},
				"up": {"uv": [3.968, 1.968, 2.032, 0.032], "texture": "#0"},
				"down": {"uv": [3.968, 1.968, 2.032, 0.032], "texture": "#0"}
			}
		},
		{
			"name": "macarontop2",
			"from": [5.74538, 2.74684, 5.53042],
			"to": [7.74538, 3.14684, 7.53042],
			"rotation": {"angle": -45, "axis": "x", "origin": [6.84538, 2.30684, 6.53042]},
			"faces": {
				"north": {"uv": [8.032, 2.032, 9.968, 2.968], "texture": "#0"},
				"east": {"uv": [4.032, 8.032, 5.968, 8.968], "texture": "#0"},
				"south": {"uv": [8.032, 2.032, 9.968, 2.968], "texture": "#0"},
				"west": {"uv": [8.032, 2.032, 9.968, 2.968], "texture": "#0"},
				"up": {"uv": [3.968, 1.968, 2.032, 0.032], "texture": "#0"},
				"down": {"uv": [5.968, 0.032, 4.032, 1.968], "texture": "#0"}
			}
		},
		{
			"name": "macaronbottom2",
			"from": [5.64538, 1.94684, 5.43042],
			"to": [7.84538, 2.24684, 7.63042],
			"rotation": {"angle": -45, "axis": "x", "origin": [6.84538, 2.30684, 6.53042]},
			"faces": {
				"north": {"uv": [3.032, 8.032, 4.968, 8.968], "texture": "#0"},
				"east": {"uv": [4.032, 8.032, 5.968, 8.968], "texture": "#0"},
				"south": {"uv": [5.032, 6.032, 6.968, 6.968], "texture": "#0"},
				"west": {"uv": [6.032, 4.032, 7.968, 4.968], "texture": "#0"},
				"up": {"uv": [3.968, 1.968, 2.032, 0.032], "texture": "#0"},
				"down": {"uv": [3.968, 1.968, 2.032, 0.032], "texture": "#0"}
			}
		},
		{
			"name": "macaronbottom2",
			"from": [5.74538, 1.64684, 5.53042],
			"to": [7.74538, 2.04684, 7.53042],
			"rotation": {"angle": -45, "axis": "x", "origin": [6.84538, 2.30684, 6.53042]},
			"faces": {
				"north": {"uv": [3.032, 7.032, 4.968, 7.968], "texture": "#0"},
				"east": {"uv": [6.032, 3.032, 7.968, 3.968], "texture": "#0"},
				"south": {"uv": [4.032, 8.032, 5.968, 8.968], "texture": "#0"},
				"west": {"uv": [8.032, 1.032, 9.968, 1.968], "texture": "#0"},
				"up": {"uv": [3.968, 1.968, 2.032, 0.032], "texture": "#0"},
				"down": {"uv": [3.968, 1.968, 2.032, 0.032], "texture": "#0"}
			}
		}
	],
	"display": {
		"thirdperson_righthand": {
			"rotation": [70, 0, 0],
			"translation": [-6, 5.25, 6.25]
		},
		"firstperson_righthand": {
			"translation": [-9.5, 5.5, 0]
		},
		"ground": {
			"translation": [0, 4, 0]
		},
		"gui": {
			"rotation": [24, 24, 0],
			"translation": [0, 5, 0]
		},
		"fixed": {
			"rotation": [-90, 0, 0],
			"translation": [0, 0, -15],
			"scale": [2, 2, 2]
		}
	},
	"groups": [
		{
			"name": "macaronplate2",
			"origin": [0, 0, 0],
			"color": 0,
			"children": [
				{
					"name": "plate",
					"origin": [0, 0, 0],
					"color": 1,
					"children": [0, 1, 2, 3, 4]
				}
			]
		},
		{
			"name": "bone",
			"origin": [0, 0, 0],
			"color": 2,
			"children": [
				{
					"name": "macaron2",
					"origin": [0, 0, 0],
					"color": 3,
					"children": [
						5,
						{
							"name": "macarontop6",
							"origin": [0, 1.5, 0],
							"color": 4,
							"children": [6, 7]
						},
						{
							"name": "macaronbottom6",
							"origin": [0, 0, 0],
							"color": 5,
							"children": [8, 9]
						}
					]
				},
				{
					"name": "macaron3",
					"origin": [1.48876, 1.8, -3.32184],
					"color": 6,
					"children": [
						10,
						{
							"name": "macarontop5",
							"origin": [-0.29676, 5.29786, -1.5498],
							"color": 7,
							"children": [11, 12]
						},
						{
							"name": "macaronbottom5",
							"origin": [-0.29676, 3.79786, -1.5498],
							"color": 8,
							"children": [13, 14]
						}
					]
				},
				{
					"name": "macaron",
					"origin": [0, 0, 0],
					"color": 9,
					"children": [
						15,
						{
							"name": "macarontop3",
							"origin": [0, 1.5, 0],
							"color": 0,
							"children": [16, 17]
						},
						{
							"name": "macaronbottom3",
							"origin": [0, 0, 0],
							"color": 1,
							"children": [18, 19]
						}
					]
				},
				{
					"name": "macaron4",
					"origin": [-1.20625, 2.27398, -1.31623],
					"color": 2,
					"children": [
						20,
						{
							"name": "macarontop2",
							"origin": [-2.15745, 3.15579, -2.56348],
							"color": 3,
							"children": [21, 22]
						},
						{
							"name": "macaronbottom2",
							"origin": [-2.15745, 1.65579, -2.56348],
							"color": 4,
							"children": [23, 24]
						}
					]
				}
			]
		}
	]
}