{
	"credit": "Made with Blockbench",
	"textures": {
		"0": "block/creammuffin1"
	},
	"elements": [
		{
			"name": "bone",
			"from": [3.5, 0, 4.5],
			"to": [6.5, 1.25, 7.5],
			"rotation": {"angle": 22.5, "axis": "y", "origin": [5.9375, 2.20625, 6]},
			"faces": {
				"north": {"uv": [7.032, 11.032, 9.968, 12.968], "texture": "#0"},
				"east": {"uv": [10.032, 11.032, 12.968, 12.968], "texture": "#0"},
				"south": {"uv": [0.032, 12.032, 2.968, 13.968], "texture": "#0"},
				"west": {"uv": [12.032, 8.032, 14.968, 9.968], "texture": "#0"},
				"up": {"uv": [6.968, 2.968, 4.032, 0.032], "texture": "#0"},
				"down": {"uv": [6.968, 3.032, 4.032, 5.968], "texture": "#0"}
			}
		},
		{
			"name": "bone",
			"from": [3.2, 1.25, 4.2],
			"to": [6.8, 3.25, 7.8],
			"rotation": {"angle": 22.5, "axis": "y", "origin": [5.9375, 2.20625, 6]},
			"faces": {
				"north": {"uv": [7.032, 3.032, 10.968, 4.968], "texture": "#0"},
				"east": {"uv": [7.032, 5.032, 10.968, 6.968], "texture": "#0"},
				"south": {"uv": [7.032, 7.032, 10.968, 8.968], "texture": "#0"},
				"west": {"uv": [0.032, 8.032, 3.968, 9.968], "texture": "#0"},
				"up": {"uv": [3.968, 3.968, 0.032, 0.032], "texture": "#0"},
				"down": {"uv": [3.936, 4.032, 0.06, 7.968], "texture": "#0"}
			}
		},
		{
			"name": "bone",
			"from": [3.5, 1.8, 4.5],
			"to": [6.5, 3.8, 7.5],
			"rotation": {"angle": 22.5, "axis": "y", "origin": [5.9375, 2.20625, 6]},
			"faces": {
				"north": {"uv": [4.032, 9.032, 6.968, 10.968], "texture": "#0"},
				"east": {"uv": [7.032, 9.032, 9.968, 10.968], "texture": "#0"},
				"south": {"uv": [0.032, 10.032, 2.968, 11.968], "texture": "#0"},
				"west": {"uv": [10.032, 0.032, 12.968, 1.968], "texture": "#0"},
				"up": {"uv": [6.968, 8.968, 4.032, 6.032], "texture": "#0"},
				"down": {"uv": [9.968, 0.032, 7.032, 2.968], "texture": "#0"}
			}
		},
		{
			"name": "bone",
			"from": [3.75, 2.15, 5],
			"to": [5.75, 4.15, 7],
			"rotation": {"angle": 22.5, "axis": "y", "origin": [5.9375, 2.20625, 6]},
			"faces": {
				"north": {"uv": [10.032, 9.032, 11.968, 10.968], "texture": "#0"},
				"east": {"uv": [11.032, 2.032, 12.968, 3.968], "texture": "#0"},
				"south": {"uv": [3.032, 11.032, 4.968, 12.968], "texture": "#0"},
				"west": {"uv": [11.032, 4.032, 12.968, 5.968], "texture": "#0"},
				"up": {"uv": [6.968, 12.968, 5.032, 11.032], "texture": "#0"},
				"down": {"uv": [12.968, 6.032, 11.032, 7.968], "texture": "#0"}
			}
		},
		{
			"name": "bone",
			"from": [8.5, 0, 9.5],
			"to": [11.5, 1.25, 12.5],
			"rotation": {"angle": -45, "axis": "y", "origin": [10.9375, 2.20625, 11]},
			"faces": {
				"north": {"uv": [7.032, 11.032, 9.968, 12.968], "texture": "#0"},
				"east": {"uv": [10.032, 11.032, 12.968, 12.968], "texture": "#0"},
				"south": {"uv": [0.032, 12.032, 2.968, 13.968], "texture": "#0"},
				"west": {"uv": [12.032, 8.032, 14.968, 9.968], "texture": "#0"},
				"up": {"uv": [6.968, 2.968, 4.032, 0.032], "texture": "#0"},
				"down": {"uv": [6.968, 3.032, 4.032, 5.968], "texture": "#0"}
			}
		},
		{
			"name": "bone",
			"from": [8.2, 1.25, 9.2],
			"to": [11.8, 3.25, 12.8],
			"rotation": {"angle": -45, "axis": "y", "origin": [10.9375, 2.20625, 11]},
			"faces": {
				"north": {"uv": [7.032, 3.032, 10.968, 4.968], "texture": "#0"},
				"east": {"uv": [7.032, 5.032, 10.968, 6.968], "texture": "#0"},
				"south": {"uv": [7.032, 7.032, 10.968, 8.968], "texture": "#0"},
				"west": {"uv": [0.032, 8.032, 3.968, 9.968], "texture": "#0"},
				"up": {"uv": [3.968, 3.968, 0.032, 0.032], "texture": "#0"},
				"down": {"uv": [3.936, 4.032, 0.06, 7.968], "texture": "#0"}
			}
		},
		{
			"name": "bone",
			"from": [8.5, 1.8, 9.5],
			"to": [11.5, 3.8, 12.5],
			"rotation": {"angle": -45, "axis": "y", "origin": [10.9375, 2.20625, 11]},
			"faces": {
				"north": {"uv": [4.032, 9.032, 6.968, 10.968], "texture": "#0"},
				"east": {"uv": [7.032, 9.032, 9.968, 10.968], "texture": "#0"},
				"south": {"uv": [0.032, 10.032, 2.968, 11.968], "texture": "#0"},
				"west": {"uv": [10.032, 0.032, 12.968, 1.968], "texture": "#0"},
				"up": {"uv": [6.968, 8.968, 4.032, 6.032], "texture": "#0"},
				"down": {"uv": [9.968, 0.032, 7.032, 2.968], "texture": "#0"}
			}
		},
		{
			"name": "bone",
			"from": [8.75, 2.15, 10],
			"to": [10.75, 4.15, 12],
			"rotation": {"angle": -45, "axis": "y", "origin": [10.9375, 2.20625, 11]},
			"faces": {
				"north": {"uv": [10.032, 9.032, 11.968, 10.968], "texture": "#0"},
				"east": {"uv": [11.032, 2.032, 12.968, 3.968], "texture": "#0"},
				"south": {"uv": [3.032, 11.032, 4.968, 12.968], "texture": "#0"},
				"west": {"uv": [11.032, 4.032, 12.968, 5.968], "texture": "#0"},
				"up": {"uv": [6.968, 12.968, 5.032, 11.032], "texture": "#0"},
				"down": {"uv": [12.968, 6.032, 11.032, 7.968], "texture": "#0"}
			}
		}
	],
	"display": {
		"thirdperson_righthand": {
			"rotation": [70.59, 35.75, -1.79],
			"translation": [-5.75, 4.5, 6.5]
		},
		"firstperson_righthand": {
			"rotation": [0, 38.75, 0],
			"translation": [-8.25, 7.5, 1]
		},
		"ground": {
			"translation": [0, 4, 0]
		},
		"gui": {
			"rotation": [24, 24, 0],
			"translation": [0, 4, 0]
		},
		"fixed": {
			"rotation": [-90, 0, 0],
			"translation": [0, 0, -15],
			"scale": [2, 2, 2]
		}
	},
	"groups": [
		{
			"name": "bone",
			"origin": [0, 0, 0],
			"color": 0,
			"children": [0, 1, 2, 3]
		},
		{
			"name": "bone",
			"origin": [0, 0, 0],
			"color": 0,
			"children": [
				4,
				5,
				6,
				7,
				{
					"name": "group",
					"origin": [0, 0, 0],
					"color": 0,
					"children": []
				}
			]
		}
	]
}