{
	"credit": "Made with Blockbench",
	"ambientocclusion": false,
	"textures": {
		"1": "block/bowl1",
		"2": "block/berries",
		"particle": "block/berries"
	},
	"elements": [
		{
			"from": [2.0394, 0.68, 4.84166],
			"to": [6.7994, 2.72, 5.52166],
			"rotation": {"angle": 0, "axis": "y", "origin": [4.46053, 2.11424, 7.94113]},
			"faces": {
				"north": {"uv": [9.06, 0.06, 15.94, 2.94], "texture": "#1"},
				"east": {"uv": [0.06, 0.06, -0.06, -0.06], "texture": "#1"},
				"south": {"uv": [9.06, 0.06, 15.94, 2.94], "texture": "#1"},
				"west": {"uv": [0.06, 0.06, -0.06, -0.06], "texture": "#1"},
				"up": {"uv": [9.06, 2.06, 15.94, 2.94], "texture": "#1"},
				"down": {"uv": [9.06, 2.06, 15.94, 2.94], "rotation": 180, "texture": "#1"}
			}
		},
		{
			"from": [2.0394, 0.68, 10.28166],
			"to": [6.7994, 2.72, 10.96166],
			"rotation": {"angle": 0, "axis": "y", "origin": [4.46053, 2.11424, 7.94113]},
			"faces": {
				"north": {"uv": [9.06, 0.06, 15.94, 2.94], "texture": "#1"},
				"east": {"uv": [0.06, 0.06, -0.06, -0.06], "texture": "#1"},
				"south": {"uv": [9.06, 0.06, 15.94, 2.94], "texture": "#1"},
				"west": {"uv": [0.06, 0.06, -0.06, -0.06], "texture": "#1"},
				"up": {"uv": [9.06, 2.06, 15.94, 2.94], "texture": "#1"},
				"down": {"uv": [9.06, 2.06, 15.94, 2.94], "rotation": 180, "texture": "#1"}
			}
		},
		{
			"from": [6.7994, 0.68, 4.84166],
			"to": [7.4794, 2.72, 10.96166],
			"rotation": {"angle": 0, "axis": "y", "origin": [4.46053, 2.11424, 7.94113]},
			"faces": {
				"north": {"uv": [7.06, 4.06, 7.94, 6.94], "texture": "#1"},
				"east": {"uv": [7.06, 4.06, 15.94, 6.94], "texture": "#1"},
				"south": {"uv": [15.06, 4.06, 15.94, 6.94], "texture": "#1"},
				"west": {"uv": [7.06, 4.06, 15.94, 6.94], "texture": "#1"},
				"up": {"uv": [7.06, 6.06, 15.94, 6.94], "rotation": 270, "texture": "#1"},
				"down": {"uv": [7.06, 6.06, 15.94, 6.94], "rotation": 90, "texture": "#1"}
			}
		},
		{
			"from": [1.3594, 0.68, 4.84166],
			"to": [2.0394, 2.72, 10.96166],
			"rotation": {"angle": 0, "axis": "y", "origin": [4.46053, 2.11424, 7.94113]},
			"faces": {
				"north": {"uv": [15.06, 4.06, 15.94, 6.94], "texture": "#1"},
				"east": {"uv": [7.06, 4.06, 15.94, 6.94], "texture": "#1"},
				"south": {"uv": [7.06, 4.06, 7.94, 6.94], "texture": "#1"},
				"west": {"uv": [7.06, 4.06, 15.94, 6.94], "texture": "#1"},
				"up": {"uv": [7.06, 6.06, 15.94, 6.94], "rotation": 270, "texture": "#1"},
				"down": {"uv": [7.06, 6.06, 15.94, 6.94], "rotation": 90, "texture": "#1"}
			}
		},
		{
			"from": [2.0394, 0, 5.52166],
			"to": [6.7994, 0.68, 10.28166],
			"rotation": {"angle": 0, "axis": "y", "origin": [4.46053, 2.11424, 7.94113]},
			"faces": {
				"north": {"uv": [0.06, 5.06, 5.94, 5.94], "texture": "#1"},
				"east": {"uv": [0.06, 5.06, 5.94, 5.94], "texture": "#1"},
				"south": {"uv": [0.06, 5.06, 5.94, 5.94], "texture": "#1"},
				"west": {"uv": [0.06, 5.06, 5.94, 5.94], "texture": "#1"},
				"up": {"uv": [0.06, 0.06, 5.94, 5.94], "rotation": 270, "texture": "#1"},
				"down": {"uv": [0.06, 0.06, 5.94, 5.94], "rotation": 90, "texture": "#1"}
			}
		},
		{
			"from": [5.1674, 0.41361, 8.68879],
			"to": [6.5274, 1.77361, 10.04879],
			"rotation": {"angle": -45, "axis": "x", "origin": [4.46053, 2.11424, 7.94113]},
			"faces": {
				"north": {"uv": [0.032, 3.032, 1.94, 4.94], "texture": "#2"},
				"east": {"uv": [0.032, 3.032, 1.94, 4.94], "texture": "#2"},
				"south": {"uv": [0.032, 3.032, 1.94, 4.94], "texture": "#2"},
				"west": {"uv": [0.032, 3.032, 1.94, 4.94], "texture": "#2"},
				"up": {"uv": [0.032, 3.032, 1.94, 4.94], "rotation": 270, "texture": "#2"},
				"down": {"uv": [0.032, 3.032, 1.94, 4.94], "rotation": 90, "texture": "#2"}
			}
		},
		{
			"from": [4.8614, 3.5759, 8.79176],
			"to": [6.9014, 4.9359, 8.79176],
			"rotation": {"angle": 45, "axis": "x", "origin": [4.46053, 2.11424, 7.94113]},
			"faces": {
				"north": {"uv": [6.032, 4.968, 8.968, 3.032], "rotation": 180, "texture": "#2"},
				"east": {"uv": [6.032, 0.032, 8.968, 1.968], "rotation": 270, "texture": "#2"},
				"south": {"uv": [6.032, 3.032, 8.968, 4.968], "texture": "#2"},
				"west": {"uv": [6.032, 0.032, 8.968, 1.968], "rotation": 90, "texture": "#2"},
				"up": {"uv": [6.032, 0.032, 8.968, 1.968], "rotation": 180, "texture": "#2"},
				"down": {"uv": [6.032, 0.032, 8.968, 1.968], "texture": "#2"}
			}
		},
		{
			"from": [4.3174, 0.816, 6.98366],
			"to": [5.6774, 2.176, 8.34366],
			"rotation": {"angle": 0, "axis": "y", "origin": [4.46053, 2.11424, 7.94113]},
			"faces": {
				"north": {"uv": [0, 3.032, 1.908, 4.94], "texture": "#2"},
				"east": {"uv": [0, 3.032, 1.908, 4.94], "texture": "#2"},
				"south": {"uv": [0, 3.032, 1.908, 4.94], "texture": "#2"},
				"west": {"uv": [0, 3.032, 1.908, 4.94], "texture": "#2"},
				"up": {"uv": [0, 3.032, 1.908, 4.94], "rotation": 270, "texture": "#2"},
				"down": {"uv": [0, 3.032, 1.908, 4.94], "rotation": 90, "texture": "#2"}
			}
		},
		{
			"from": [4.92694, 1.445, 6.85737],
			"to": [4.92694, 2.805, 8.89737],
			"rotation": {"angle": 22.5, "axis": "y", "origin": [4.46053, 2.11424, 7.94113]},
			"faces": {
				"north": {"uv": [6.032, 3.032, 8.968, 4.968], "rotation": 270, "texture": "#2"},
				"east": {"uv": [6.032, 3.032, 8.968, 4.968], "texture": "#2"},
				"south": {"uv": [6.032, 3.032, 8.968, 4.968], "rotation": 90, "texture": "#2"},
				"west": {"uv": [6.032, 4.968, 8.968, 3.032], "rotation": 180, "texture": "#2"},
				"up": {"uv": [6.032, 3.032, 8.968, 4.968], "rotation": 90, "texture": "#2"},
				"down": {"uv": [6.032, 3.032, 8.968, 4.968], "rotation": 90, "texture": "#2"}
			}
		},
		{
			"from": [2.6174, 0.476, 6.98366],
			"to": [3.9774, 1.836, 8.34366],
			"rotation": {"angle": 0, "axis": "y", "origin": [4.46053, 2.11424, 7.94113]},
			"faces": {
				"north": {"uv": [0, 3.032, 1.908, 4.94], "texture": "#2"},
				"east": {"uv": [0, 3.032, 1.908, 4.94], "texture": "#2"},
				"south": {"uv": [0, 3.032, 1.908, 4.94], "texture": "#2"},
				"west": {"uv": [0, 3.032, 1.908, 4.94], "texture": "#2"},
				"up": {"uv": [0, 3.032, 1.908, 4.94], "rotation": 270, "texture": "#2"},
				"down": {"uv": [0, 3.032, 1.908, 4.94], "rotation": 90, "texture": "#2"}
			}
		},
		{
			"from": [3.27409, 1.615, 7.14908],
			"to": [3.27409, 2.975, 9.18908],
			"rotation": {"angle": -22.5, "axis": "y", "origin": [4.46053, 2.11424, 7.94113]},
			"faces": {
				"north": {"uv": [6.032, 3.032, 8.968, 4.968], "rotation": 270, "texture": "#2"},
				"east": {"uv": [8.968, 3.032, 6.032, 4.968], "texture": "#2"},
				"south": {"uv": [6.032, 3.032, 8.968, 4.968], "rotation": 90, "texture": "#2"},
				"west": {"uv": [8.968, 4.968, 6.032, 3.032], "rotation": 180, "texture": "#2"},
				"up": {"uv": [6.032, 3.032, 8.968, 4.968], "rotation": 90, "texture": "#2"},
				"down": {"uv": [6.032, 3.032, 8.968, 4.968], "rotation": 90, "texture": "#2"}
			}
		},
		{
			"from": [4.95585, 1.836, 8.0124],
			"to": [6.31585, 3.196, 9.3724],
			"rotation": {"angle": 45, "axis": "y", "origin": [4.46053, 2.11424, 7.94113]},
			"faces": {
				"north": {"uv": [0.032, 3.032, 1.94, 4.94], "rotation": 90, "texture": "#2"},
				"east": {"uv": [0.032, 3.032, 1.94, 4.94], "rotation": 90, "texture": "#2"},
				"south": {"uv": [0.032, 3.032, 1.94, 4.94], "rotation": 90, "texture": "#2"},
				"west": {"uv": [0.032, 3.032, 1.94, 4.94], "rotation": 90, "texture": "#2"},
				"up": {"uv": [0.032, 3.032, 1.94, 4.94], "texture": "#2"},
				"down": {"uv": [0.032, 3.032, 1.94, 4.94], "rotation": 180, "texture": "#2"}
			}
		},
		{
			"from": [4.57153, 2.499, 7.21054],
			"to": [6.61153, 3.859, 7.21054],
			"rotation": {"angle": -22.5, "axis": "y", "origin": [4.46053, 2.11424, 7.94113]},
			"faces": {
				"north": {"uv": [6.032, 3.032, 8.968, 4.968], "texture": "#2"},
				"east": {"uv": [6.032, 0.032, 8.968, 1.968], "rotation": 90, "texture": "#2"},
				"south": {"uv": [6.032, 4.968, 8.968, 3.032], "rotation": 180, "texture": "#2"},
				"west": {"uv": [6.032, 0.032, 8.968, 1.968], "rotation": 270, "texture": "#2"},
				"up": {"uv": [6.032, 0.032, 8.968, 1.968], "texture": "#2"},
				"down": {"uv": [6.032, 3.032, 8.968, 4.968], "rotation": 180, "texture": "#2"}
			}
		},
		{
			"from": [4.19876, 1.53603, 5.62366],
			"to": [5.55876, 2.89603, 6.98366],
			"rotation": {"angle": 0, "axis": "y", "origin": [4.46053, 2.11424, 7.94113]},
			"faces": {
				"north": {"uv": [0, 3.032, 1.908, 4.94], "rotation": 180, "texture": "#2"},
				"east": {"uv": [0, 3.032, 1.908, 4.94], "rotation": 180, "texture": "#2"},
				"south": {"uv": [0, 3.032, 1.908, 4.94], "rotation": 180, "texture": "#2"},
				"west": {"uv": [0, 3.032, 1.908, 4.94], "rotation": 180, "texture": "#2"},
				"up": {"uv": [0, 3.032, 1.908, 4.94], "rotation": 90, "texture": "#2"},
				"down": {"uv": [0, 3.032, 1.908, 4.94], "rotation": 270, "texture": "#2"}
			}
		},
		{
			"from": [5.33776, 0.07318, 6.70488],
			"to": [6.69776, 2.11318, 6.70488],
			"rotation": {"angle": 45, "axis": "x", "origin": [4.46053, 2.11424, 7.94113]},
			"faces": {
				"north": {"uv": [6.032, 3.032, 8.968, 4.968], "rotation": 270, "texture": "#2"},
				"east": {"uv": [6.032, 0.032, 8.968, 1.968], "rotation": 90, "texture": "#2"},
				"south": {"uv": [6.032, 4.968, 8.968, 3.032], "rotation": 270, "texture": "#2"},
				"west": {"uv": [6.032, 0.032, 8.968, 1.968], "rotation": 270, "texture": "#2"},
				"up": {"uv": [6.032, 0.032, 8.968, 1.968], "texture": "#2"},
				"down": {"uv": [6.032, 0.032, 8.968, 1.968], "rotation": 180, "texture": "#2"}
			}
		},
		{
			"from": [4.01743, 0.85603, 8.55057],
			"to": [5.37743, 2.21603, 9.91057],
			"rotation": {"angle": 0, "axis": "y", "origin": [4.46053, 2.11424, 7.94113]},
			"faces": {
				"north": {"uv": [0.032, 3.032, 1.94, 4.94], "texture": "#2"},
				"east": {"uv": [0.032, 3.032, 1.94, 4.94], "texture": "#2"},
				"south": {"uv": [0.032, 3.032, 1.94, 4.94], "texture": "#2"},
				"west": {"uv": [0.032, 3.032, 1.94, 4.94], "texture": "#2"},
				"up": {"uv": [0.032, 3.032, 1.94, 4.94], "rotation": 270, "texture": "#2"},
				"down": {"uv": [0.032, 3.032, 1.94, 4.94], "rotation": 90, "texture": "#2"}
			}
		},
		{
			"from": [2.87843, -0.16156, 8.45045],
			"to": [4.23843, 1.87844, 8.45045],
			"rotation": {"angle": -45, "axis": "x", "origin": [4.46053, 2.11424, 7.94113]},
			"faces": {
				"north": {"uv": [6.032, 1.968, 8.968, 0.032], "rotation": 270, "texture": "#2"},
				"east": {"uv": [6.032, 0.032, 8.968, 1.968], "rotation": 270, "texture": "#2"},
				"south": {"uv": [6.032, 3.032, 8.968, 4.968], "rotation": 270, "texture": "#2"},
				"west": {"uv": [6.032, 0.032, 8.968, 1.968], "rotation": 90, "texture": "#2"},
				"up": {"uv": [6.032, 0.032, 8.968, 1.968], "rotation": 180, "texture": "#2"},
				"down": {"uv": [6.032, 0.032, 8.968, 1.968], "texture": "#2"}
			}
		},
		{
			"from": [3.0719, 1.768, 9.11219],
			"to": [4.4319, 3.128, 10.47219],
			"rotation": {"angle": -22.5, "axis": "y", "origin": [4.46053, 2.11424, 7.94113]},
			"faces": {
				"north": {"uv": [0.032, 3.032, 1.94, 4.94], "texture": "#2"},
				"east": {"uv": [0.032, 3.032, 1.94, 4.94], "texture": "#2"},
				"south": {"uv": [0.032, 3.032, 1.94, 4.94], "texture": "#2"},
				"west": {"uv": [0.032, 3.032, 1.94, 4.94], "texture": "#2"},
				"up": {"uv": [0.032, 3.032, 1.94, 4.94], "rotation": 270, "texture": "#2"},
				"down": {"uv": [0.032, 3.032, 1.94, 4.94], "rotation": 90, "texture": "#2"}
			}
		},
		{
			"from": [3.02969, 2.431, 8.61924],
			"to": [3.02969, 3.791, 10.65924],
			"rotation": {"angle": 0, "axis": "y", "origin": [4.46053, 2.11424, 7.94113]},
			"faces": {
				"north": {"uv": [6.032, 0.032, 8.968, 1.968], "rotation": 270, "texture": "#2"},
				"east": {"uv": [6.032, 3.032, 8.968, 4.968], "texture": "#2"},
				"south": {"uv": [6.032, 0.032, 8.968, 1.968], "rotation": 90, "texture": "#2"},
				"west": {"uv": [6.032, 4.968, 8.968, 3.032], "rotation": 180, "texture": "#2"},
				"up": {"uv": [6.032, 0.032, 8.968, 1.968], "rotation": 90, "texture": "#2"},
				"down": {"uv": [6.032, 0.032, 8.968, 1.968], "rotation": 90, "texture": "#2"}
			}
		},
		{
			"from": [2.2094, 1.26985, 5.36679],
			"to": [4.2494, 3.30985, 7.40679],
			"rotation": {"angle": 22.5, "axis": "x", "origin": [4.46053, 2.11424, 7.94113]},
			"faces": {
				"north": {"uv": [0.032, 3.032, 2.94, 5.94], "texture": "#2"},
				"east": {"uv": [0.032, 3.032, 2.94, 5.94], "texture": "#2"},
				"south": {"uv": [0.032, 3.032, 2.94, 5.94], "texture": "#2"},
				"west": {"uv": [0.032, 3.032, 2.94, 5.94], "texture": "#2"},
				"up": {"uv": [0.032, 3.032, 2.94, 5.94], "rotation": 270, "texture": "#2"},
				"down": {"uv": [0.032, 3.032, 2.94, 5.94], "rotation": 90, "texture": "#2"}
			}
		},
		{
			"from": [3.2895, 0.73496, 4.00679],
			"to": [3.2895, 2.77496, 5.36679],
			"rotation": {"angle": 22.5, "axis": "x", "origin": [4.46053, 2.11424, 7.94113]},
			"faces": {
				"north": {"uv": [6.032, 0.032, 8.968, 1.968], "rotation": 270, "texture": "#2"},
				"east": {"uv": [8.968, 3.032, 6.032, 4.968], "rotation": 90, "texture": "#2"},
				"south": {"uv": [6.032, 0.032, 8.968, 1.968], "rotation": 90, "texture": "#2"},
				"west": {"uv": [8.968, 4.968, 6.032, 3.032], "rotation": 90, "texture": "#2"},
				"up": {"uv": [6.032, 0.032, 8.968, 1.968], "rotation": 90, "texture": "#2"},
				"down": {"uv": [6.032, 0.032, 8.968, 1.968], "rotation": 90, "texture": "#2"}
			}
		},
		{
			"from": [13.88, 0.68, 3.72],
			"to": [14.56, 2.72, 8.48],
			"rotation": {"angle": 0, "axis": "y", "origin": [6.06, 0, 0.66]},
			"faces": {
				"north": {"uv": [0.06, 0.06, -0.06, -0.06], "texture": "#1"},
				"east": {"uv": [9.06, 0.06, 15.94, 2.94], "texture": "#1"},
				"south": {"uv": [0.06, 0.06, -0.06, -0.06], "texture": "#1"},
				"west": {"uv": [9.06, 0.06, 15.94, 2.94], "texture": "#1"},
				"up": {"uv": [9.06, 2.06, 15.94, 2.94], "rotation": 90, "texture": "#1"},
				"down": {"uv": [9.06, 2.06, 15.94, 2.94], "rotation": 90, "texture": "#1"}
			}
		},
		{
			"from": [8.44, 0.68, 3.72],
			"to": [9.12, 2.72, 8.48],
			"rotation": {"angle": 0, "axis": "y", "origin": [6.06, 0, 0.66]},
			"faces": {
				"north": {"uv": [0.06, 0.06, -0.06, -0.06], "texture": "#1"},
				"east": {"uv": [9.06, 0.06, 15.94, 2.94], "texture": "#1"},
				"south": {"uv": [0.06, 0.06, -0.06, -0.06], "texture": "#1"},
				"west": {"uv": [9.06, 0.06, 15.94, 2.94], "texture": "#1"},
				"up": {"uv": [9.06, 2.06, 15.94, 2.94], "rotation": 90, "texture": "#1"},
				"down": {"uv": [9.06, 2.06, 15.94, 2.94], "rotation": 90, "texture": "#1"}
			}
		},
		{
			"from": [8.44, 0.68, 8.48],
			"to": [14.56, 2.72, 9.16],
			"rotation": {"angle": 0, "axis": "y", "origin": [6.06, 0, 0.66]},
			"faces": {
				"north": {"uv": [7.06, 4.06, 15.94, 6.94], "texture": "#1"},
				"east": {"uv": [7.06, 4.06, 7.94, 6.94], "texture": "#1"},
				"south": {"uv": [7.06, 4.06, 15.94, 6.94], "texture": "#1"},
				"west": {"uv": [15.06, 4.06, 15.94, 6.94], "texture": "#1"},
				"up": {"uv": [7.06, 6.06, 15.94, 6.94], "texture": "#1"},
				"down": {"uv": [7.06, 6.06, 15.94, 6.94], "texture": "#1"}
			}
		},
		{
			"from": [8.44, 0.68, 3.04],
			"to": [14.56, 2.72, 3.72],
			"rotation": {"angle": 0, "axis": "y", "origin": [6.06, 0, 0.66]},
			"faces": {
				"north": {"uv": [7.06, 4.06, 15.94, 6.94], "texture": "#1"},
				"east": {"uv": [15.06, 4.06, 15.94, 6.94], "texture": "#1"},
				"south": {"uv": [7.06, 4.06, 15.94, 6.94], "texture": "#1"},
				"west": {"uv": [7.06, 4.06, 7.94, 6.94], "texture": "#1"},
				"up": {"uv": [7.06, 6.06, 15.94, 6.94], "texture": "#1"},
				"down": {"uv": [7.06, 6.06, 15.94, 6.94], "texture": "#1"}
			}
		},
		{
			"from": [9.12, 0, 3.72],
			"to": [13.88, 0.68, 8.48],
			"rotation": {"angle": 0, "axis": "y", "origin": [6.06, 0, 0.66]},
			"faces": {
				"north": {"uv": [0.06, 5.06, 5.94, 5.94], "texture": "#1"},
				"east": {"uv": [0.06, 5.06, 5.94, 5.94], "texture": "#1"},
				"south": {"uv": [0.06, 5.06, 5.94, 5.94], "texture": "#1"},
				"west": {"uv": [0.06, 5.06, 5.94, 5.94], "texture": "#1"},
				"up": {"uv": [0.06, 0.06, 5.94, 5.94], "texture": "#1"},
				"down": {"uv": [0.06, 0.06, 5.94, 5.94], "texture": "#1"}
			}
		},
		{
			"from": [9.12, 3.026, 6.848],
			"to": [10.48, 4.386, 8.208],
			"rotation": {"angle": -45, "axis": "z", "origin": [8.19066, 3.13934, 7.21066]},
			"faces": {
				"north": {"uv": [0.032, 0.032, 1.94, 1.94], "texture": "#2"},
				"east": {"uv": [0.032, 0.032, 1.94, 1.94], "texture": "#2"},
				"south": {"uv": [0.032, 0.032, 1.94, 1.94], "texture": "#2"},
				"west": {"uv": [0.032, 0.032, 1.94, 1.94], "texture": "#2"},
				"up": {"uv": [0.032, 0.032, 1.94, 1.94], "rotation": 180, "texture": "#2"},
				"down": {"uv": [0.032, 0.032, 1.94, 1.94], "rotation": 180, "texture": "#2"}
			}
		},
		{
			"from": [7.84383, 2.82797, 7.562],
			"to": [9.88383, 4.18797, 7.562],
			"rotation": {"angle": 45, "axis": "z", "origin": [8.86383, 3.50797, 7.562]},
			"faces": {
				"north": {"uv": [6.032, 1.968, 8.968, 0.032], "rotation": 180, "texture": "#2"},
				"east": {"uv": [6.032, 0.032, 8.968, 1.968], "rotation": 270, "texture": "#2"},
				"south": {"uv": [6.032, 0.032, 8.968, 1.968], "texture": "#2"},
				"west": {"uv": [6.032, 0.032, 8.968, 1.968], "rotation": 90, "texture": "#2"},
				"up": {"uv": [6.032, 0.032, 8.968, 1.968], "rotation": 180, "texture": "#2"},
				"down": {"uv": [6.032, 0.032, 8.968, 1.968], "texture": "#2"}
			}
		},
		{
			"from": [8.86383, 2.82797, 6.542],
			"to": [8.86383, 4.18797, 8.582],
			"rotation": {"angle": 45, "axis": "z", "origin": [8.86383, 3.50797, 7.562]},
			"faces": {
				"north": {"uv": [6.032, 0.032, 8.968, 1.968], "rotation": 90, "texture": "#2"},
				"east": {"uv": [6.032, 1.968, 8.968, 0.032], "rotation": 180, "texture": "#2"},
				"south": {"uv": [6.032, 0.032, 8.968, 1.968], "rotation": 270, "texture": "#2"},
				"west": {"uv": [6.032, 0.032, 8.968, 1.968], "texture": "#2"},
				"up": {"uv": [6.032, 0.032, 8.968, 1.968], "rotation": 270, "texture": "#2"},
				"down": {"uv": [6.032, 0.032, 8.968, 1.968], "rotation": 270, "texture": "#2"}
			}
		},
		{
			"from": [11.058, 0.816, 5.998],
			"to": [12.418, 2.176, 7.358],
			"rotation": {"angle": 0, "axis": "y", "origin": [13.268, 1.105, 4.91]},
			"faces": {
				"north": {"uv": [0.032, 0.032, 1.94, 1.94], "texture": "#2"},
				"east": {"uv": [0.032, 0.032, 1.94, 1.94], "texture": "#2"},
				"south": {"uv": [0.032, 0.032, 1.94, 1.94], "texture": "#2"},
				"west": {"uv": [0.032, 0.032, 1.94, 1.94], "texture": "#2"},
				"up": {"uv": [0.032, 0.032, 1.94, 1.94], "rotation": 90, "texture": "#2"},
				"down": {"uv": [0.032, 0.032, 1.94, 1.94], "rotation": 270, "texture": "#2"}
			}
		},
		{
			"from": [11.64653, 1.955, 5.69347],
			"to": [11.64653, 3.315, 7.73347],
			"rotation": {"angle": 45, "axis": "y", "origin": [11.568, 1.445, 6.61]},
			"faces": {
				"north": {"uv": [6.032, 0.032, 8.968, 1.968], "rotation": 270, "texture": "#2"},
				"east": {"uv": [6.032, 0.032, 8.968, 1.968], "texture": "#2"},
				"south": {"uv": [6.032, 0.032, 8.968, 1.968], "rotation": 90, "texture": "#2"},
				"west": {"uv": [6.032, 1.968, 8.968, 0.032], "rotation": 180, "texture": "#2"},
				"up": {"uv": [6.032, 0.032, 8.968, 1.968], "rotation": 90, "texture": "#2"},
				"down": {"uv": [6.032, 0.032, 8.968, 1.968], "rotation": 90, "texture": "#2"}
			}
		},
		{
			"from": [10.69189, 1.955, 6.67011],
			"to": [12.73189, 3.315, 6.67011],
			"rotation": {"angle": 22.5, "axis": "y", "origin": [11.568, 1.445, 6.61]},
			"faces": {
				"north": {"uv": [6.032, 1.968, 8.968, 0.032], "rotation": 180, "texture": "#2"},
				"east": {"uv": [6.032, 0.032, 8.968, 1.968], "rotation": 270, "texture": "#2"},
				"south": {"uv": [6.032, 0.032, 8.968, 1.968], "texture": "#2"},
				"west": {"uv": [6.032, 0.032, 8.968, 1.968], "rotation": 90, "texture": "#2"},
				"up": {"uv": [6.032, 0.032, 8.968, 1.968], "rotation": 180, "texture": "#2"},
				"down": {"uv": [6.032, 0.032, 8.968, 1.968], "texture": "#2"}
			}
		},
		{
			"from": [11.058, 1.836, 6.848],
			"to": [12.418, 3.196, 8.208],
			"rotation": {"angle": 45, "axis": "y", "origin": [11.71954, 3.27534, 7.4887]},
			"faces": {
				"north": {"uv": [0.032, 0.032, 1.94, 1.94], "texture": "#2"},
				"east": {"uv": [0.032, 0.032, 1.94, 1.94], "texture": "#2"},
				"south": {"uv": [0.032, 0.032, 1.94, 1.94], "texture": "#2"},
				"west": {"uv": [0.032, 0.032, 1.94, 1.94], "texture": "#2"},
				"up": {"uv": [0.032, 0.032, 1.94, 1.94], "rotation": 90, "texture": "#2"},
				"down": {"uv": [0.032, 0.032, 1.94, 1.94], "rotation": 270, "texture": "#2"}
			}
		},
		{
			"from": [10.67556, 2.975, 7.49704],
			"to": [12.71556, 4.335, 7.49704],
			"rotation": {"angle": 0, "axis": "y", "origin": [11.71954, 3.27534, 7.4887]},
			"faces": {
				"north": {"uv": [6.032, 0.032, 8.968, 1.968], "texture": "#2"},
				"east": {"uv": [6.032, 0.032, 8.968, 1.968], "rotation": 90, "texture": "#2"},
				"south": {"uv": [6.032, 1.968, 8.968, 0.032], "rotation": 180, "texture": "#2"},
				"west": {"uv": [6.032, 0.032, 8.968, 1.968], "rotation": 270, "texture": "#2"},
				"up": {"uv": [6.032, 0.032, 8.968, 1.968], "texture": "#2"},
				"down": {"uv": [6.032, 0.032, 8.968, 1.968], "rotation": 180, "texture": "#2"}
			}
		},
		{
			"from": [11.69514, 2.975, 6.45383],
			"to": [11.69514, 4.335, 8.49383],
			"rotation": {"angle": -22.5, "axis": "y", "origin": [11.71954, 3.27534, 7.4887]},
			"faces": {
				"north": {"uv": [6.032, 0.032, 8.968, 1.968], "rotation": 270, "texture": "#2"},
				"east": {"uv": [6.032, 0.032, 8.968, 1.968], "texture": "#2"},
				"south": {"uv": [6.032, 0.032, 8.968, 1.968], "rotation": 90, "texture": "#2"},
				"west": {"uv": [6.032, 1.968, 8.968, 0.032], "rotation": 180, "texture": "#2"},
				"up": {"uv": [6.032, 0.032, 8.968, 1.968], "rotation": 90, "texture": "#2"},
				"down": {"uv": [6.032, 0.032, 8.968, 1.968], "rotation": 90, "texture": "#2"}
			}
		},
		{
			"from": [12.418, 1.53603, 5.87937],
			"to": [13.778, 2.89603, 7.23937],
			"rotation": {"angle": 0, "axis": "y", "origin": [13.07954, 2.25534, 7.3187]},
			"faces": {
				"north": {"uv": [0.032, 0.032, 1.94, 1.94], "rotation": 90, "texture": "#2"},
				"east": {"uv": [0.032, 0.032, 1.94, 1.94], "rotation": 270, "texture": "#2"},
				"south": {"uv": [0.032, 0.032, 1.94, 1.94], "rotation": 90, "texture": "#2"},
				"west": {"uv": [0.032, 0.032, 1.94, 1.94], "rotation": 90, "texture": "#2"},
				"up": {"uv": [0.032, 0.032, 1.94, 1.94], "rotation": 180, "texture": "#2"},
				"down": {"uv": [0.032, 0.032, 1.94, 1.94], "texture": "#2"}
			}
		},
		{
			"from": [13.07121, 1.25932, 7.01837],
			"to": [13.07121, 3.29932, 8.37837],
			"rotation": {"angle": 45, "axis": "z", "origin": [13.07954, 2.25534, 7.3187]},
			"faces": {
				"north": {"uv": [6.032, 0.032, 8.968, 1.968], "rotation": 270, "texture": "#2"},
				"east": {"uv": [6.032, 0.032, 8.968, 1.968], "rotation": 270, "texture": "#2"},
				"south": {"uv": [6.032, 0.032, 8.968, 1.968], "rotation": 90, "texture": "#2"},
				"west": {"uv": [6.032, 1.968, 8.968, 0.032], "rotation": 270, "texture": "#2"},
				"up": {"uv": [6.032, 0.032, 8.968, 1.968], "rotation": 90, "texture": "#2"},
				"down": {"uv": [6.032, 0.032, 8.968, 1.968], "rotation": 90, "texture": "#2"}
			}
		},
		{
			"from": [12.07442, 2.27973, 7.01837],
			"to": [14.11442, 2.27973, 8.37837],
			"rotation": {"angle": 22.5, "axis": "z", "origin": [13.07954, 2.25534, 7.3187]},
			"faces": {
				"north": {"uv": [6.032, 0.032, 8.968, 1.968], "rotation": 180, "texture": "#2"},
				"east": {"uv": [6.032, 0.032, 8.968, 1.968], "rotation": 180, "texture": "#2"},
				"south": {"uv": [6.032, 0.032, 8.968, 1.968], "rotation": 180, "texture": "#2"},
				"west": {"uv": [6.032, 0.032, 8.968, 1.968], "rotation": 180, "texture": "#2"},
				"up": {"uv": [6.032, 1.968, 8.968, 0.032], "texture": "#2"},
				"down": {"uv": [6.032, 0.032, 8.968, 1.968], "texture": "#2"}
			}
		},
		{
			"from": [9.49109, 0.85603, 5.69803],
			"to": [10.85109, 2.21603, 7.05803],
			"rotation": {"angle": 0, "axis": "y", "origin": [10.18954, 1.57534, 5.6187]},
			"faces": {
				"north": {"uv": [0.032, 0.032, 1.94, 1.94], "rotation": 90, "texture": "#2"},
				"east": {"uv": [0.032, 0.032, 1.94, 1.94], "rotation": 90, "texture": "#2"},
				"south": {"uv": [0.032, 0.032, 1.94, 1.94], "rotation": 90, "texture": "#2"},
				"west": {"uv": [0.032, 0.032, 1.94, 1.94], "rotation": 270, "texture": "#2"},
				"up": {"uv": [0.032, 0.032, 1.94, 1.94], "texture": "#2"},
				"down": {"uv": [0.032, 0.032, 1.94, 1.94], "rotation": 180, "texture": "#2"}
			}
		},
		{
			"from": [10.19788, 0.57932, 4.55903],
			"to": [10.19788, 2.61932, 5.91903],
			"rotation": {"angle": -45, "axis": "z", "origin": [10.18954, 1.57534, 5.6187]},
			"faces": {
				"north": {"uv": [6.032, 0.032, 8.968, 1.968], "rotation": 90, "texture": "#2"},
				"east": {"uv": [6.032, 1.968, 8.968, 0.032], "rotation": 270, "texture": "#2"},
				"south": {"uv": [6.032, 0.032, 8.968, 1.968], "rotation": 270, "texture": "#2"},
				"west": {"uv": [6.032, 0.032, 8.968, 1.968], "rotation": 270, "texture": "#2"},
				"up": {"uv": [6.032, 0.032, 8.968, 1.968], "rotation": 270, "texture": "#2"},
				"down": {"uv": [6.032, 0.032, 8.968, 1.968], "rotation": 270, "texture": "#2"}
			}
		},
		{
			"from": [9.15467, 1.59973, 4.55903],
			"to": [11.19467, 1.59973, 5.91903],
			"rotation": {"angle": -22.5, "axis": "z", "origin": [10.18954, 1.57534, 5.6187]},
			"faces": {
				"north": {"uv": [6.032, 0.032, 8.968, 1.968], "rotation": 180, "texture": "#2"},
				"east": {"uv": [6.032, 0.032, 8.968, 1.968], "rotation": 180, "texture": "#2"},
				"south": {"uv": [6.032, 0.032, 8.968, 1.968], "rotation": 180, "texture": "#2"},
				"west": {"uv": [6.032, 0.032, 8.968, 1.968], "rotation": 180, "texture": "#2"},
				"up": {"uv": [6.032, 1.968, 8.968, 0.032], "rotation": 180, "texture": "#2"},
				"down": {"uv": [6.032, 0.032, 8.968, 1.968], "rotation": 180, "texture": "#2"}
			}
		},
		{
			"from": [9.358, 1.768, 4.094],
			"to": [10.718, 3.128, 5.454],
			"rotation": {"angle": -22.5, "axis": "y", "origin": [10.01954, 3.20734, 4.7347]},
			"faces": {
				"north": {"uv": [0.032, 0.032, 1.94, 1.94], "texture": "#2"},
				"east": {"uv": [0.032, 0.032, 1.94, 1.94], "texture": "#2"},
				"south": {"uv": [0.032, 0.032, 1.94, 1.94], "texture": "#2"},
				"west": {"uv": [0.032, 0.032, 1.94, 1.94], "texture": "#2"},
				"up": {"uv": [0.032, 0.032, 1.94, 1.94], "rotation": 90, "texture": "#2"},
				"down": {"uv": [0.032, 0.032, 1.94, 1.94], "rotation": 270, "texture": "#2"}
			}
		},
		{
			"from": [10.01121, 2.907, 3.69072],
			"to": [10.01121, 4.267, 5.73072],
			"rotation": {"angle": 0, "axis": "y", "origin": [10.01954, 3.20734, 4.7347]},
			"faces": {
				"north": {"uv": [6.032, 0.032, 8.968, 1.968], "rotation": 270, "texture": "#2"},
				"east": {"uv": [6.032, 0.032, 8.968, 1.968], "texture": "#2"},
				"south": {"uv": [6.032, 0.032, 8.968, 1.968], "rotation": 90, "texture": "#2"},
				"west": {"uv": [6.032, 1.968, 8.968, 0.032], "rotation": 180, "texture": "#2"},
				"up": {"uv": [6.032, 0.032, 8.968, 1.968], "rotation": 90, "texture": "#2"},
				"down": {"uv": [6.032, 0.032, 8.968, 1.968], "rotation": 90, "texture": "#2"}
			}
		},
		{
			"from": [9.01442, 2.907, 4.7103],
			"to": [11.05442, 4.267, 4.7103],
			"rotation": {"angle": 0, "axis": "y", "origin": [10.01954, 3.20734, 4.7347]},
			"faces": {
				"north": {"uv": [6.032, 1.968, 8.968, 0.032], "rotation": 180, "texture": "#2"},
				"east": {"uv": [6.032, 0.032, 8.968, 1.968], "rotation": 270, "texture": "#2"},
				"south": {"uv": [6.032, 0.032, 8.968, 1.968], "texture": "#2"},
				"west": {"uv": [6.032, 0.032, 8.968, 1.968], "rotation": 90, "texture": "#2"},
				"up": {"uv": [6.032, 0.032, 8.968, 1.968], "rotation": 180, "texture": "#2"},
				"down": {"uv": [6.032, 0.032, 8.968, 1.968], "texture": "#2"}
			}
		},
		{
			"from": [11.738, 2.04, 3.89],
			"to": [13.778, 4.08, 5.93],
			"rotation": {"angle": 22.5, "axis": "z", "origin": [13.268, 3.145, 4.91]},
			"faces": {
				"north": {"uv": [0.032, 0.032, 2.94, 2.94], "texture": "#2"},
				"east": {"uv": [0.032, 0.032, 2.94, 2.94], "texture": "#2"},
				"south": {"uv": [0.032, 0.032, 2.94, 2.94], "texture": "#2"},
				"west": {"uv": [0.032, 0.032, 2.94, 2.94], "texture": "#2"},
				"up": {"uv": [0.032, 0.032, 2.94, 2.94], "rotation": 90, "texture": "#2"},
				"down": {"uv": [0.032, 0.032, 2.94, 2.94], "rotation": 270, "texture": "#2"}
			}
		},
		{
			"from": [13.778, 3.22353, 3.92253],
			"to": [15.138, 3.22353, 5.96253],
			"rotation": {"angle": 22.5, "axis": "z", "origin": [13.268, 3.145, 4.91]},
			"faces": {
				"north": {"uv": [6.032, 0.032, 8.968, 1.968], "texture": "#2"},
				"east": {"uv": [6.032, 0.032, 8.968, 1.968], "texture": "#2"},
				"south": {"uv": [6.032, 0.032, 8.968, 1.968], "texture": "#2"},
				"west": {"uv": [6.032, 0.032, 8.968, 1.968], "texture": "#2"},
				"up": {"uv": [6.032, 0.032, 8.968, 1.968], "rotation": 90, "texture": "#2"},
				"down": {"uv": [6.032, 1.968, 8.968, 0.032], "rotation": 270, "texture": "#2"}
			}
		},
		{
			"from": [13.778, 2.18511, 4.97011],
			"to": [15.138, 4.22511, 4.97011],
			"rotation": {"angle": 22.5, "axis": "z", "origin": [13.268, 3.145, 4.91]},
			"faces": {
				"north": {"uv": [6.032, 1.968, 8.968, 0.032], "rotation": 90, "texture": "#2"},
				"east": {"uv": [6.032, 0.032, 8.968, 1.968], "rotation": 270, "texture": "#2"},
				"south": {"uv": [6.032, 0.032, 8.968, 1.968], "rotation": 90, "texture": "#2"},
				"west": {"uv": [6.032, 0.032, 8.968, 1.968], "rotation": 90, "texture": "#2"},
				"up": {"uv": [6.032, 0.032, 8.968, 1.968], "rotation": 180, "texture": "#2"},
				"down": {"uv": [6.032, 0.032, 8.968, 1.968], "texture": "#2"}
			}
		},
		{
			"from": [11.058, 2.38, 4.23],
			"to": [11.738, 3.74, 5.59],
			"rotation": {"angle": 22.5, "axis": "z", "origin": [13.268, 3.145, 4.91]},
			"faces": {
				"north": {"uv": [0.032, 0.032, 0.94, 1.94], "texture": "#2"},
				"east": {"uv": [0.032, 0.032, 1.94, 1.94], "texture": "#2"},
				"south": {"uv": [0.032, 0.032, 0.94, 1.94], "texture": "#2"},
				"west": {"uv": [0.032, 0.032, 1.94, 1.94], "texture": "#2"},
				"up": {"uv": [0.032, 0.032, 1.94, 0.94], "rotation": 90, "texture": "#2"},
				"down": {"uv": [0.032, 0.032, 1.94, 0.94], "rotation": 270, "texture": "#2"}
			}
		}
	],
	"display": {
		"thirdperson_righthand": {
			"rotation": [70, 0, 0],
			"translation": [-6, 4.25, 6.25]
		},
		"firstperson_righthand": {
			"translation": [-8.25, 4.25, 0]
		},
		"ground": {
			"translation": [0, 4, 0]
		},
		"gui": {
			"rotation": [24, 24, 0],
			"translation": [0, 4, 0]
		},
		"fixed": {
			"rotation": [-90, 0, 0],
			"translation": [0, 0, -15],
			"scale": [2, 2, 2]
		}
	},
	"groups": [
		{
			"name": "bowl",
			"origin": [8, 8, 8],
			"color": 0,
			"children": [
				0,
				1,
				2,
				3,
				4,
				{
					"name": "berry",
					"origin": [0, 0, 0],
					"color": 0,
					"children": [
						{
							"name": "strawberrysmall",
							"origin": [7.1, 8.125, 7.75],
							"color": 0,
							"children": [5, 6]
						},
						{
							"name": "strawberrysmall",
							"origin": [7.1, 8.125, 7.75],
							"color": 0,
							"children": [7, 8]
						},
						{
							"name": "strawberrysmall",
							"origin": [7.1, 8.125, 7.75],
							"color": 0,
							"children": [9, 10]
						},
						{
							"name": "strawberrysmall",
							"origin": [7.1, 8.125, 7.75],
							"color": 0,
							"children": [11, 12]
						},
						{
							"name": "strawberrysmall",
							"origin": [7.1, 8.125, 7.75],
							"color": 0,
							"children": [13, 14]
						},
						{
							"name": "strawberrysmall",
							"origin": [7.1, 8.125, 7.75],
							"color": 0,
							"children": [15, 16]
						},
						{
							"name": "strawberrysmall",
							"origin": [7.1, 8.125, 7.75],
							"color": 0,
							"children": [17, 18]
						},
						{
							"name": "strawberry",
							"origin": [0, 0, 0],
							"color": 0,
							"children": [19, 20]
						}
					]
				}
			]
		},
		{
			"name": "bowl",
			"origin": [8, 8, 8],
			"color": 0,
			"children": [
				21,
				22,
				23,
				24,
				25,
				{
					"name": "berry",
					"origin": [0, 0, 0],
					"color": 0,
					"children": [
						{
							"name": "strawberrysmall",
							"origin": [7.1, 8.125, 7.75],
							"color": 0,
							"children": [26, 27, 28]
						},
						{
							"name": "strawberrysmall",
							"origin": [7.1, 8.125, 7.75],
							"color": 0,
							"children": [29, 30, 31]
						},
						{
							"name": "strawberrysmall",
							"origin": [7.1, 8.125, 7.75],
							"color": 0,
							"children": [32, 33, 34]
						},
						{
							"name": "strawberrysmall",
							"origin": [7.1, 8.125, 7.75],
							"color": 0,
							"children": [35, 36, 37]
						},
						{
							"name": "strawberrysmall",
							"origin": [7.1, 8.125, 7.75],
							"color": 0,
							"children": [38, 39, 40]
						},
						{
							"name": "strawberrysmall",
							"origin": [7.1, 8.125, 7.75],
							"color": 0,
							"children": [41, 42, 43]
						},
						{
							"name": "strawberry",
							"origin": [0, 0, 0],
							"color": 0,
							"children": [44, 45, 46, 47]
						}
					]
				}
			]
		}
	]
}