{
	"credit": "Made with Blockbench",
	"ambientocclusion": false,
	"textures": {
		"2": "block/bowl1",
		"3": "block/crockery2",
		"particle": "block/bowl1"
	},
	"elements": [
		{
			"from": [9, 1, 5.5],
			"to": [10, 4, 12.5],
			"faces": {
				"north": {"uv": [0.06, 0.06, -0.06, -0.06], "texture": "#2"},
				"east": {"uv": [9.06, 0.06, 15.94, 2.94], "texture": "#2"},
				"south": {"uv": [0.06, 0.06, -0.06, -0.06], "texture": "#2"},
				"west": {"uv": [9.06, 0.06, 15.94, 2.94], "texture": "#2"},
				"up": {"uv": [9.06, 2.06, 15.94, 2.94], "rotation": 90, "texture": "#2"},
				"down": {"uv": [9.06, 2.06, 15.94, 2.94], "rotation": 90, "texture": "#2"}
			}
		},
		{
			"from": [1, 1, 5.5],
			"to": [2, 4, 12.5],
			"faces": {
				"north": {"uv": [0.06, 0.06, -0.06, -0.06], "texture": "#2"},
				"east": {"uv": [9.06, 0.06, 15.94, 2.94], "texture": "#2"},
				"south": {"uv": [0.06, 0.06, -0.06, -0.06], "texture": "#2"},
				"west": {"uv": [9.06, 0.06, 15.94, 2.94], "texture": "#2"},
				"up": {"uv": [9.06, 2.06, 15.94, 2.94], "rotation": 90, "texture": "#2"},
				"down": {"uv": [9.06, 2.06, 15.94, 2.94], "rotation": 90, "texture": "#2"}
			}
		},
		{
			"from": [1, 1, 12.5],
			"to": [10, 4, 13.5],
			"faces": {
				"north": {"uv": [7.06, 4.06, 15.94, 6.94], "texture": "#2"},
				"east": {"uv": [7.06, 4.06, 7.94, 6.94], "texture": "#2"},
				"south": {"uv": [7.06, 4.06, 15.94, 6.94], "texture": "#2"},
				"west": {"uv": [15.06, 4.06, 15.94, 6.94], "texture": "#2"},
				"up": {"uv": [7.06, 6.06, 15.94, 6.94], "texture": "#2"},
				"down": {"uv": [7.06, 6.06, 15.94, 6.94], "texture": "#2"}
			}
		},
		{
			"from": [1, 1, 4.5],
			"to": [10, 4, 5.5],
			"faces": {
				"north": {"uv": [7.06, 4.06, 15.94, 6.94], "texture": "#2"},
				"east": {"uv": [15.06, 4.06, 15.94, 6.94], "texture": "#2"},
				"south": {"uv": [7.06, 4.06, 15.94, 6.94], "texture": "#2"},
				"west": {"uv": [7.06, 4.06, 7.94, 6.94], "texture": "#2"},
				"up": {"uv": [7.06, 6.06, 15.94, 6.94], "texture": "#2"},
				"down": {"uv": [7.06, 6.06, 15.94, 6.94], "texture": "#2"}
			}
		},
		{
			"from": [2, 0, 5.5],
			"to": [9, 1, 12.5],
			"faces": {
				"north": {"uv": [0.06, 5.06, 5.94, 5.94], "texture": "#2"},
				"east": {"uv": [0.06, 5.06, 5.94, 5.94], "texture": "#2"},
				"south": {"uv": [0.06, 5.06, 5.94, 5.94], "texture": "#2"},
				"west": {"uv": [0.06, 5.06, 5.94, 5.94], "texture": "#2"},
				"up": {"uv": [0.06, 0.06, 5.94, 5.94], "texture": "#2"},
				"down": {"uv": [0.06, 0.06, 5.94, 5.94], "texture": "#2"}
			}
		},
		{
			"from": [9, 4.65, 5.5],
			"to": [10, 7.65, 12.5],
			"faces": {
				"north": {"uv": [0.06, 0.06, -0.06, -0.06], "texture": "#2"},
				"east": {"uv": [9.06, 0.06, 15.94, 2.94], "texture": "#2"},
				"south": {"uv": [0.06, 0.06, -0.06, -0.06], "texture": "#2"},
				"west": {"uv": [9.06, 0.06, 15.94, 2.94], "texture": "#2"},
				"up": {"uv": [9.06, 2.06, 15.94, 2.94], "rotation": 90, "texture": "#2"},
				"down": {"uv": [9.06, 2.06, 15.94, 2.94], "rotation": 90, "texture": "#2"}
			}
		},
		{
			"from": [1, 4.65, 5.5],
			"to": [2, 7.65, 12.5],
			"faces": {
				"north": {"uv": [0.06, 0.06, -0.06, -0.06], "texture": "#2"},
				"east": {"uv": [9.06, 0.06, 15.94, 2.94], "texture": "#2"},
				"south": {"uv": [0.06, 0.06, -0.06, -0.06], "texture": "#2"},
				"west": {"uv": [9.06, 0.06, 15.94, 2.94], "texture": "#2"},
				"up": {"uv": [9.06, 2.06, 15.94, 2.94], "rotation": 90, "texture": "#2"},
				"down": {"uv": [9.06, 2.06, 15.94, 2.94], "rotation": 90, "texture": "#2"}
			}
		},
		{
			"from": [1, 4.65, 12.5],
			"to": [10, 7.65, 13.5],
			"faces": {
				"north": {"uv": [7.06, 4.06, 15.94, 6.94], "texture": "#2"},
				"east": {"uv": [7.06, 4.06, 7.94, 6.94], "texture": "#2"},
				"south": {"uv": [7.06, 4.06, 15.94, 6.94], "texture": "#2"},
				"west": {"uv": [15.06, 4.06, 15.94, 6.94], "texture": "#2"},
				"up": {"uv": [7.06, 6.06, 15.94, 6.94], "texture": "#2"},
				"down": {"uv": [7.06, 6.06, 15.94, 6.94], "texture": "#2"}
			}
		},
		{
			"from": [1, 4.65, 4.5],
			"to": [10, 7.65, 5.5],
			"faces": {
				"north": {"uv": [7.06, 4.06, 15.94, 6.94], "texture": "#2"},
				"east": {"uv": [15.06, 4.06, 15.94, 6.94], "texture": "#2"},
				"south": {"uv": [7.06, 4.06, 15.94, 6.94], "texture": "#2"},
				"west": {"uv": [7.06, 4.06, 7.94, 6.94], "texture": "#2"},
				"up": {"uv": [7.06, 6.06, 15.94, 6.94], "texture": "#2"},
				"down": {"uv": [7.06, 6.06, 15.94, 6.94], "texture": "#2"}
			}
		},
		{
			"from": [2, 3.65, 5.5],
			"to": [9, 4.65, 12.5],
			"faces": {
				"north": {"uv": [0.06, 5.06, 5.94, 5.94], "texture": "#2"},
				"east": {"uv": [0.06, 5.06, 5.94, 5.94], "texture": "#2"},
				"south": {"uv": [0.06, 5.06, 5.94, 5.94], "texture": "#2"},
				"west": {"uv": [0.06, 5.06, 5.94, 5.94], "texture": "#2"},
				"up": {"uv": [0.06, 0.06, 5.94, 5.94], "texture": "#2"},
				"down": {"uv": [0.06, 0.06, 5.94, 5.94], "texture": "#2"}
			}
		},
		{
			"from": [9, 8.3, 5.5],
			"to": [10, 11.3, 12.5],
			"faces": {
				"north": {"uv": [0.06, 0.06, -0.06, -0.06], "texture": "#2"},
				"east": {"uv": [9.06, 0.06, 15.94, 2.94], "texture": "#2"},
				"south": {"uv": [0.06, 0.06, -0.06, -0.06], "texture": "#2"},
				"west": {"uv": [9.06, 0.06, 15.94, 2.94], "texture": "#2"},
				"up": {"uv": [9.06, 2.06, 15.94, 2.94], "rotation": 90, "texture": "#2"},
				"down": {"uv": [9.06, 2.06, 15.94, 2.94], "rotation": 90, "texture": "#2"}
			}
		},
		{
			"from": [1, 8.3, 5.5],
			"to": [2, 11.3, 12.5],
			"faces": {
				"north": {"uv": [0.06, 0.06, -0.06, -0.06], "texture": "#2"},
				"east": {"uv": [9.06, 0.06, 15.94, 2.94], "texture": "#2"},
				"south": {"uv": [0.06, 0.06, -0.06, -0.06], "texture": "#2"},
				"west": {"uv": [9.06, 0.06, 15.94, 2.94], "texture": "#2"},
				"up": {"uv": [9.06, 2.06, 15.94, 2.94], "rotation": 90, "texture": "#2"},
				"down": {"uv": [9.06, 2.06, 15.94, 2.94], "rotation": 90, "texture": "#2"}
			}
		},
		{
			"from": [1, 8.3, 12.5],
			"to": [10, 11.3, 13.5],
			"faces": {
				"north": {"uv": [7.06, 4.06, 15.94, 6.94], "texture": "#2"},
				"east": {"uv": [7.06, 4.06, 7.94, 6.94], "texture": "#2"},
				"south": {"uv": [7.06, 4.06, 15.94, 6.94], "texture": "#2"},
				"west": {"uv": [15.06, 4.06, 15.94, 6.94], "texture": "#2"},
				"up": {"uv": [7.06, 6.06, 15.94, 6.94], "texture": "#2"},
				"down": {"uv": [7.06, 6.06, 15.94, 6.94], "texture": "#2"}
			}
		},
		{
			"from": [1, 8.3, 4.5],
			"to": [10, 11.3, 5.5],
			"faces": {
				"north": {"uv": [7.06, 4.06, 15.94, 6.94], "texture": "#2"},
				"east": {"uv": [15.06, 4.06, 15.94, 6.94], "texture": "#2"},
				"south": {"uv": [7.06, 4.06, 15.94, 6.94], "texture": "#2"},
				"west": {"uv": [7.06, 4.06, 7.94, 6.94], "texture": "#2"},
				"up": {"uv": [7.06, 6.06, 15.94, 6.94], "texture": "#2"},
				"down": {"uv": [7.06, 6.06, 15.94, 6.94], "texture": "#2"}
			}
		},
		{
			"from": [2, 7.3, 5.5],
			"to": [9, 8.3, 12.5],
			"faces": {
				"north": {"uv": [0.06, 5.06, 5.94, 5.94], "texture": "#2"},
				"east": {"uv": [0.06, 5.06, 5.94, 5.94], "texture": "#2"},
				"south": {"uv": [0.06, 5.06, 5.94, 5.94], "texture": "#2"},
				"west": {"uv": [0.06, 5.06, 5.94, 5.94], "texture": "#2"},
				"up": {"uv": [0.06, 0.06, 5.94, 5.94], "texture": "#2"},
				"down": {"uv": [0.06, 0.06, 5.94, 5.94], "texture": "#2"}
			}
		},
		{
			"name": "mini",
			"from": [10.5, 2, 7],
			"to": [11.5, 3, 10],
			"faces": {
				"north": {"uv": [3.53, 4.03, 3.97, 4.47], "texture": "#3"},
				"east": {"uv": [2.03, 4.03, 3.47, 4.47], "texture": "#3"},
				"south": {"uv": [1.53, 4.03, 1.97, 4.47], "texture": "#3"},
				"west": {"uv": [0.03, 4.03, 1.47, 4.47], "texture": "#3"},
				"up": {"uv": [1.97, 3.97, 1.53, 2.53], "texture": "#3"},
				"down": {"uv": [2.47, 2.53, 2.03, 3.97], "texture": "#3"}
			}
		},
		{
			"name": "mini",
			"from": [10.5, 2, 10],
			"to": [15.5, 3, 11],
			"faces": {
				"north": {"uv": [0.53, 1.53, 2.97, 1.97], "texture": "#3"},
				"east": {"uv": [0.03, 1.53, 0.47, 1.97], "texture": "#3"},
				"south": {"uv": [3.53, 1.53, 5.97, 1.97], "texture": "#3"},
				"west": {"uv": [3.03, 1.53, 3.47, 1.97], "texture": "#3"},
				"up": {"uv": [2.97, 1.47, 0.53, 1.03], "rotation": 180, "texture": "#3"},
				"down": {"uv": [5.47, 1.03, 3.03, 1.47], "rotation": 180, "texture": "#3"}
			}
		},
		{
			"name": "mini",
			"from": [11.5, 1.6, 7],
			"to": [14.5, 2.6, 10],
			"faces": {
				"north": {"uv": [4.53, 6.53, 5.97, 6.97], "texture": "#3"},
				"east": {"uv": [3.03, 6.53, 4.47, 6.97], "texture": "#3"},
				"south": {"uv": [1.53, 6.53, 2.97, 6.97], "texture": "#3"},
				"west": {"uv": [0.03, 6.53, 1.47, 6.97], "texture": "#3"},
				"up": {"uv": [2.97, 6.47, 1.53, 5.03], "texture": "#3"},
				"down": {"uv": [4.47, 5.03, 3.03, 6.47], "texture": "#3"}
			}
		},
		{
			"name": "mini",
			"from": [14.5, 2, 7],
			"to": [15.5, 3, 10],
			"faces": {
				"north": {"uv": [3.53, 4.03, 3.97, 4.47], "texture": "#3"},
				"east": {"uv": [2.03, 4.03, 3.47, 4.47], "texture": "#3"},
				"south": {"uv": [1.53, 4.03, 1.97, 4.47], "texture": "#3"},
				"west": {"uv": [0.03, 4.03, 1.47, 4.47], "texture": "#3"},
				"up": {"uv": [1.97, 3.97, 1.53, 2.53], "texture": "#3"},
				"down": {"uv": [2.47, 2.53, 2.03, 3.97], "texture": "#3"}
			}
		},
		{
			"name": "mini",
			"from": [10.5, 2, 6],
			"to": [15.5, 3, 7],
			"faces": {
				"north": {"uv": [0.53, 1.53, 2.97, 1.97], "texture": "#3"},
				"east": {"uv": [0.03, 1.53, 0.47, 1.97], "texture": "#3"},
				"south": {"uv": [3.53, 1.53, 5.97, 1.97], "texture": "#3"},
				"west": {"uv": [3.03, 1.53, 3.47, 1.97], "texture": "#3"},
				"up": {"uv": [2.97, 1.47, 0.53, 1.03], "rotation": 180, "texture": "#3"},
				"down": {"uv": [5.47, 1.03, 3.03, 1.47], "rotation": 180, "texture": "#3"}
			}
		},
		{
			"name": "mini",
			"from": [10.5, 0.5, 7],
			"to": [11.5, 1.5, 10],
			"faces": {
				"north": {"uv": [3.53, 4.03, 3.97, 4.47], "texture": "#3"},
				"east": {"uv": [2.03, 4.03, 3.47, 4.47], "texture": "#3"},
				"south": {"uv": [1.53, 4.03, 1.97, 4.47], "texture": "#3"},
				"west": {"uv": [0.03, 4.03, 1.47, 4.47], "texture": "#3"},
				"up": {"uv": [1.97, 3.97, 1.53, 2.53], "texture": "#3"},
				"down": {"uv": [2.47, 2.53, 2.03, 3.97], "texture": "#3"}
			}
		},
		{
			"name": "mini",
			"from": [10.5, 0.5, 10],
			"to": [15.5, 1.5, 11],
			"faces": {
				"north": {"uv": [0.53, 1.53, 2.97, 1.97], "texture": "#3"},
				"east": {"uv": [0.03, 1.53, 0.47, 1.97], "texture": "#3"},
				"south": {"uv": [3.53, 1.53, 5.97, 1.97], "texture": "#3"},
				"west": {"uv": [3.03, 1.53, 3.47, 1.97], "texture": "#3"},
				"up": {"uv": [2.97, 1.47, 0.53, 1.03], "rotation": 180, "texture": "#3"},
				"down": {"uv": [5.47, 1.03, 3.03, 1.47], "rotation": 180, "texture": "#3"}
			}
		},
		{
			"name": "mini",
			"from": [11.5, 0.1, 7],
			"to": [14.5, 1.1, 10],
			"faces": {
				"north": {"uv": [4.53, 6.53, 5.97, 6.97], "texture": "#3"},
				"east": {"uv": [3.03, 6.53, 4.47, 6.97], "texture": "#3"},
				"south": {"uv": [1.53, 6.53, 2.97, 6.97], "texture": "#3"},
				"west": {"uv": [0.03, 6.53, 1.47, 6.97], "texture": "#3"},
				"up": {"uv": [2.97, 6.47, 1.53, 5.03], "texture": "#3"},
				"down": {"uv": [4.47, 5.03, 3.03, 6.47], "texture": "#3"}
			}
		},
		{
			"name": "mini",
			"from": [14.5, 0.5, 7],
			"to": [15.5, 1.5, 10],
			"faces": {
				"north": {"uv": [3.53, 4.03, 3.97, 4.47], "texture": "#3"},
				"east": {"uv": [2.03, 4.03, 3.47, 4.47], "texture": "#3"},
				"south": {"uv": [1.53, 4.03, 1.97, 4.47], "texture": "#3"},
				"west": {"uv": [0.03, 4.03, 1.47, 4.47], "texture": "#3"},
				"up": {"uv": [1.97, 3.97, 1.53, 2.53], "texture": "#3"},
				"down": {"uv": [2.47, 2.53, 2.03, 3.97], "texture": "#3"}
			}
		},
		{
			"name": "mini",
			"from": [10.5, 0.5, 6],
			"to": [15.5, 1.5, 7],
			"faces": {
				"north": {"uv": [0.53, 1.53, 2.97, 1.97], "texture": "#3"},
				"east": {"uv": [0.03, 1.53, 0.47, 1.97], "texture": "#3"},
				"south": {"uv": [3.53, 1.53, 5.97, 1.97], "texture": "#3"},
				"west": {"uv": [3.03, 1.53, 3.47, 1.97], "texture": "#3"},
				"up": {"uv": [2.97, 1.47, 0.53, 1.03], "rotation": 180, "texture": "#3"},
				"down": {"uv": [5.47, 1.03, 3.03, 1.47], "rotation": 180, "texture": "#3"}
			}
		}
	],
	"display": {
		"thirdperson_righthand": {
			"rotation": [70, 0, 0],
			"translation": [-6, 5, 6.25]
		},
		"firstperson_righthand": {
			"translation": [-8.25, -2, 0]
		},
		"ground": {
			"translation": [0, 4, 0]
		},
		"gui": {
			"rotation": [24, 24, 0],
			"translation": [0, 2, 0]
		},
		"fixed": {
			"rotation": [-90, 0, 0],
			"translation": [0, 0, -15],
			"scale": [2, 2, 2]
		}
	},
	"groups": [
		{
			"name": "bowl stack",
			"origin": [8, 8, 8],
			"color": 0,
			"children": [
				{
					"name": "bowl",
					"origin": [8, 8, 8],
					"color": 0,
					"children": [0, 1, 2, 3, 4]
				},
				{
					"name": "bowl",
					"origin": [8, 8, 8],
					"color": 0,
					"children": [5, 6, 7, 8, 9]
				},
				{
					"name": "bowl",
					"origin": [8, 8, 8],
					"color": 0,
					"children": [10, 11, 12, 13, 14]
				}
			]
		},
		{
			"name": "mini stack",
			"origin": [8, 8, 8],
			"color": 0,
			"children": [
				{
					"name": "mini",
					"origin": [0, 0.1, -1],
					"color": 3,
					"children": [15, 16, 17, 18, 19]
				},
				{
					"name": "mini",
					"origin": [0, 0.1, -1],
					"color": 3,
					"children": [20, 21, 22, 23, 24]
				}
			]
		}
	]
}