{
	"credit": "Made with Blockbench",
	"texture_size": [64, 64],
	"textures": {
		"0": "block/crockery1"
	},
	"elements": [
		{
			"name": "hankerchief",
			"from": [2.7071, 4.5, 5.29289],
			"to": [9.7071, 4.5, 12.29289],
			"rotation": {"angle": -45, "axis": "y", "origin": [6.2071, 4.5, 8.79289]},
			"faces": {
				"north": {"uv": [1.765, 1.765, 3.485, 1.765], "texture": "#0"},
				"east": {"uv": [0.015, 1.765, 1.735, 1.765], "texture": "#0"},
				"south": {"uv": [5.265, 1.765, 6.985, 1.765], "texture": "#0"},
				"west": {"uv": [3.515, 1.765, 5.235, 1.765], "texture": "#0"},
				"up": {"uv": [3.485, 1.735, 1.765, 0.015], "texture": "#0"},
				"down": {"uv": [3.485, 0, 1.765, 1.72], "texture": "#0"}
			}
		},
		{
			"name": "stuff",
			"from": [8.9, 4.61378, 6.29209],
			"to": [10.9, 4.86378, 8.29209],
			"rotation": {"angle": 0, "axis": "x", "origin": [8, 0, 8]},
			"faces": {
				"north": {"uv": [8.985, 2.875, 8.515, 2.765], "texture": "#0"},
				"east": {"uv": [8.985, 2.875, 8.515, 2.765], "texture": "#0"},
				"south": {"uv": [8.985, 2.875, 8.515, 2.765], "texture": "#0"},
				"west": {"uv": [8.985, 2.875, 8.515, 2.765], "texture": "#0"},
				"up": {"uv": [8.985, 3.235, 8.515, 2.765], "texture": "#0"},
				"down": {"uv": [8.985, 3.235, 8.515, 2.765], "texture": "#0"}
			}
		},
		{
			"name": "stuff",
			"from": [9.4, 4.61378, 8.29209],
			"to": [10.4, 5.36378, 12.29209],
			"rotation": {"angle": 0, "axis": "x", "origin": [8, 0, 8]},
			"faces": {
				"north": {"uv": [7.735, 8.6875, 7.515, 8.515], "texture": "#0"},
				"east": {"uv": [8.735, 9.6875, 7.765, 9.515], "texture": "#0"},
				"south": {"uv": [7.735, 8.6875, 7.515, 8.515], "texture": "#0"},
				"west": {"uv": [8.735, 9.6875, 7.765, 9.515], "texture": "#0"},
				"up": {"uv": [7.735, 9.485, 7.515, 8.515], "texture": "#0"},
				"down": {"uv": [7.735, 9.485, 7.515, 8.515], "texture": "#0"}
			}
		},
		{
			"name": "stuff",
			"from": [7.9, 4.59457, 6.36941],
			"to": [8.4, 4.84457, 7.36941],
			"rotation": {"angle": 0, "axis": "x", "origin": [8, 0, 8]},
			"faces": {
				"north": {"uv": [7.265, 3.015, 7.265, 3.015], "texture": "#0"},
				"east": {"uv": [7.265, 3.015, 7.265, 3.015], "texture": "#0"},
				"south": {"uv": [0.515, 0.265, 0.515, 0.265], "texture": "#0"},
				"west": {"uv": [8.485, 3.485, 8.375, 3.265], "texture": "#0"},
				"up": {"uv": [8.625, 2.985, 8.515, 2.765], "texture": "#0"},
				"down": {"uv": [8.485, 3.485, 8.375, 3.265], "texture": "#0"}
			}
		},
		{
			"name": "stuff",
			"from": [7.1444, 4.59457, 6.36941],
			"to": [7.6444, 4.84457, 7.36941],
			"rotation": {"angle": 0, "axis": "x", "origin": [8, 0, 8]},
			"faces": {
				"north": {"uv": [7.265, 3.015, 7.265, 3.015], "texture": "#0"},
				"east": {"uv": [7.265, 3.015, 7.265, 3.015], "texture": "#0"},
				"south": {"uv": [0.515, 0.265, 0.515, 0.265], "texture": "#0"},
				"west": {"uv": [8.485, 3.485, 8.375, 3.265], "texture": "#0"},
				"up": {"uv": [8.625, 2.985, 8.515, 2.765], "texture": "#0"},
				"down": {"uv": [8.485, 3.485, 8.375, 3.265], "texture": "#0"}
			}
		},
		{
			"name": "stuff",
			"from": [6.4, 4.59457, 6.36941],
			"to": [6.9, 4.84457, 7.36941],
			"rotation": {"angle": 0, "axis": "x", "origin": [8, 0, 8]},
			"faces": {
				"north": {"uv": [7.265, 3.015, 7.265, 3.015], "texture": "#0"},
				"east": {"uv": [7.265, 3.015, 7.265, 3.015], "texture": "#0"},
				"south": {"uv": [0.515, 0.265, 0.515, 0.265], "texture": "#0"},
				"west": {"uv": [8.735, 2.875, 8.515, 2.765], "texture": "#0"},
				"up": {"uv": [8.485, 3.485, 8.375, 3.265], "texture": "#0"},
				"down": {"uv": [8.485, 3.485, 8.375, 3.265], "texture": "#0"}
			}
		},
		{
			"name": "stuff",
			"from": [6.4, 4.59457, 7.36941],
			"to": [8.4, 4.84457, 8.31941],
			"rotation": {"angle": 0, "axis": "x", "origin": [8, 0, 8]},
			"faces": {
				"north": {"uv": [8.985, 2.875, 8.515, 2.765], "texture": "#0"},
				"east": {"uv": [7.265, 3.015, 7.265, 3.015], "texture": "#0"},
				"south": {"uv": [8.985, 2.875, 8.515, 2.765], "texture": "#0"},
				"west": {"uv": [8.7375, 2.875, 8.515, 2.765], "texture": "#0"},
				"up": {"uv": [8.985, 2.9875, 8.515, 2.765], "texture": "#0"},
				"down": {"uv": [8.985, 2.9875, 8.515, 2.765], "texture": "#0"}
			}
		},
		{
			"name": "stuff",
			"from": [6.9, 4.59457, 8.31941],
			"to": [7.9, 5.34457, 12.31941],
			"rotation": {"angle": 0, "axis": "x", "origin": [8, 0, 8]},
			"faces": {
				"north": {"uv": [7.735, 8.6875, 7.515, 8.515], "texture": "#0"},
				"east": {"uv": [8.735, 9.6875, 7.765, 9.515], "texture": "#0"},
				"south": {"uv": [7.735, 8.6875, 7.515, 8.515], "texture": "#0"},
				"west": {"uv": [8.735, 9.6875, 7.765, 9.515], "texture": "#0"},
				"up": {"uv": [7.735, 9.485, 7.515, 8.515], "texture": "#0"},
				"down": {"uv": [7.735, 9.485, 7.515, 8.515], "texture": "#0"}
			}
		},
		{
			"name": "plate3",
			"from": [11, 3.4, 5],
			"to": [13, 4.4, 11],
			"rotation": {"angle": 0, "axis": "y", "origin": [8, 0, 8]},
			"faces": {
				"north": {"uv": [6.015, 7.765, 6.485, 7.985], "texture": "#0"},
				"east": {"uv": [4.515, 7.765, 5.985, 7.985], "texture": "#0"},
				"south": {"uv": [4.015, 7.765, 4.485, 7.985], "texture": "#0"},
				"west": {"uv": [2.515, 7.765, 3.985, 7.985], "texture": "#0"},
				"up": {"uv": [4.485, 7.735, 4.015, 6.265], "rotation": 180, "texture": "#0"},
				"down": {"uv": [4.985, 6.265, 4.515, 7.735], "rotation": 180, "texture": "#0"}
			}
		},
		{
			"name": "plate3",
			"from": [5, 3, 5],
			"to": [11, 4, 11],
			"rotation": {"angle": 0, "axis": "y", "origin": [8, 0, 8]},
			"faces": {
				"north": {"uv": [1.515, 3.265, 2.985, 3.485], "texture": "#0"},
				"east": {"uv": [0.015, 3.265, 1.485, 3.485], "texture": "#0"},
				"south": {"uv": [4.515, 3.265, 5.985, 3.485], "texture": "#0"},
				"west": {"uv": [3.015, 3.265, 4.485, 3.485], "texture": "#0"},
				"up": {"uv": [2.985, 3.235, 1.515, 1.765], "texture": "#0"},
				"down": {"uv": [4.485, 1.765, 3.015, 3.235], "texture": "#0"}
			}
		},
		{
			"name": "plate3",
			"from": [3, 3.4, 3],
			"to": [13, 4.4, 5],
			"rotation": {"angle": 0, "axis": "y", "origin": [8, 0, 8]},
			"faces": {
				"north": {"uv": [8.015, 4.015, 10.485, 4.235], "texture": "#0"},
				"east": {"uv": [7.515, 4.015, 7.985, 4.235], "texture": "#0"},
				"south": {"uv": [5.015, 4.015, 7.485, 4.235], "texture": "#0"},
				"west": {"uv": [4.515, 4.015, 4.985, 4.235], "texture": "#0"},
				"up": {"uv": [7.485, 3.985, 5.015, 3.515], "rotation": 180, "texture": "#0"},
				"down": {"uv": [9.985, 3.515, 7.515, 3.985], "rotation": 180, "texture": "#0"}
			}
		},
		{
			"name": "plate3",
			"from": [3, 3.4, 5],
			"to": [5, 4.4, 11],
			"rotation": {"angle": 0, "axis": "y", "origin": [8, 0, 8]},
			"faces": {
				"north": {"uv": [1.515, 7.515, 1.985, 7.735], "texture": "#0"},
				"east": {"uv": [0.015, 7.515, 1.485, 7.735], "texture": "#0"},
				"south": {"uv": [3.515, 7.515, 3.985, 7.735], "texture": "#0"},
				"west": {"uv": [2.015, 7.515, 3.485, 7.735], "texture": "#0"},
				"up": {"uv": [1.985, 7.485, 1.515, 6.015], "texture": "#0"},
				"down": {"uv": [2.485, 6.015, 2.015, 7.485], "texture": "#0"}
			}
		},
		{
			"name": "plate3",
			"from": [3, 3.4, 11],
			"to": [13, 4.4, 13],
			"rotation": {"angle": 0, "axis": "y", "origin": [8, 0, 8]},
			"faces": {
				"north": {"uv": [5.015, 2.515, 7.485, 2.735], "texture": "#0"},
				"east": {"uv": [4.515, 2.515, 4.985, 2.735], "texture": "#0"},
				"south": {"uv": [8.015, 2.515, 10.485, 2.735], "texture": "#0"},
				"west": {"uv": [7.515, 2.515, 7.985, 2.735], "texture": "#0"},
				"up": {"uv": [7.485, 2.485, 5.015, 2.015], "texture": "#0"},
				"down": {"uv": [9.985, 2.015, 7.515, 2.485], "texture": "#0"}
			}
		},
		{
			"name": "plate2",
			"from": [11, 1.9, 5],
			"to": [13, 2.9, 11],
			"rotation": {"angle": 0, "axis": "y", "origin": [8, 0, 8]},
			"faces": {
				"north": {"uv": [11.015, 8.265, 11.485, 8.485], "texture": "#0"},
				"east": {"uv": [9.515, 8.265, 10.985, 8.485], "texture": "#0"},
				"south": {"uv": [9.015, 8.265, 9.485, 8.485], "texture": "#0"},
				"west": {"uv": [7.515, 8.265, 8.985, 8.485], "texture": "#0"},
				"up": {"uv": [9.485, 8.235, 9.015, 6.765], "rotation": 180, "texture": "#0"},
				"down": {"uv": [9.985, 6.765, 9.515, 8.235], "rotation": 180, "texture": "#0"}
			}
		},
		{
			"name": "plate2",
			"from": [5, 1.5, 5],
			"to": [11, 2.5, 11],
			"rotation": {"angle": 0, "axis": "y", "origin": [8, 0, 8]},
			"faces": {
				"north": {"uv": [1.515, 5.015, 2.985, 5.235], "texture": "#0"},
				"east": {"uv": [0.015, 5.015, 1.485, 5.235], "texture": "#0"},
				"south": {"uv": [4.515, 5.015, 5.985, 5.235], "texture": "#0"},
				"west": {"uv": [3.015, 5.015, 4.485, 5.235], "texture": "#0"},
				"up": {"uv": [2.985, 4.985, 1.515, 3.515], "texture": "#0"},
				"down": {"uv": [4.485, 3.515, 3.015, 4.985], "texture": "#0"}
			}
		},
		{
			"name": "plate2",
			"from": [3, 1.9, 3],
			"to": [13, 2.9, 5],
			"rotation": {"angle": 0, "axis": "y", "origin": [8, 0, 8]},
			"faces": {
				"north": {"uv": [3.515, 5.765, 5.985, 5.985], "texture": "#0"},
				"east": {"uv": [3.015, 5.765, 3.485, 5.985], "texture": "#0"},
				"south": {"uv": [0.515, 5.765, 2.985, 5.985], "texture": "#0"},
				"west": {"uv": [0.015, 5.765, 0.485, 5.985], "texture": "#0"},
				"up": {"uv": [2.985, 5.735, 0.515, 5.265], "rotation": 180, "texture": "#0"},
				"down": {"uv": [5.485, 5.265, 3.015, 5.735], "rotation": 180, "texture": "#0"}
			}
		},
		{
			"name": "plate2",
			"from": [3, 1.9, 5],
			"to": [5, 2.9, 11],
			"rotation": {"angle": 0, "axis": "y", "origin": [8, 0, 8]},
			"faces": {
				"north": {"uv": [6.515, 8.015, 6.985, 8.235], "texture": "#0"},
				"east": {"uv": [5.015, 8.015, 6.485, 8.235], "texture": "#0"},
				"south": {"uv": [8.515, 8.015, 8.985, 8.235], "texture": "#0"},
				"west": {"uv": [7.015, 8.015, 8.485, 8.235], "texture": "#0"},
				"up": {"uv": [6.985, 7.985, 6.515, 6.515], "texture": "#0"},
				"down": {"uv": [7.485, 6.515, 7.015, 7.985], "texture": "#0"}
			}
		},
		{
			"name": "plate2",
			"from": [3, 1.9, 11],
			"to": [13, 2.9, 13],
			"rotation": {"angle": 0, "axis": "y", "origin": [8, 0, 8]},
			"faces": {
				"north": {"uv": [5.015, 4.765, 7.485, 4.985], "texture": "#0"},
				"east": {"uv": [4.515, 4.765, 4.985, 4.985], "texture": "#0"},
				"south": {"uv": [8.015, 4.765, 10.485, 4.985], "texture": "#0"},
				"west": {"uv": [7.515, 4.765, 7.985, 4.985], "texture": "#0"},
				"up": {"uv": [7.485, 4.735, 5.015, 4.265], "texture": "#0"},
				"down": {"uv": [9.985, 4.265, 7.515, 4.735], "texture": "#0"}
			}
		},
		{
			"name": "plate",
			"from": [5, 0, 5],
			"to": [11, 1, 11],
			"rotation": {"angle": 0, "axis": "y", "origin": [8, 0, 8]},
			"faces": {
				"north": {"uv": [6.015, 1.765, 7.485, 1.985], "texture": "#0"},
				"east": {"uv": [4.515, 1.765, 5.985, 1.985], "texture": "#0"},
				"south": {"uv": [7.515, 1.765, 8.985, 1.985], "texture": "#0"},
				"west": {"uv": [7.515, 1.765, 8.985, 1.985], "texture": "#0"},
				"up": {"uv": [7.485, 1.735, 6.015, 0.265], "texture": "#0"},
				"down": {"uv": [8.985, 0.265, 7.515, 1.735], "texture": "#0"}
			}
		},
		{
			"name": "plate",
			"from": [11, 0.4, 5],
			"to": [13, 1.4, 11],
			"rotation": {"angle": 0, "axis": "y", "origin": [8, 0, 8]},
			"faces": {
				"north": {"uv": [6.015, 9.515, 6.485, 9.735], "texture": "#0"},
				"east": {"uv": [4.515, 9.515, 5.985, 9.735], "texture": "#0"},
				"south": {"uv": [4.015, 9.515, 4.485, 9.735], "texture": "#0"},
				"west": {"uv": [5.015, 8.015, 6.485, 8.235], "texture": "#0"},
				"up": {"uv": [4.485, 9.485, 4.015, 8.015], "rotation": 180, "texture": "#0"},
				"down": {"uv": [4.985, 8.015, 4.515, 9.485], "rotation": 180, "texture": "#0"}
			}
		},
		{
			"name": "plate",
			"from": [3, 0.4, 3],
			"to": [13, 1.4, 5],
			"rotation": {"angle": 0, "axis": "y", "origin": [8, 0, 8]},
			"faces": {
				"north": {"uv": [9.015, 6.265, 11.485, 6.485], "texture": "#0"},
				"east": {"uv": [8.515, 6.265, 8.985, 6.485], "texture": "#0"},
				"south": {"uv": [5.015, 8.015, 6.485, 8.235], "texture": "#0"},
				"west": {"uv": [5.515, 6.265, 5.985, 6.485], "texture": "#0"},
				"up": {"uv": [8.485, 6.235, 6.015, 5.765], "rotation": 180, "texture": "#0"},
				"down": {"uv": [10.985, 5.765, 8.515, 6.235], "rotation": 180, "texture": "#0"}
			}
		},
		{
			"name": "plate",
			"from": [3, 0.4, 5],
			"to": [5, 1.4, 11],
			"rotation": {"angle": 0, "axis": "y", "origin": [8, 0, 8]},
			"faces": {
				"north": {"uv": [1.515, 9.265, 1.985, 9.485], "texture": "#0"},
				"east": {"uv": [5.015, 8.015, 6.485, 8.235], "texture": "#0"},
				"south": {"uv": [3.515, 9.265, 3.985, 9.485], "texture": "#0"},
				"west": {"uv": [2.015, 9.265, 3.485, 9.485], "texture": "#0"},
				"up": {"uv": [1.985, 9.235, 1.515, 7.765], "texture": "#0"},
				"down": {"uv": [2.485, 7.765, 2.015, 9.235], "texture": "#0"}
			}
		},
		{
			"name": "plate",
			"from": [3, 0.4, 11],
			"to": [13, 1.4, 13],
			"rotation": {"angle": 0, "axis": "y", "origin": [8, 0, 8]},
			"faces": {
				"north": {"uv": [5.015, 8.015, 6.485, 8.235], "texture": "#0"},
				"east": {"uv": [5.515, 5.515, 5.985, 5.735], "texture": "#0"},
				"south": {"uv": [9.015, 5.515, 11.485, 5.735], "texture": "#0"},
				"west": {"uv": [8.515, 5.515, 8.985, 5.735], "texture": "#0"},
				"up": {"uv": [8.485, 5.485, 6.015, 5.015], "texture": "#0"},
				"down": {"uv": [10.985, 5.015, 8.515, 5.485], "texture": "#0"}
			}
		}
	],
	"display": {
		"thirdperson_righthand": {
			"rotation": [70, 0, 0],
			"translation": [-6, 5, 6.75]
		},
		"firstperson_righthand": {
			"translation": [-9.25, 2.75, 0]
		},
		"gui": {
			"rotation": [30.26, 47.82, 0],
			"translation": [0, 5, 0]
		},
		"fixed": {
			"rotation": [-90, 0, 0],
			"translation": [0, 0, -15],
			"scale": [2, 2, 2]
		}
	},
	"groups": [
		{
			"name": "hankerchief",
			"origin": [0, 0, 0],
			"color": 0,
			"children": [0]
		},
		{
			"name": "stuff",
			"origin": [2.4, 0, -2],
			"color": 1,
			"children": [1, 2, 3, 4, 5, 6, 7]
		},
		{
			"name": "plate3",
			"origin": [0, 3, 0],
			"color": 2,
			"children": [8, 9, 10, 11, 12]
		},
		{
			"name": "plate2",
			"origin": [0, 1.5, 0],
			"color": 3,
			"children": [13, 14, 15, 16, 17]
		},
		{
			"name": "plate",
			"origin": [0, 0, 0],
			"color": 4,
			"children": [18, 19, 20, 21, 22]
		}
	]
}