{
	"credit": "Made with Blockbench",
	"textures": {
		"0": "block/crockery3",
		"1": "block/coffee1blue",
		"particle": "block/coffee1blue"
	},
	"elements": [
		{
			"name": "plate",
			"from": [7.75, 0, 2.25],
			"to": [13.75, 1, 8.25],
			"rotation": {"angle": 0, "axis": "y", "origin": [8.5, 0, 7]},
			"faces": {
				"north": {"uv": [6.015, 3.515, 7.485, 3.735], "texture": "#0"},
				"east": {"uv": [4.515, 3.515, 5.985, 3.735], "texture": "#0"},
				"south": {"uv": [9.015, 3.515, 10.485, 3.735], "texture": "#0"},
				"west": {"uv": [7.515, 3.515, 8.985, 3.735], "texture": "#0"},
				"up": {"uv": [7.485, 3.485, 6.015, 2.015], "texture": "#0"},
				"down": {"uv": [8.985, 2.015, 7.515, 3.485], "texture": "#0"}
			}
		},
		{
			"name": "plate",
			"from": [5.75, 0.4, 0.25],
			"to": [15.75, 1.4, 2.25],
			"rotation": {"angle": 0, "axis": "y", "origin": [8.5, 0, 7]},
			"faces": {
				"north": {"uv": [9.015, 6.765, 11.485, 6.985], "texture": "#0"},
				"east": {"uv": [8.515, 6.765, 8.985, 6.985], "texture": "#0"},
				"south": {"uv": [6.015, 6.765, 8.485, 6.985], "texture": "#0"},
				"west": {"uv": [5.515, 6.765, 5.985, 6.985], "texture": "#0"},
				"up": {"uv": [8.485, 6.735, 6.015, 6.265], "rotation": 180, "texture": "#0"},
				"down": {"uv": [10.985, 6.265, 8.515, 6.735], "rotation": 180, "texture": "#0"}
			}
		},
		{
			"name": "plate",
			"from": [5.75, 0.4, 2.25],
			"to": [7.75, 1.4, 8.25],
			"rotation": {"angle": 0, "axis": "y", "origin": [8.5, 0, 7]},
			"faces": {
				"north": {"uv": [8.015, 10.265, 8.485, 10.485], "texture": "#0"},
				"east": {"uv": [6.515, 10.265, 7.985, 10.485], "texture": "#0"},
				"south": {"uv": [10.015, 10.265, 10.485, 10.485], "texture": "#0"},
				"west": {"uv": [8.515, 10.265, 9.985, 10.485], "texture": "#0"},
				"up": {"uv": [8.485, 10.235, 8.015, 8.765], "texture": "#0"},
				"down": {"uv": [8.985, 8.765, 8.515, 10.235], "texture": "#0"}
			}
		},
		{
			"name": "plate",
			"from": [5.75, 0.4, 8.25],
			"to": [15.75, 1.4, 10.25],
			"rotation": {"angle": 0, "axis": "y", "origin": [8.5, 0, 7]},
			"faces": {
				"north": {"uv": [0.515, 6.515, 2.985, 6.735], "texture": "#0"},
				"east": {"uv": [0.015, 6.515, 0.485, 6.735], "texture": "#0"},
				"south": {"uv": [3.515, 6.515, 5.985, 6.735], "texture": "#0"},
				"west": {"uv": [3.015, 6.515, 3.485, 6.735], "texture": "#0"},
				"up": {"uv": [2.985, 6.485, 0.515, 6.015], "texture": "#0"},
				"down": {"uv": [5.485, 6.015, 3.015, 6.485], "texture": "#0"}
			}
		},
		{
			"name": "plate",
			"from": [13.75, 0.4, 2.25],
			"to": [15.75, 1.4, 8.25],
			"rotation": {"angle": 0, "axis": "y", "origin": [8.5, 0, 7]},
			"faces": {
				"north": {"uv": [6.015, 10.265, 6.485, 10.485], "texture": "#0"},
				"east": {"uv": [4.515, 10.265, 5.985, 10.485], "texture": "#0"},
				"south": {"uv": [4.015, 10.265, 4.485, 10.485], "texture": "#0"},
				"west": {"uv": [2.515, 10.265, 3.985, 10.485], "texture": "#0"},
				"up": {"uv": [4.485, 10.235, 4.015, 8.765], "rotation": 180, "texture": "#0"},
				"down": {"uv": [4.985, 8.765, 4.515, 10.235], "rotation": 180, "texture": "#0"}
			}
		},
		{
			"name": "plate3",
			"from": [7.75, 3, 2.25],
			"to": [13.75, 4, 8.25],
			"rotation": {"angle": 0, "axis": "y", "origin": [8.5, 0, 7]},
			"faces": {
				"north": {"uv": [6.015, 1.765, 7.485, 1.985], "texture": "#0"},
				"east": {"uv": [4.515, 1.765, 5.985, 1.985], "texture": "#0"},
				"south": {"uv": [9.015, 1.765, 10.485, 1.985], "texture": "#0"},
				"west": {"uv": [7.515, 1.765, 8.985, 1.985], "texture": "#0"},
				"up": {"uv": [7.485, 1.735, 6.015, 0.265], "texture": "#0"},
				"down": {"uv": [8.985, 0.265, 7.515, 1.735], "texture": "#0"}
			}
		},
		{
			"name": "plate3",
			"from": [13.75, 3.4, 2.25],
			"to": [15.75, 4.4, 8.25],
			"rotation": {"angle": 0, "axis": "y", "origin": [8.5, 0, 7]},
			"faces": {
				"north": {"uv": [3.515, 10.015, 3.985, 10.235], "texture": "#0"},
				"east": {"uv": [2.015, 10.015, 3.485, 10.235], "texture": "#0"},
				"south": {"uv": [1.515, 10.015, 1.985, 10.235], "texture": "#0"},
				"west": {"uv": [0.015, 10.015, 1.485, 10.235], "texture": "#0"},
				"up": {"uv": [1.985, 9.985, 1.515, 8.515], "rotation": 180, "texture": "#0"},
				"down": {"uv": [2.485, 8.515, 2.015, 9.985], "rotation": 180, "texture": "#0"}
			}
		},
		{
			"name": "plate3",
			"from": [5.75, 3.4, 0.25],
			"to": [15.75, 4.4, 2.25],
			"rotation": {"angle": 0, "axis": "y", "origin": [8.5, 0, 7]},
			"faces": {
				"north": {"uv": [9.015, 6.015, 11.485, 6.235], "texture": "#0"},
				"east": {"uv": [8.515, 6.015, 8.985, 6.235], "texture": "#0"},
				"south": {"uv": [6.015, 6.015, 8.485, 6.235], "texture": "#0"},
				"west": {"uv": [5.515, 6.015, 5.985, 6.235], "texture": "#0"},
				"up": {"uv": [8.485, 5.985, 6.015, 5.515], "rotation": 180, "texture": "#0"},
				"down": {"uv": [10.985, 5.515, 8.515, 5.985], "rotation": 180, "texture": "#0"}
			}
		},
		{
			"name": "plate3",
			"from": [5.75, 3.4, 2.25],
			"to": [7.75, 4.4, 8.25],
			"rotation": {"angle": 0, "axis": "y", "origin": [8.5, 0, 7]},
			"faces": {
				"north": {"uv": [8.015, 8.515, 8.485, 8.735], "texture": "#0"},
				"east": {"uv": [6.515, 8.515, 7.985, 8.735], "texture": "#0"},
				"south": {"uv": [10.015, 8.515, 10.485, 8.735], "texture": "#0"},
				"west": {"uv": [8.515, 8.515, 9.985, 8.735], "texture": "#0"},
				"up": {"uv": [8.485, 8.485, 8.015, 7.015], "texture": "#0"},
				"down": {"uv": [8.985, 7.015, 8.515, 8.485], "texture": "#0"}
			}
		},
		{
			"name": "plate3",
			"from": [5.75, 3.4, 8.25],
			"to": [15.75, 4.4, 10.25],
			"rotation": {"angle": 0, "axis": "y", "origin": [8.5, 0, 7]},
			"faces": {
				"north": {"uv": [6.015, 5.265, 8.485, 5.485], "texture": "#0"},
				"east": {"uv": [5.515, 5.265, 5.985, 5.485], "texture": "#0"},
				"south": {"uv": [9.015, 5.265, 11.485, 5.485], "texture": "#0"},
				"west": {"uv": [8.515, 5.265, 8.985, 5.485], "texture": "#0"},
				"up": {"uv": [8.485, 5.235, 6.015, 4.765], "texture": "#0"},
				"down": {"uv": [10.985, 4.765, 8.515, 5.235], "texture": "#0"}
			}
		},
		{
			"name": "plate2",
			"from": [7.75, 1.5, 2.25],
			"to": [13.75, 2.5, 8.25],
			"rotation": {"angle": 0, "axis": "y", "origin": [8.5, 0, 7]},
			"faces": {
				"north": {"uv": [1.515, 5.015, 2.985, 5.235], "texture": "#0"},
				"east": {"uv": [0.015, 5.015, 1.485, 5.235], "texture": "#0"},
				"south": {"uv": [4.515, 5.015, 5.985, 5.235], "texture": "#0"},
				"west": {"uv": [3.015, 5.015, 4.485, 5.235], "texture": "#0"},
				"up": {"uv": [2.985, 4.985, 1.515, 3.515], "texture": "#0"},
				"down": {"uv": [4.485, 3.515, 3.015, 4.985], "texture": "#0"}
			}
		},
		{
			"name": "plate2",
			"from": [13.75, 1.9, 2.25],
			"to": [15.75, 2.9, 8.25],
			"rotation": {"angle": 0, "axis": "y", "origin": [8.5, 0, 7]},
			"faces": {
				"north": {"uv": [6.015, 8.515, 6.485, 8.735], "texture": "#0"},
				"east": {"uv": [4.515, 8.515, 5.985, 8.735], "texture": "#0"},
				"south": {"uv": [4.015, 8.515, 4.485, 8.735], "texture": "#0"},
				"west": {"uv": [2.515, 8.515, 3.985, 8.735], "texture": "#0"},
				"up": {"uv": [4.485, 8.485, 4.015, 7.015], "rotation": 180, "texture": "#0"},
				"down": {"uv": [4.985, 7.015, 4.515, 8.485], "rotation": 180, "texture": "#0"}
			}
		},
		{
			"name": "plate2",
			"from": [5.75, 1.9, 0.25],
			"to": [15.75, 2.9, 2.25],
			"rotation": {"angle": 0, "axis": "y", "origin": [8.5, 0, 7]},
			"faces": {
				"north": {"uv": [3.515, 5.765, 5.985, 5.985], "texture": "#0"},
				"east": {"uv": [3.015, 5.765, 3.485, 5.985], "texture": "#0"},
				"south": {"uv": [0.515, 5.765, 2.985, 5.985], "texture": "#0"},
				"west": {"uv": [0.015, 5.765, 0.485, 5.985], "texture": "#0"},
				"up": {"uv": [2.985, 5.735, 0.515, 5.265], "rotation": 180, "texture": "#0"},
				"down": {"uv": [5.485, 5.265, 3.015, 5.735], "rotation": 180, "texture": "#0"}
			}
		},
		{
			"name": "plate2",
			"from": [5.75, 1.9, 2.25],
			"to": [7.75, 2.9, 8.25],
			"rotation": {"angle": 0, "axis": "y", "origin": [8.5, 0, 7]},
			"faces": {
				"north": {"uv": [1.515, 8.265, 1.985, 8.485], "texture": "#0"},
				"east": {"uv": [0.015, 8.265, 1.485, 8.485], "texture": "#0"},
				"south": {"uv": [3.515, 8.265, 3.985, 8.485], "texture": "#0"},
				"west": {"uv": [2.015, 8.265, 3.485, 8.485], "texture": "#0"},
				"up": {"uv": [1.985, 8.235, 1.515, 6.765], "texture": "#0"},
				"down": {"uv": [2.485, 6.765, 2.015, 8.235], "texture": "#0"}
			}
		},
		{
			"name": "plate2",
			"from": [5.75, 1.9, 8.25],
			"to": [15.75, 2.9, 10.25],
			"rotation": {"angle": 0, "axis": "y", "origin": [8.5, 0, 7]},
			"faces": {
				"north": {"uv": [5.015, 4.265, 7.485, 4.485], "texture": "#0"},
				"east": {"uv": [4.515, 4.265, 4.985, 4.485], "texture": "#0"},
				"south": {"uv": [8.015, 4.265, 10.485, 4.485], "texture": "#0"},
				"west": {"uv": [7.515, 4.265, 7.985, 4.485], "texture": "#0"},
				"up": {"uv": [7.485, 4.235, 5.015, 3.765], "texture": "#0"},
				"down": {"uv": [9.985, 3.765, 7.515, 4.235], "texture": "#0"}
			}
		},
		{
			"name": "cup",
			"from": [1.17092, 0.6, 19.51429],
			"to": [2.47092, 3.4, 20.51429],
			"rotation": {"angle": -45, "axis": "y", "origin": [13.03372, 1.75, 15.01429]},
			"faces": {
				"north": {"uv": [4.032, 0.032, 5.968, 3.968], "texture": "#1"},
				"east": {"uv": [11.032, 10.032, 11.968, 12.968], "texture": "#1"},
				"south": {"uv": [5.968, 0.032, 4.032, 3.968], "texture": "#1"},
				"west": {"uv": [5.032, 0.032, 5.968, 3.968], "texture": "#1"},
				"up": {"uv": [5.968, 0.968, 4.032, 0.032], "texture": "#1"},
				"down": {"uv": [5.968, 0.968, 4.032, 0.032], "texture": "#1"}
			}
		},
		{
			"name": "cup",
			"from": [3.49771, 0, 19.01429],
			"to": [5.49771, 1, 21.01429],
			"rotation": {"angle": -45, "axis": "y", "origin": [13.03372, 1.75, 15.01429]},
			"faces": {
				"north": {"uv": [9.968, 1.968, 8.032, 0.032], "texture": "#1"},
				"east": {"uv": [9.968, 1.968, 8.032, 0.032], "texture": "#1"},
				"south": {"uv": [9.968, 1.968, 8.032, 0.032], "texture": "#1"},
				"west": {"uv": [9.968, 1.968, 8.032, 0.032], "texture": "#1"},
				"up": {"uv": [3.968, 13.968, 2.032, 12.032], "texture": "#1"},
				"down": {"uv": [3.936, 13.936, 2.032, 12.032], "texture": "#1"}
			}
		},
		{
			"name": "body",
			"from": [5.47092, 0, 19.01429],
			"to": [6.47092, 4, 21.01429],
			"rotation": {"angle": -45, "axis": "y", "origin": [13.03372, 1.75, 15.01429]},
			"faces": {
				"north": {"uv": [10.032, 9.032, 10.968, 12.968], "texture": "#1"},
				"east": {"uv": [1.032, 0.032, 2.968, 3.968], "texture": "#1"},
				"south": {"uv": [11.032, 0.032, 11.968, 3.968], "texture": "#1"},
				"west": {"uv": [1.032, 0.032, 2.968, 3.936], "texture": "#1"},
				"up": {"uv": [3.968, 3.968, 3.032, 2.032], "texture": "#1"},
				"down": {"uv": [4.968, 12.032, 4.032, 13.968], "texture": "#1"}
			}
		},
		{
			"name": "body",
			"from": [2.47092, 0, 19.01429],
			"to": [3.47092, 4, 21.01429],
			"rotation": {"angle": -45, "axis": "y", "origin": [13.03372, 1.75, 15.01429]},
			"faces": {
				"north": {"uv": [0.032, 0.032, 0.968, 3.968], "texture": "#1"},
				"east": {"uv": [1.032, 0.032, 2.968, 3.968], "texture": "#1"},
				"south": {"uv": [3.032, 0.032, 3.968, 3.968], "texture": "#1"},
				"west": {"uv": [1.032, 0.032, 2.968, 3.968], "texture": "#1"},
				"up": {"uv": [2.968, 3.968, 2.032, 2.032], "texture": "#1"},
				"down": {"uv": [1.968, 2.032, 1.032, 3.968], "texture": "#1"}
			}
		},
		{
			"name": "body",
			"from": [2.47092, 0, 18.01429],
			"to": [6.47092, 4, 19.01429],
			"rotation": {"angle": -45, "axis": "y", "origin": [13.03372, 1.75, 15.01429]},
			"faces": {
				"north": {"uv": [0.032, 0.032, 3.968, 3.968], "texture": "#1"},
				"east": {"uv": [3.032, 0.032, 3.968, 3.968], "texture": "#1"},
				"south": {"uv": [0.032, 0.032, 3.968, 3.968], "texture": "#1"},
				"west": {"uv": [0.032, 0.032, 0.968, 3.968], "texture": "#1"},
				"up": {"uv": [3.968, 0.968, 0.032, 0.032], "texture": "#1"},
				"down": {"uv": [4.968, 10.032, 1.032, 10.968], "texture": "#1"}
			}
		},
		{
			"name": "body",
			"from": [2.47092, 0, 21.01429],
			"to": [6.47092, 4, 22.01429],
			"rotation": {"angle": -45, "axis": "y", "origin": [13.03372, 1.75, 15.01429]},
			"faces": {
				"north": {"uv": [0.032, 0.032, 3.968, 3.968], "texture": "#1"},
				"east": {"uv": [0.032, 0.032, 0.968, 3.968], "texture": "#1"},
				"south": {"uv": [0.032, 0.032, 3.968, 3.968], "texture": "#1"},
				"west": {"uv": [3.032, 0.032, 3.968, 3.968], "texture": "#1"},
				"up": {"uv": [3.968, 0.968, 0.032, 0.032], "texture": "#1"},
				"down": {"uv": [4.968, 10.032, 1.032, 10.968], "texture": "#1"}
			}
		},
		{
			"name": "cup",
			"from": [12.59652, 0.6, 12.51429],
			"to": [13.89652, 3.4, 13.51429],
			"rotation": {"angle": 0, "axis": "y", "origin": [12.03372, 1.75, 13.01429]},
			"faces": {
				"north": {"uv": [5.968, 0.032, 4.032, 3.968], "texture": "#1"},
				"east": {"uv": [5.032, 0.032, 5.968, 3.968], "texture": "#1"},
				"south": {"uv": [4.032, 0.032, 5.968, 3.968], "texture": "#1"},
				"west": {"uv": [11.032, 10.032, 11.968, 12.968], "texture": "#1"},
				"up": {"uv": [5.968, 0.968, 4.032, 0.032], "rotation": 180, "texture": "#1"},
				"down": {"uv": [5.968, 0.968, 4.032, 0.032], "rotation": 180, "texture": "#1"}
			}
		},
		{
			"name": "cup",
			"from": [9.56973, 0, 12.01429],
			"to": [11.56973, 1, 14.01429],
			"rotation": {"angle": 0, "axis": "y", "origin": [12.03372, 1.75, 13.01429]},
			"faces": {
				"north": {"uv": [9.968, 1.968, 8.032, 0.032], "texture": "#1"},
				"east": {"uv": [9.968, 1.968, 8.032, 0.032], "texture": "#1"},
				"south": {"uv": [9.968, 1.968, 8.032, 0.032], "texture": "#1"},
				"west": {"uv": [9.968, 1.968, 8.032, 0.032], "texture": "#1"},
				"up": {"uv": [3.968, 13.968, 2.032, 12.032], "rotation": 180, "texture": "#1"},
				"down": {"uv": [3.936, 13.936, 2.032, 12.032], "rotation": 180, "texture": "#1"}
			}
		},
		{
			"name": "body",
			"from": [8.59652, 0, 12.01429],
			"to": [9.59652, 4, 14.01429],
			"rotation": {"angle": 0, "axis": "y", "origin": [12.03372, 1.75, 13.01429]},
			"faces": {
				"north": {"uv": [11.032, 0.032, 11.968, 3.968], "texture": "#1"},
				"east": {"uv": [1.032, 0.032, 2.968, 3.936], "texture": "#1"},
				"south": {"uv": [10.032, 9.032, 10.968, 12.968], "texture": "#1"},
				"west": {"uv": [1.032, 0.032, 2.968, 3.968], "texture": "#1"},
				"up": {"uv": [3.968, 3.968, 3.032, 2.032], "rotation": 180, "texture": "#1"},
				"down": {"uv": [4.968, 12.032, 4.032, 13.968], "rotation": 180, "texture": "#1"}
			}
		},
		{
			"name": "body",
			"from": [11.59652, 0, 12.01429],
			"to": [12.59652, 4, 14.01429],
			"rotation": {"angle": 0, "axis": "y", "origin": [12.03372, 1.75, 13.01429]},
			"faces": {
				"north": {"uv": [3.032, 0.032, 3.968, 3.968], "texture": "#1"},
				"east": {"uv": [1.032, 0.032, 2.968, 3.968], "texture": "#1"},
				"south": {"uv": [0.032, 0.032, 0.968, 3.968], "texture": "#1"},
				"west": {"uv": [1.032, 0.032, 2.968, 3.968], "texture": "#1"},
				"up": {"uv": [2.968, 3.968, 2.032, 2.032], "rotation": 180, "texture": "#1"},
				"down": {"uv": [1.968, 2.032, 1.032, 3.968], "rotation": 180, "texture": "#1"}
			}
		},
		{
			"name": "body",
			"from": [8.59652, 0, 14.01429],
			"to": [12.59652, 4, 15.01429],
			"rotation": {"angle": 0, "axis": "y", "origin": [12.03372, 1.75, 13.01429]},
			"faces": {
				"north": {"uv": [0.032, 0.032, 3.968, 3.968], "texture": "#1"},
				"east": {"uv": [0.032, 0.032, 0.968, 3.968], "texture": "#1"},
				"south": {"uv": [0.032, 0.032, 3.968, 3.968], "texture": "#1"},
				"west": {"uv": [3.032, 0.032, 3.968, 3.968], "texture": "#1"},
				"up": {"uv": [3.968, 0.968, 0.032, 0.032], "rotation": 180, "texture": "#1"},
				"down": {"uv": [4.968, 10.032, 1.032, 10.968], "rotation": 180, "texture": "#1"}
			}
		},
		{
			"name": "body",
			"from": [8.59652, 0, 11.01429],
			"to": [12.59652, 4, 12.01429],
			"rotation": {"angle": 0, "axis": "y", "origin": [12.03372, 1.75, 13.01429]},
			"faces": {
				"north": {"uv": [0.032, 0.032, 3.968, 3.968], "texture": "#1"},
				"east": {"uv": [3.032, 0.032, 3.968, 3.968], "texture": "#1"},
				"south": {"uv": [0.032, 0.032, 3.968, 3.968], "texture": "#1"},
				"west": {"uv": [0.032, 0.032, 0.968, 3.968], "texture": "#1"},
				"up": {"uv": [3.968, 0.968, 0.032, 0.032], "rotation": 180, "texture": "#1"},
				"down": {"uv": [4.968, 10.032, 1.032, 10.968], "rotation": 180, "texture": "#1"}
			}
		},
		{
			"name": "cup",
			"from": [2.53372, 0.6, 1.15149],
			"to": [3.53372, 3.4, 2.45149],
			"rotation": {"angle": 0, "axis": "y", "origin": [4.03372, 1.75, 23.01429]},
			"faces": {
				"north": {"uv": [5.032, 0.032, 5.968, 3.968], "texture": "#1"},
				"east": {"uv": [4.032, 0.032, 5.968, 3.968], "texture": "#1"},
				"south": {"uv": [11.032, 10.032, 11.968, 12.968], "texture": "#1"},
				"west": {"uv": [5.968, 0.032, 4.032, 3.968], "texture": "#1"},
				"up": {"uv": [5.968, 0.968, 4.032, 0.032], "rotation": 90, "texture": "#1"},
				"down": {"uv": [5.968, 0.968, 4.032, 0.032], "rotation": 270, "texture": "#1"}
			}
		},
		{
			"name": "cup",
			"from": [2.03372, 0, 3.47828],
			"to": [4.03372, 1, 5.47828],
			"rotation": {"angle": 0, "axis": "y", "origin": [4.03372, 1.75, 23.01429]},
			"faces": {
				"north": {"uv": [9.968, 1.968, 8.032, 0.032], "texture": "#1"},
				"east": {"uv": [9.968, 1.968, 8.032, 0.032], "texture": "#1"},
				"south": {"uv": [9.968, 1.968, 8.032, 0.032], "texture": "#1"},
				"west": {"uv": [9.968, 1.968, 8.032, 0.032], "texture": "#1"},
				"up": {"uv": [3.968, 13.968, 2.032, 12.032], "rotation": 90, "texture": "#1"},
				"down": {"uv": [3.936, 13.936, 2.032, 12.032], "rotation": 270, "texture": "#1"}
			}
		},
		{
			"name": "body",
			"from": [2.03372, 0, 5.45149],
			"to": [4.03372, 4, 6.45149],
			"rotation": {"angle": 0, "axis": "y", "origin": [4.03372, 1.75, 23.01429]},
			"faces": {
				"north": {"uv": [1.032, 0.032, 2.968, 3.936], "texture": "#1"},
				"east": {"uv": [10.032, 9.032, 10.968, 12.968], "texture": "#1"},
				"south": {"uv": [1.032, 0.032, 2.968, 3.968], "texture": "#1"},
				"west": {"uv": [11.032, 0.032, 11.968, 3.968], "texture": "#1"},
				"up": {"uv": [3.968, 3.968, 3.032, 2.032], "rotation": 90, "texture": "#1"},
				"down": {"uv": [4.968, 12.032, 4.032, 13.968], "rotation": 270, "texture": "#1"}
			}
		},
		{
			"name": "body",
			"from": [2.03372, 0, 2.45149],
			"to": [4.03372, 4, 3.45149],
			"rotation": {"angle": 0, "axis": "y", "origin": [4.03372, 1.75, 23.01429]},
			"faces": {
				"north": {"uv": [1.032, 0.032, 2.968, 3.968], "texture": "#1"},
				"east": {"uv": [0.032, 0.032, 0.968, 3.968], "texture": "#1"},
				"south": {"uv": [1.032, 0.032, 2.968, 3.968], "texture": "#1"},
				"west": {"uv": [3.032, 0.032, 3.968, 3.968], "texture": "#1"},
				"up": {"uv": [2.968, 3.968, 2.032, 2.032], "rotation": 90, "texture": "#1"},
				"down": {"uv": [1.968, 2.032, 1.032, 3.968], "rotation": 270, "texture": "#1"}
			}
		},
		{
			"name": "body",
			"from": [4.03372, 0, 2.45149],
			"to": [5.03372, 4, 6.45149],
			"rotation": {"angle": 0, "axis": "y", "origin": [4.03372, 1.75, 23.01429]},
			"faces": {
				"north": {"uv": [0.032, 0.032, 0.968, 3.968], "texture": "#1"},
				"east": {"uv": [0.032, 0.032, 3.968, 3.968], "texture": "#1"},
				"south": {"uv": [3.032, 0.032, 3.968, 3.968], "texture": "#1"},
				"west": {"uv": [0.032, 0.032, 3.968, 3.968], "texture": "#1"},
				"up": {"uv": [3.968, 0.968, 0.032, 0.032], "rotation": 90, "texture": "#1"},
				"down": {"uv": [4.968, 10.032, 1.032, 10.968], "rotation": 270, "texture": "#1"}
			}
		},
		{
			"name": "body",
			"from": [1.03372, 0, 2.45149],
			"to": [2.03372, 4, 6.45149],
			"rotation": {"angle": 0, "axis": "y", "origin": [4.03372, 1.75, 23.01429]},
			"faces": {
				"north": {"uv": [3.032, 0.032, 3.968, 3.968], "texture": "#1"},
				"east": {"uv": [0.032, 0.032, 3.968, 3.968], "texture": "#1"},
				"south": {"uv": [0.032, 0.032, 0.968, 3.968], "texture": "#1"},
				"west": {"uv": [0.032, 0.032, 3.968, 3.968], "texture": "#1"},
				"up": {"uv": [3.968, 0.968, 0.032, 0.032], "rotation": 90, "texture": "#1"},
				"down": {"uv": [4.968, 10.032, 1.032, 10.968], "rotation": 270, "texture": "#1"}
			}
		}
	],
	"display": {
		"thirdperson_righthand": {
			"rotation": [70, 0, 0],
			"translation": [-6, 3.75, 8]
		},
		"firstperson_righthand": {
			"translation": [-8.75, 0, -4.25]
		},
		"gui": {
			"rotation": [30.26, 47.82, 0],
			"translation": [0, 5, 0]
		},
		"fixed": {
			"rotation": [-90, 0, 0],
			"translation": [0, 0, -15],
			"scale": [2, 2, 2]
		}
	},
	"groups": [
		{
			"name": "plate",
			"origin": [2.25, 0, -2.25],
			"color": 0,
			"children": [
				0,
				1,
				2,
				3,
				4,
				{
					"name": "plate3",
					"origin": [2.25, 3, -2.25],
					"color": 1,
					"children": [5, 6, 7, 8, 9]
				},
				{
					"name": "plate2",
					"origin": [2.25, 1.5, -2.25],
					"color": 2,
					"children": [10, 11, 12, 13, 14]
				},
				{
					"name": "coaster",
					"origin": [-0.5, 6, 0],
					"color": 3,
					"children": []
				}
			]
		},
		{
			"name": "cup",
			"origin": [-0.4, 1, 0.1],
			"color": 0,
			"children": [
				15,
				16,
				{
					"name": "body",
					"origin": [-0.91603, 1, 1.20622],
					"color": 1,
					"children": [17, 18, 19, 20]
				}
			]
		},
		{
			"name": "cup",
			"origin": [-0.4, 1, 0.1],
			"color": 0,
			"children": [
				21,
				22,
				{
					"name": "body",
					"origin": [-0.91603, 1, 1.20622],
					"color": 1,
					"children": [23, 24, 25, 26]
				}
			]
		},
		{
			"name": "cup",
			"origin": [-0.4, 1, 0.1],
			"color": 0,
			"children": [
				27,
				28,
				{
					"name": "body",
					"origin": [-0.91603, 1, 1.20622],
					"color": 1,
					"children": [29, 30, 31, 32]
				},
				{
					"name": "group",
					"origin": [-0.4, 1, 0.1],
					"color": 0,
					"children": []
				}
			]
		}
	]
}