{
	"credit": "Made with Blockbench",
	"texture_size": [32, 32],
	"textures": {
		"0": "block/plate1"
	},
	"elements": [
		{
			"name": "plate2",
			"from": [0.33, 2.07, 5],
			"to": [1.33, 8.07, 11],
			"rotation": {"angle": 0, "axis": "y", "origin": [7.25, 2.07, 8]},
			"faces": {
				"north": {"uv": [6.03, 10.03, 8.97, 10.47], "rotation": 270, "texture": "#0"},
				"east": {"uv": [5.97, 9.97, 3.03, 7.03], "texture": "#0"},
				"south": {"uv": [0.03, 10.03, 2.97, 10.47], "rotation": 90, "texture": "#0"},
				"west": {"uv": [8.97, 7.03, 6.03, 9.97], "rotation": 180, "texture": "#0"},
				"up": {"uv": [9.03, 10.03, 11.97, 10.47], "rotation": 90, "texture": "#0"},
				"down": {"uv": [3.03, 10.03, 5.97, 10.47], "rotation": 90, "texture": "#0"}
			}
		},
		{
			"name": "plate2",
			"from": [0.73, 2.07, 11],
			"to": [1.73, 8.07, 13],
			"rotation": {"angle": 0, "axis": "y", "origin": [7.25, 2.07, 8]},
			"faces": {
				"north": {"uv": [0.03, 15.53, 2.97, 15.97], "rotation": 270, "texture": "#0"},
				"east": {"uv": [3.97, 15.47, 3.03, 12.53], "rotation": 180, "texture": "#0"},
				"south": {"uv": [4.53, 15.53, 7.47, 15.97], "rotation": 90, "texture": "#0"},
				"west": {"uv": [4.97, 12.53, 4.03, 15.47], "texture": "#0"},
				"up": {"uv": [3.03, 15.53, 3.97, 15.97], "rotation": 90, "texture": "#0"},
				"down": {"uv": [7.03, 15.53, 7.97, 15.97], "rotation": 90, "texture": "#0"}
			}
		},
		{
			"name": "plate2",
			"from": [0.73, 0.07, 3],
			"to": [1.73, 2.07, 13],
			"rotation": {"angle": 0, "axis": "y", "origin": [7.25, 2.07, 8]},
			"faces": {
				"north": {"uv": [4.03, 12.03, 4.97, 12.47], "rotation": 270, "texture": "#0"},
				"east": {"uv": [9.97, 11.97, 5.03, 11.03], "rotation": 180, "texture": "#0"},
				"south": {"uv": [10.03, 12.03, 10.97, 12.47], "rotation": 90, "texture": "#0"},
				"west": {"uv": [14.97, 11.03, 10.03, 11.97], "texture": "#0"},
				"up": {"uv": [5.03, 12.03, 9.97, 12.47], "rotation": 90, "texture": "#0"},
				"down": {"uv": [11.03, 12.03, 15.97, 12.47], "rotation": 90, "texture": "#0"}
			}
		},
		{
			"name": "plate2",
			"from": [0.73, 2.07, 3],
			"to": [1.73, 8.07, 5],
			"rotation": {"angle": 0, "axis": "y", "origin": [7.25, 2.07, 8]},
			"faces": {
				"north": {"uv": [4.53, 15.53, 7.47, 15.97], "rotation": 270, "texture": "#0"},
				"east": {"uv": [3.97, 15.47, 3.03, 12.53], "texture": "#0"},
				"south": {"uv": [0.03, 15.53, 2.97, 15.97], "rotation": 90, "texture": "#0"},
				"west": {"uv": [4.97, 12.53, 4.03, 15.47], "rotation": 180, "texture": "#0"},
				"up": {"uv": [7.03, 15.53, 7.97, 15.97], "rotation": 90, "texture": "#0"},
				"down": {"uv": [3.03, 15.53, 3.97, 15.97], "rotation": 90, "texture": "#0"}
			}
		},
		{
			"name": "plate2",
			"from": [0.73, 8.07, 3],
			"to": [1.73, 10.07, 13],
			"rotation": {"angle": 0, "axis": "y", "origin": [7.25, 2.07, 8]},
			"faces": {
				"north": {"uv": [10.03, 12.03, 10.97, 12.47], "rotation": 270, "texture": "#0"},
				"east": {"uv": [9.97, 11.97, 5.03, 11.03], "texture": "#0"},
				"south": {"uv": [4.03, 12.03, 4.97, 12.47], "rotation": 90, "texture": "#0"},
				"west": {"uv": [14.97, 11.03, 10.03, 11.97], "rotation": 180, "texture": "#0"},
				"up": {"uv": [11.03, 12.03, 15.97, 12.47], "rotation": 90, "texture": "#0"},
				"down": {"uv": [5.03, 12.03, 9.97, 12.47], "rotation": 90, "texture": "#0"}
			}
		},
		{
			"name": "plate3",
			"from": [2.13, 2.07, 5],
			"to": [3.13, 8.07, 11],
			"rotation": {"angle": 0, "axis": "y", "origin": [7.25, 2.07, 8]},
			"faces": {
				"north": {"uv": [6.03, 10.03, 8.97, 10.47], "rotation": 270, "texture": "#0"},
				"east": {"uv": [5.97, 9.97, 3.03, 7.03], "texture": "#0"},
				"south": {"uv": [0.03, 10.03, 2.97, 10.47], "rotation": 90, "texture": "#0"},
				"west": {"uv": [8.97, 7.03, 6.03, 9.97], "rotation": 180, "texture": "#0"},
				"up": {"uv": [9.03, 10.03, 11.97, 10.47], "rotation": 90, "texture": "#0"},
				"down": {"uv": [3.03, 10.03, 5.97, 10.47], "rotation": 90, "texture": "#0"}
			}
		},
		{
			"name": "plate3",
			"from": [2.53, 2.07, 11],
			"to": [3.53, 8.07, 13],
			"rotation": {"angle": 0, "axis": "y", "origin": [7.25, 2.07, 8]},
			"faces": {
				"north": {"uv": [0.03, 15.53, 2.97, 15.97], "rotation": 270, "texture": "#0"},
				"east": {"uv": [3.97, 15.47, 3.03, 12.53], "rotation": 180, "texture": "#0"},
				"south": {"uv": [4.53, 15.53, 7.47, 15.97], "rotation": 90, "texture": "#0"},
				"west": {"uv": [4.97, 12.53, 4.03, 15.47], "texture": "#0"},
				"up": {"uv": [3.03, 15.53, 3.97, 15.97], "rotation": 90, "texture": "#0"},
				"down": {"uv": [7.03, 15.53, 7.97, 15.97], "rotation": 90, "texture": "#0"}
			}
		},
		{
			"name": "plate3",
			"from": [2.53, 0.07, 3],
			"to": [3.53, 2.07, 13],
			"rotation": {"angle": 0, "axis": "y", "origin": [7.25, 2.07, 8]},
			"faces": {
				"north": {"uv": [4.03, 12.03, 4.97, 12.47], "rotation": 270, "texture": "#0"},
				"east": {"uv": [9.97, 11.97, 5.03, 11.03], "rotation": 180, "texture": "#0"},
				"south": {"uv": [10.03, 12.03, 10.97, 12.47], "rotation": 90, "texture": "#0"},
				"west": {"uv": [14.97, 11.03, 10.03, 11.97], "texture": "#0"},
				"up": {"uv": [5.03, 12.03, 9.97, 12.47], "rotation": 90, "texture": "#0"},
				"down": {"uv": [11.03, 12.03, 15.97, 12.47], "rotation": 90, "texture": "#0"}
			}
		},
		{
			"name": "plate3",
			"from": [2.53, 2.07, 3],
			"to": [3.53, 8.07, 5],
			"rotation": {"angle": 0, "axis": "y", "origin": [7.25, 2.07, 8]},
			"faces": {
				"north": {"uv": [4.53, 15.53, 7.47, 15.97], "rotation": 270, "texture": "#0"},
				"east": {"uv": [3.97, 15.47, 3.03, 12.53], "texture": "#0"},
				"south": {"uv": [0.03, 15.53, 2.97, 15.97], "rotation": 90, "texture": "#0"},
				"west": {"uv": [4.97, 12.53, 4.03, 15.47], "rotation": 180, "texture": "#0"},
				"up": {"uv": [7.03, 15.53, 7.97, 15.97], "rotation": 90, "texture": "#0"},
				"down": {"uv": [3.03, 15.53, 3.97, 15.97], "rotation": 90, "texture": "#0"}
			}
		},
		{
			"name": "plate3",
			"from": [2.53, 8.07, 3],
			"to": [3.53, 10.07, 13],
			"rotation": {"angle": 0, "axis": "y", "origin": [7.25, 2.07, 8]},
			"faces": {
				"north": {"uv": [10.03, 12.03, 10.97, 12.47], "rotation": 270, "texture": "#0"},
				"east": {"uv": [9.97, 11.97, 5.03, 11.03], "texture": "#0"},
				"south": {"uv": [4.03, 12.03, 4.97, 12.47], "rotation": 90, "texture": "#0"},
				"west": {"uv": [14.97, 11.03, 10.03, 11.97], "rotation": 180, "texture": "#0"},
				"up": {"uv": [11.03, 12.03, 15.97, 12.47], "rotation": 90, "texture": "#0"},
				"down": {"uv": [5.03, 12.03, 9.97, 12.47], "rotation": 90, "texture": "#0"}
			}
		},
		{
			"name": "plate4",
			"from": [3.88, 2.07, 5],
			"to": [4.88, 8.07, 11],
			"rotation": {"angle": 0, "axis": "y", "origin": [7.25, 2.07, 8]},
			"faces": {
				"north": {"uv": [6.03, 10.03, 8.97, 10.47], "rotation": 270, "texture": "#0"},
				"east": {"uv": [5.97, 9.97, 3.03, 7.03], "texture": "#0"},
				"south": {"uv": [0.03, 10.03, 2.97, 10.47], "rotation": 90, "texture": "#0"},
				"west": {"uv": [8.97, 7.03, 6.03, 9.97], "rotation": 180, "texture": "#0"},
				"up": {"uv": [9.03, 10.03, 11.97, 10.47], "rotation": 90, "texture": "#0"},
				"down": {"uv": [3.03, 10.03, 5.97, 10.47], "rotation": 90, "texture": "#0"}
			}
		},
		{
			"name": "plate4",
			"from": [4.28, 2.07, 11],
			"to": [5.28, 8.07, 13],
			"rotation": {"angle": 0, "axis": "y", "origin": [7.25, 2.07, 8]},
			"faces": {
				"north": {"uv": [0.03, 15.53, 2.97, 15.97], "rotation": 270, "texture": "#0"},
				"east": {"uv": [3.97, 15.47, 3.03, 12.53], "rotation": 180, "texture": "#0"},
				"south": {"uv": [4.53, 15.53, 7.47, 15.97], "rotation": 90, "texture": "#0"},
				"west": {"uv": [4.97, 12.53, 4.03, 15.47], "texture": "#0"},
				"up": {"uv": [3.03, 15.53, 3.97, 15.97], "rotation": 90, "texture": "#0"},
				"down": {"uv": [7.03, 15.53, 7.97, 15.97], "rotation": 90, "texture": "#0"}
			}
		},
		{
			"name": "plate4",
			"from": [4.28, 0.07, 3],
			"to": [5.28, 2.07, 13],
			"rotation": {"angle": 0, "axis": "y", "origin": [7.25, 2.07, 8]},
			"faces": {
				"north": {"uv": [4.03, 12.03, 4.97, 12.47], "rotation": 270, "texture": "#0"},
				"east": {"uv": [9.97, 11.97, 5.03, 11.03], "rotation": 180, "texture": "#0"},
				"south": {"uv": [10.03, 12.03, 10.97, 12.47], "rotation": 90, "texture": "#0"},
				"west": {"uv": [14.97, 11.03, 10.03, 11.97], "texture": "#0"},
				"up": {"uv": [5.03, 12.03, 9.97, 12.47], "rotation": 90, "texture": "#0"},
				"down": {"uv": [11.03, 12.03, 15.97, 12.47], "rotation": 90, "texture": "#0"}
			}
		},
		{
			"name": "plate4",
			"from": [4.28, 2.07, 3],
			"to": [5.28, 8.07, 5],
			"rotation": {"angle": 0, "axis": "y", "origin": [7.25, 2.07, 8]},
			"faces": {
				"north": {"uv": [4.53, 15.53, 7.47, 15.97], "rotation": 270, "texture": "#0"},
				"east": {"uv": [3.97, 15.47, 3.03, 12.53], "texture": "#0"},
				"south": {"uv": [0.03, 15.53, 2.97, 15.97], "rotation": 90, "texture": "#0"},
				"west": {"uv": [4.97, 12.53, 4.03, 15.47], "rotation": 180, "texture": "#0"},
				"up": {"uv": [7.03, 15.53, 7.97, 15.97], "rotation": 90, "texture": "#0"},
				"down": {"uv": [3.03, 15.53, 3.97, 15.97], "rotation": 90, "texture": "#0"}
			}
		},
		{
			"name": "plate4",
			"from": [4.28, 8.07, 3],
			"to": [5.28, 10.07, 13],
			"rotation": {"angle": 0, "axis": "y", "origin": [7.25, 2.07, 8]},
			"faces": {
				"north": {"uv": [10.03, 12.03, 10.97, 12.47], "rotation": 270, "texture": "#0"},
				"east": {"uv": [9.97, 11.97, 5.03, 11.03], "texture": "#0"},
				"south": {"uv": [4.03, 12.03, 4.97, 12.47], "rotation": 90, "texture": "#0"},
				"west": {"uv": [14.97, 11.03, 10.03, 11.97], "rotation": 180, "texture": "#0"},
				"up": {"uv": [11.03, 12.03, 15.97, 12.47], "rotation": 90, "texture": "#0"},
				"down": {"uv": [5.03, 12.03, 9.97, 12.47], "rotation": 90, "texture": "#0"}
			}
		},
		{
			"name": "plate5",
			"from": [6.88, 2.07, 5],
			"to": [7.88, 8.07, 11],
			"rotation": {"angle": 22.5, "axis": "z", "origin": [7.7, 5.07, 8]},
			"faces": {
				"north": {"uv": [6.03, 10.03, 8.97, 10.47], "rotation": 270, "texture": "#0"},
				"east": {"uv": [5.97, 9.97, 3.03, 7.03], "texture": "#0"},
				"south": {"uv": [0.03, 10.03, 2.97, 10.47], "rotation": 90, "texture": "#0"},
				"west": {"uv": [8.97, 7.03, 6.03, 9.97], "rotation": 180, "texture": "#0"},
				"up": {"uv": [9.03, 10.03, 11.97, 10.47], "rotation": 90, "texture": "#0"},
				"down": {"uv": [3.03, 10.03, 5.97, 10.47], "rotation": 90, "texture": "#0"}
			}
		},
		{
			"name": "plate5",
			"from": [7.28, 2.07, 11],
			"to": [8.28, 8.07, 13],
			"rotation": {"angle": 22.5, "axis": "z", "origin": [7.7, 5.07, 8]},
			"faces": {
				"north": {"uv": [0.03, 15.53, 2.97, 15.97], "rotation": 270, "texture": "#0"},
				"east": {"uv": [3.97, 15.47, 3.03, 12.53], "rotation": 180, "texture": "#0"},
				"south": {"uv": [4.53, 15.53, 7.47, 15.97], "rotation": 90, "texture": "#0"},
				"west": {"uv": [4.97, 12.53, 4.03, 15.47], "texture": "#0"},
				"up": {"uv": [3.03, 15.53, 3.97, 15.97], "rotation": 90, "texture": "#0"},
				"down": {"uv": [7.03, 15.53, 7.97, 15.97], "rotation": 90, "texture": "#0"}
			}
		},
		{
			"name": "plate5",
			"from": [7.28, 0.07, 3],
			"to": [8.28, 2.07, 13],
			"rotation": {"angle": 22.5, "axis": "z", "origin": [7.7, 5.07, 8]},
			"faces": {
				"north": {"uv": [4.03, 12.03, 4.97, 12.47], "rotation": 270, "texture": "#0"},
				"east": {"uv": [9.97, 11.97, 5.03, 11.03], "rotation": 180, "texture": "#0"},
				"south": {"uv": [10.03, 12.03, 10.97, 12.47], "rotation": 90, "texture": "#0"},
				"west": {"uv": [14.97, 11.03, 10.03, 11.97], "texture": "#0"},
				"up": {"uv": [5.03, 12.03, 9.97, 12.47], "rotation": 90, "texture": "#0"},
				"down": {"uv": [11.03, 12.03, 15.97, 12.47], "rotation": 90, "texture": "#0"}
			}
		},
		{
			"name": "plate5",
			"from": [7.28, 2.07, 3],
			"to": [8.28, 8.07, 5],
			"rotation": {"angle": 22.5, "axis": "z", "origin": [7.7, 5.07, 8]},
			"faces": {
				"north": {"uv": [4.53, 15.53, 7.47, 15.97], "rotation": 270, "texture": "#0"},
				"east": {"uv": [3.97, 15.47, 3.03, 12.53], "texture": "#0"},
				"south": {"uv": [0.03, 15.53, 2.97, 15.97], "rotation": 90, "texture": "#0"},
				"west": {"uv": [4.97, 12.53, 4.03, 15.47], "rotation": 180, "texture": "#0"},
				"up": {"uv": [7.03, 15.53, 7.97, 15.97], "rotation": 90, "texture": "#0"},
				"down": {"uv": [3.03, 15.53, 3.97, 15.97], "rotation": 90, "texture": "#0"}
			}
		},
		{
			"name": "plate5",
			"from": [7.28, 8.07, 3],
			"to": [8.28, 10.07, 13],
			"rotation": {"angle": 22.5, "axis": "z", "origin": [7.7, 5.07, 8]},
			"faces": {
				"north": {"uv": [10.03, 12.03, 10.97, 12.47], "rotation": 270, "texture": "#0"},
				"east": {"uv": [9.97, 11.97, 5.03, 11.03], "texture": "#0"},
				"south": {"uv": [4.03, 12.03, 4.97, 12.47], "rotation": 90, "texture": "#0"},
				"west": {"uv": [14.97, 11.03, 10.03, 11.97], "rotation": 180, "texture": "#0"},
				"up": {"uv": [11.03, 12.03, 15.97, 12.47], "rotation": 90, "texture": "#0"},
				"down": {"uv": [5.03, 12.03, 9.97, 12.47], "rotation": 90, "texture": "#0"}
			}
		},
		{
			"name": "plate6",
			"from": [10.03, 1.32, 5],
			"to": [11.03, 7.32, 11],
			"rotation": {"angle": 45, "axis": "z", "origin": [11.7, 5.07, 8]},
			"faces": {
				"north": {"uv": [6.03, 10.03, 8.97, 10.47], "rotation": 270, "texture": "#0"},
				"east": {"uv": [5.97, 9.97, 3.03, 7.03], "texture": "#0"},
				"south": {"uv": [0.03, 10.03, 2.97, 10.47], "rotation": 90, "texture": "#0"},
				"west": {"uv": [8.97, 7.03, 6.03, 9.97], "rotation": 180, "texture": "#0"},
				"up": {"uv": [9.03, 10.03, 11.97, 10.47], "rotation": 90, "texture": "#0"},
				"down": {"uv": [3.03, 10.03, 5.97, 10.47], "rotation": 90, "texture": "#0"}
			}
		},
		{
			"name": "plate6",
			"from": [10.43, 1.32, 11],
			"to": [11.43, 7.32, 13],
			"rotation": {"angle": 45, "axis": "z", "origin": [11.7, 5.07, 8]},
			"faces": {
				"north": {"uv": [0.03, 15.53, 2.97, 15.97], "rotation": 270, "texture": "#0"},
				"east": {"uv": [3.97, 15.47, 3.03, 12.53], "rotation": 180, "texture": "#0"},
				"south": {"uv": [4.53, 15.53, 7.47, 15.97], "rotation": 90, "texture": "#0"},
				"west": {"uv": [4.97, 12.53, 4.03, 15.47], "texture": "#0"},
				"up": {"uv": [3.03, 15.53, 3.97, 15.97], "rotation": 90, "texture": "#0"},
				"down": {"uv": [7.03, 15.53, 7.97, 15.97], "rotation": 90, "texture": "#0"}
			}
		},
		{
			"name": "plate6",
			"from": [10.43, -0.68, 3],
			"to": [11.43, 1.32, 13],
			"rotation": {"angle": 45, "axis": "z", "origin": [11.7, 5.07, 8]},
			"faces": {
				"north": {"uv": [4.03, 12.03, 4.97, 12.47], "rotation": 270, "texture": "#0"},
				"east": {"uv": [9.97, 11.97, 5.03, 11.03], "rotation": 180, "texture": "#0"},
				"south": {"uv": [10.03, 12.03, 10.97, 12.47], "rotation": 90, "texture": "#0"},
				"west": {"uv": [14.97, 11.03, 10.03, 11.97], "texture": "#0"},
				"up": {"uv": [5.03, 12.03, 9.97, 12.47], "rotation": 90, "texture": "#0"},
				"down": {"uv": [11.03, 12.03, 15.97, 12.47], "rotation": 90, "texture": "#0"}
			}
		},
		{
			"name": "plate6",
			"from": [10.43, 1.32, 3],
			"to": [11.43, 7.32, 5],
			"rotation": {"angle": 45, "axis": "z", "origin": [11.7, 5.07, 8]},
			"faces": {
				"north": {"uv": [4.53, 15.53, 7.47, 15.97], "rotation": 270, "texture": "#0"},
				"east": {"uv": [3.97, 15.47, 3.03, 12.53], "texture": "#0"},
				"south": {"uv": [0.03, 15.53, 2.97, 15.97], "rotation": 90, "texture": "#0"},
				"west": {"uv": [4.97, 12.53, 4.03, 15.47], "rotation": 180, "texture": "#0"},
				"up": {"uv": [7.03, 15.53, 7.97, 15.97], "rotation": 90, "texture": "#0"},
				"down": {"uv": [3.03, 15.53, 3.97, 15.97], "rotation": 90, "texture": "#0"}
			}
		},
		{
			"name": "plate6",
			"from": [10.43, 7.32, 3],
			"to": [11.43, 9.32, 13],
			"rotation": {"angle": 45, "axis": "z", "origin": [11.7, 5.07, 8]},
			"faces": {
				"north": {"uv": [10.03, 12.03, 10.97, 12.47], "rotation": 270, "texture": "#0"},
				"east": {"uv": [9.97, 11.97, 5.03, 11.03], "texture": "#0"},
				"south": {"uv": [4.03, 12.03, 4.97, 12.47], "rotation": 90, "texture": "#0"},
				"west": {"uv": [14.97, 11.03, 10.03, 11.97], "rotation": 180, "texture": "#0"},
				"up": {"uv": [11.03, 12.03, 15.97, 12.47], "rotation": 90, "texture": "#0"},
				"down": {"uv": [5.03, 12.03, 9.97, 12.47], "rotation": 90, "texture": "#0"}
			}
		}
	],
	"display": {
		"thirdperson_righthand": {
			"rotation": [70, 0, 0],
			"translation": [-5.75, 4.25, 6]
		},
		"firstperson_righthand": {
			"translation": [-8.75, -2, 0]
		},
		"ground": {
			"translation": [0, 4, 0]
		},
		"gui": {
			"rotation": [30.26, 0, 0],
			"translation": [0, 3, 0]
		},
		"fixed": {
			"rotation": [-90, 0, 0],
			"translation": [0, 0, -15],
			"scale": [2, 2, 2]
		}
	},
	"groups": [
		{
			"name": "plate",
			"origin": [0, 1.5, 0],
			"color": 0,
			"children": [0, 1, 2, 3, 4]
		},
		{
			"name": "plate",
			"origin": [0, 1.5, 0],
			"color": 0,
			"children": [5, 6, 7, 8, 9]
		},
		{
			"name": "plate",
			"origin": [0, 1.5, 0],
			"color": 0,
			"children": [10, 11, 12, 13, 14]
		},
		{
			"name": "plate",
			"origin": [0, 1.5, 0],
			"color": 0,
			"children": [15, 16, 17, 18, 19]
		},
		{
			"name": "plate",
			"origin": [0, 1.5, 0],
			"color": 0,
			"children": [20, 21, 22, 23, 24]
		}
	]
}