{
	"credit": "Made with Blockbench",
	"ambientocclusion": false,
	"textures": {
		"1": "block/bowl1a",
		"2": "block/bowl1",
		"3": "block/crockery1",
		"particle": "block/bowl1"
	},
	"elements": [
		{
			"from": [12.5, 1, 3.5],
			"to": [13.5, 4, 10.5],
			"rotation": {"angle": 0, "axis": "y", "origin": [9, 2.1, 7]},
			"faces": {
				"north": {"uv": [0.06, 0.06, -0.06, -0.06], "texture": "#2"},
				"east": {"uv": [9.06, 0.06, 15.94, 2.94], "texture": "#2"},
				"south": {"uv": [0.06, 0.06, -0.06, -0.06], "texture": "#2"},
				"west": {"uv": [9.06, 0.06, 15.94, 2.94], "texture": "#2"},
				"up": {"uv": [9.06, 2.06, 15.94, 2.94], "rotation": 90, "texture": "#2"},
				"down": {"uv": [9.06, 2.06, 15.94, 2.94], "rotation": 90, "texture": "#2"}
			}
		},
		{
			"from": [4.5, 1, 3.5],
			"to": [5.5, 4, 10.5],
			"rotation": {"angle": 0, "axis": "y", "origin": [9, 2.1, 7]},
			"faces": {
				"north": {"uv": [0.06, 0.06, -0.06, -0.06], "texture": "#2"},
				"east": {"uv": [9.06, 0.06, 15.94, 2.94], "texture": "#2"},
				"south": {"uv": [0.06, 0.06, -0.06, -0.06], "texture": "#2"},
				"west": {"uv": [9.06, 0.06, 15.94, 2.94], "texture": "#2"},
				"up": {"uv": [9.06, 2.06, 15.94, 2.94], "rotation": 90, "texture": "#2"},
				"down": {"uv": [9.06, 2.06, 15.94, 2.94], "rotation": 90, "texture": "#2"}
			}
		},
		{
			"from": [4.5, 1, 10.5],
			"to": [13.5, 4, 11.5],
			"rotation": {"angle": 0, "axis": "y", "origin": [9, 2.1, 7]},
			"faces": {
				"north": {"uv": [7.06, 4.06, 15.94, 6.94], "texture": "#2"},
				"east": {"uv": [7.06, 4.06, 7.94, 6.94], "texture": "#2"},
				"south": {"uv": [7.06, 4.06, 15.94, 6.94], "texture": "#2"},
				"west": {"uv": [15.06, 4.06, 15.94, 6.94], "texture": "#2"},
				"up": {"uv": [7.06, 6.06, 15.94, 6.94], "texture": "#2"},
				"down": {"uv": [7.06, 6.06, 15.94, 6.94], "texture": "#2"}
			}
		},
		{
			"from": [4.5, 1, 2.5],
			"to": [13.5, 4, 3.5],
			"rotation": {"angle": 0, "axis": "y", "origin": [9, 2.1, 7]},
			"faces": {
				"north": {"uv": [7.06, 4.06, 15.94, 6.94], "texture": "#2"},
				"east": {"uv": [15.06, 4.06, 15.94, 6.94], "texture": "#2"},
				"south": {"uv": [7.06, 4.06, 15.94, 6.94], "texture": "#2"},
				"west": {"uv": [7.06, 4.06, 7.94, 6.94], "texture": "#2"},
				"up": {"uv": [7.06, 6.06, 15.94, 6.94], "texture": "#2"},
				"down": {"uv": [7.06, 6.06, 15.94, 6.94], "texture": "#2"}
			}
		},
		{
			"from": [5.5, 0, 3.5],
			"to": [12.5, 1, 10.5],
			"rotation": {"angle": 0, "axis": "y", "origin": [9, 2.1, 7]},
			"faces": {
				"north": {"uv": [0.06, 5.06, 5.94, 5.94], "texture": "#2"},
				"east": {"uv": [0.06, 5.06, 5.94, 5.94], "texture": "#2"},
				"south": {"uv": [0.06, 5.06, 5.94, 5.94], "texture": "#2"},
				"west": {"uv": [0.06, 5.06, 5.94, 5.94], "texture": "#2"},
				"up": {"uv": [0.06, 0.06, 5.94, 5.94], "texture": "#2"},
				"down": {"uv": [0.06, 0.06, 5.94, 5.94], "texture": "#2"}
			}
		},
		{
			"from": [11.73262, 4.39148, 4.27],
			"to": [12.51262, 6.73148, 9.73],
			"rotation": {"angle": 22.5, "axis": "y", "origin": [8.75262, 4.74948, 7]},
			"faces": {
				"north": {"uv": [0.06, 0.06, -0.06, -0.06], "texture": "#1"},
				"east": {"uv": [9.06, 0.06, 15.94, 2.94], "texture": "#1"},
				"south": {"uv": [0.06, 0.06, -0.06, -0.06], "texture": "#1"},
				"west": {"uv": [9.06, 0.06, 15.94, 2.94], "texture": "#1"},
				"up": {"uv": [9.06, 2.06, 15.94, 2.94], "rotation": 90, "texture": "#1"},
				"down": {"uv": [9.06, 2.06, 15.94, 2.94], "rotation": 90, "texture": "#1"}
			}
		},
		{
			"from": [5.49262, 4.39148, 4.27],
			"to": [6.27262, 6.73148, 9.73],
			"rotation": {"angle": 22.5, "axis": "y", "origin": [8.75262, 4.74948, 7]},
			"faces": {
				"north": {"uv": [0.06, 0.06, -0.06, -0.06], "texture": "#1"},
				"east": {"uv": [9.06, 0.06, 15.94, 2.94], "texture": "#1"},
				"south": {"uv": [0.06, 0.06, -0.06, -0.06], "texture": "#1"},
				"west": {"uv": [9.06, 0.06, 15.94, 2.94], "texture": "#1"},
				"up": {"uv": [9.06, 2.06, 15.94, 2.94], "rotation": 90, "texture": "#1"},
				"down": {"uv": [9.06, 2.06, 15.94, 2.94], "rotation": 90, "texture": "#1"}
			}
		},
		{
			"from": [5.49262, 4.39148, 9.73],
			"to": [12.51262, 6.73148, 10.51],
			"rotation": {"angle": 22.5, "axis": "y", "origin": [8.75262, 4.74948, 7]},
			"faces": {
				"north": {"uv": [7.06, 4.06, 15.94, 6.94], "texture": "#1"},
				"east": {"uv": [7.06, 4.06, 7.94, 6.94], "texture": "#1"},
				"south": {"uv": [7.06, 4.06, 15.94, 6.94], "texture": "#1"},
				"west": {"uv": [15.06, 4.06, 15.94, 6.94], "texture": "#1"},
				"up": {"uv": [7.06, 6.06, 15.94, 6.94], "texture": "#1"},
				"down": {"uv": [7.06, 6.06, 15.94, 6.94], "texture": "#1"}
			}
		},
		{
			"from": [5.49262, 4.39148, 3.49],
			"to": [12.51262, 6.73148, 4.27],
			"rotation": {"angle": 22.5, "axis": "y", "origin": [8.75262, 4.74948, 7]},
			"faces": {
				"north": {"uv": [7.06, 4.06, 15.94, 6.94], "texture": "#1"},
				"east": {"uv": [15.06, 4.06, 15.94, 6.94], "texture": "#1"},
				"south": {"uv": [7.06, 4.06, 15.94, 6.94], "texture": "#1"},
				"west": {"uv": [7.06, 4.06, 7.94, 6.94], "texture": "#1"},
				"up": {"uv": [7.06, 6.06, 15.94, 6.94], "texture": "#1"},
				"down": {"uv": [7.06, 6.06, 15.94, 6.94], "texture": "#1"}
			}
		},
		{
			"from": [6.27262, 3.61148, 4.27],
			"to": [11.73262, 4.39148, 9.73],
			"rotation": {"angle": 22.5, "axis": "y", "origin": [8.75262, 4.74948, 7]},
			"faces": {
				"north": {"uv": [0.06, 5.06, 5.94, 5.94], "texture": "#1"},
				"east": {"uv": [0.06, 5.06, 5.94, 5.94], "texture": "#1"},
				"south": {"uv": [0.06, 5.06, 5.94, 5.94], "texture": "#1"},
				"west": {"uv": [0.06, 5.06, 5.94, 5.94], "texture": "#1"},
				"up": {"uv": [0.06, 0.06, 5.94, 5.94], "texture": "#1"},
				"down": {"uv": [0.06, 0.06, 5.94, 5.94], "texture": "#1"}
			}
		},
		{
			"name": "stuff",
			"from": [8.25058, 5.28977, 6.09209],
			"to": [10.25058, 5.53977, 8.09209],
			"rotation": {"angle": 45, "axis": "z", "origin": [9.75058, 6.85227, 7.59209]},
			"faces": {
				"north": {"uv": [8.985, 2.875, 8.515, 2.765], "texture": "#3"},
				"east": {"uv": [8.985, 2.875, 8.515, 2.765], "texture": "#3"},
				"south": {"uv": [8.985, 2.875, 8.515, 2.765], "texture": "#3"},
				"west": {"uv": [8.985, 2.875, 8.515, 2.765], "texture": "#3"},
				"up": {"uv": [8.985, 3.235, 8.515, 2.765], "rotation": 270, "texture": "#3"},
				"down": {"uv": [8.985, 3.235, 8.515, 2.765], "rotation": 90, "texture": "#3"}
			}
		},
		{
			"name": "stuff",
			"from": [10.25058, 5.28977, 6.59209],
			"to": [14.25058, 6.03977, 7.59209],
			"rotation": {"angle": 45, "axis": "z", "origin": [9.75058, 6.85227, 7.59209]},
			"faces": {
				"north": {"uv": [8.735, 9.6875, 7.765, 9.515], "texture": "#3"},
				"east": {"uv": [7.735, 8.6875, 7.515, 8.515], "texture": "#3"},
				"south": {"uv": [8.735, 9.6875, 7.765, 9.515], "texture": "#3"},
				"west": {"uv": [7.735, 8.6875, 7.515, 8.515], "texture": "#3"},
				"up": {"uv": [7.735, 9.485, 7.515, 8.515], "rotation": 270, "texture": "#3"},
				"down": {"uv": [7.735, 9.485, 7.515, 8.515], "rotation": 90, "texture": "#3"}
			}
		},
		{
			"name": "stuff",
			"from": [2.01388, 7.59457, 4.55329],
			"to": [3.01388, 7.84457, 5.05329],
			"rotation": {"angle": 45, "axis": "z", "origin": [8.64888, 13.86957, 6.55441]},
			"faces": {
				"north": {"uv": [7.265, 3.015, 7.265, 3.015], "texture": "#3"},
				"east": {"uv": [0.515, 0.265, 0.515, 0.265], "texture": "#3"},
				"south": {"uv": [8.485, 3.485, 8.375, 3.265], "texture": "#3"},
				"west": {"uv": [7.265, 3.015, 7.265, 3.015], "texture": "#3"},
				"up": {"uv": [8.625, 2.985, 8.515, 2.765], "rotation": 270, "texture": "#3"},
				"down": {"uv": [8.485, 3.485, 8.375, 3.265], "rotation": 90, "texture": "#3"}
			}
		},
		{
			"name": "stuff",
			"from": [2.01388, 7.59457, 5.30889],
			"to": [3.01388, 7.84457, 5.80889],
			"rotation": {"angle": 45, "axis": "z", "origin": [8.64888, 13.86957, 6.55441]},
			"faces": {
				"north": {"uv": [7.265, 3.015, 7.265, 3.015], "texture": "#3"},
				"east": {"uv": [0.515, 0.265, 0.515, 0.265], "texture": "#3"},
				"south": {"uv": [8.485, 3.485, 8.375, 3.265], "texture": "#3"},
				"west": {"uv": [7.265, 3.015, 7.265, 3.015], "texture": "#3"},
				"up": {"uv": [8.625, 2.985, 8.515, 2.765], "rotation": 270, "texture": "#3"},
				"down": {"uv": [8.485, 3.485, 8.375, 3.265], "rotation": 90, "texture": "#3"}
			}
		},
		{
			"name": "stuff",
			"from": [2.01388, 7.59457, 6.05329],
			"to": [3.01388, 7.84457, 6.55329],
			"rotation": {"angle": 45, "axis": "z", "origin": [8.64888, 13.86957, 6.55441]},
			"faces": {
				"north": {"uv": [7.265, 3.015, 7.265, 3.015], "texture": "#3"},
				"east": {"uv": [0.515, 0.265, 0.515, 0.265], "texture": "#3"},
				"south": {"uv": [8.735, 2.875, 8.515, 2.765], "texture": "#3"},
				"west": {"uv": [7.265, 3.015, 7.265, 3.015], "texture": "#3"},
				"up": {"uv": [8.485, 3.485, 8.375, 3.265], "rotation": 270, "texture": "#3"},
				"down": {"uv": [8.485, 3.485, 8.375, 3.265], "rotation": 90, "texture": "#3"}
			}
		},
		{
			"name": "stuff",
			"from": [3.01388, 7.59457, 4.55329],
			"to": [3.96388, 7.84457, 6.55329],
			"rotation": {"angle": 45, "axis": "z", "origin": [8.64888, 13.86957, 6.55441]},
			"faces": {
				"north": {"uv": [7.265, 3.015, 7.265, 3.015], "texture": "#3"},
				"east": {"uv": [8.985, 2.875, 8.515, 2.765], "texture": "#3"},
				"south": {"uv": [8.7375, 2.875, 8.515, 2.765], "texture": "#3"},
				"west": {"uv": [8.985, 2.875, 8.515, 2.765], "texture": "#3"},
				"up": {"uv": [8.985, 2.9875, 8.515, 2.765], "rotation": 270, "texture": "#3"},
				"down": {"uv": [8.985, 2.9875, 8.515, 2.765], "rotation": 90, "texture": "#3"}
			}
		},
		{
			"name": "stuff",
			"from": [3.96388, 7.59457, 5.05329],
			"to": [7.96388, 8.34457, 6.05329],
			"rotation": {"angle": 45, "axis": "z", "origin": [8.64888, 13.86957, 6.55441]},
			"faces": {
				"north": {"uv": [8.735, 9.6875, 7.765, 9.515], "texture": "#3"},
				"east": {"uv": [7.735, 8.6875, 7.515, 8.515], "texture": "#3"},
				"south": {"uv": [8.735, 9.6875, 7.765, 9.515], "texture": "#3"},
				"west": {"uv": [7.735, 8.6875, 7.515, 8.515], "texture": "#3"},
				"up": {"uv": [7.735, 9.485, 7.515, 8.515], "rotation": 270, "texture": "#3"},
				"down": {"uv": [7.735, 9.485, 7.515, 8.515], "rotation": 90, "texture": "#3"}
			}
		},
		{
			"name": "stuff",
			"from": [6.89776, 5.99317, 7.55329],
			"to": [7.89776, 6.24317, 8.05329],
			"rotation": {"angle": 22.5, "axis": "z", "origin": [9.53276, 6.26817, 8.55441]},
			"faces": {
				"north": {"uv": [7.265, 3.015, 7.265, 3.015], "texture": "#3"},
				"east": {"uv": [0.515, 0.265, 0.515, 0.265], "texture": "#3"},
				"south": {"uv": [8.485, 3.485, 8.375, 3.265], "texture": "#3"},
				"west": {"uv": [7.265, 3.015, 7.265, 3.015], "texture": "#3"},
				"up": {"uv": [8.625, 2.985, 8.515, 2.765], "rotation": 270, "texture": "#3"},
				"down": {"uv": [8.485, 3.485, 8.375, 3.265], "rotation": 90, "texture": "#3"}
			}
		},
		{
			"name": "stuff",
			"from": [6.89776, 5.99317, 8.30889],
			"to": [7.89776, 6.24317, 8.80889],
			"rotation": {"angle": 22.5, "axis": "z", "origin": [9.53276, 6.26817, 8.55441]},
			"faces": {
				"north": {"uv": [7.265, 3.015, 7.265, 3.015], "texture": "#3"},
				"east": {"uv": [0.515, 0.265, 0.515, 0.265], "texture": "#3"},
				"south": {"uv": [8.485, 3.485, 8.375, 3.265], "texture": "#3"},
				"west": {"uv": [7.265, 3.015, 7.265, 3.015], "texture": "#3"},
				"up": {"uv": [8.625, 2.985, 8.515, 2.765], "rotation": 270, "texture": "#3"},
				"down": {"uv": [8.485, 3.485, 8.375, 3.265], "rotation": 90, "texture": "#3"}
			}
		},
		{
			"name": "stuff",
			"from": [6.89776, 5.99317, 9.05329],
			"to": [7.89776, 6.24317, 9.55329],
			"rotation": {"angle": 22.5, "axis": "z", "origin": [9.53276, 6.26817, 8.55441]},
			"faces": {
				"north": {"uv": [7.265, 3.015, 7.265, 3.015], "texture": "#3"},
				"east": {"uv": [0.515, 0.265, 0.515, 0.265], "texture": "#3"},
				"south": {"uv": [8.735, 2.875, 8.515, 2.765], "texture": "#3"},
				"west": {"uv": [7.265, 3.015, 7.265, 3.015], "texture": "#3"},
				"up": {"uv": [8.485, 3.485, 8.375, 3.265], "rotation": 270, "texture": "#3"},
				"down": {"uv": [8.485, 3.485, 8.375, 3.265], "rotation": 90, "texture": "#3"}
			}
		},
		{
			"name": "stuff",
			"from": [7.89776, 5.99317, 7.55329],
			"to": [8.84776, 6.24317, 9.55329],
			"rotation": {"angle": 22.5, "axis": "z", "origin": [9.53276, 6.26817, 8.55441]},
			"faces": {
				"north": {"uv": [7.265, 3.015, 7.265, 3.015], "texture": "#3"},
				"east": {"uv": [8.985, 2.875, 8.515, 2.765], "texture": "#3"},
				"south": {"uv": [8.7375, 2.875, 8.515, 2.765], "texture": "#3"},
				"west": {"uv": [8.985, 2.875, 8.515, 2.765], "texture": "#3"},
				"up": {"uv": [8.985, 2.9875, 8.515, 2.765], "rotation": 270, "texture": "#3"},
				"down": {"uv": [8.985, 2.9875, 8.515, 2.765], "rotation": 90, "texture": "#3"}
			}
		},
		{
			"name": "stuff",
			"from": [8.84776, 5.99317, 8.05329],
			"to": [12.84776, 6.74317, 9.05329],
			"rotation": {"angle": 22.5, "axis": "z", "origin": [9.53276, 6.26817, 8.55441]},
			"faces": {
				"north": {"uv": [8.735, 9.6875, 7.765, 9.515], "texture": "#3"},
				"east": {"uv": [7.735, 8.6875, 7.515, 8.515], "texture": "#3"},
				"south": {"uv": [8.735, 9.6875, 7.765, 9.515], "texture": "#3"},
				"west": {"uv": [7.735, 8.6875, 7.515, 8.515], "texture": "#3"},
				"up": {"uv": [7.735, 9.485, 7.515, 8.515], "rotation": 270, "texture": "#3"},
				"down": {"uv": [7.735, 9.485, 7.515, 8.515], "rotation": 90, "texture": "#3"}
			}
		}
	],
	"display": {
		"thirdperson_righthand": {
			"rotation": [70, 0, 0],
			"translation": [-7, 3.25, 7.5]
		},
		"firstperson_righthand": {
			"translation": [-8.25, 3.25, 0]
		},
		"ground": {
			"translation": [0, 4, 0]
		},
		"gui": {
			"rotation": [24, 24, 0],
			"translation": [0, 3, 0]
		},
		"fixed": {
			"rotation": [-90, 0, 0],
			"translation": [0, 0, -15],
			"scale": [2, 2, 2]
		}
	},
	"groups": [
		{
			"name": "bowl stack",
			"origin": [8, 8, 8],
			"color": 0,
			"children": [
				{
					"name": "bowl",
					"origin": [8, 8, 8],
					"color": 0,
					"children": [0, 1, 2, 3, 4]
				},
				{
					"name": "bowl",
					"origin": [8, 8, 8],
					"color": 0,
					"children": [5, 6, 7, 8, 9]
				},
				{
					"name": "stuff",
					"origin": [2.4, 0, -2],
					"color": 1,
					"children": [
						{
							"name": "spoon",
							"origin": [8, 0, 8],
							"color": 0,
							"children": [10, 11]
						},
						{
							"name": "fork",
							"origin": [8, 0, 8],
							"color": 0,
							"children": [12, 13, 14, 15, 16]
						},
						{
							"name": "fork",
							"origin": [8, 0, 8],
							"color": 0,
							"children": [17, 18, 19, 20, 21]
						}
					]
				}
			]
		}
	]
}