{
	"credit": "Made with Blockbench",
	"texture_size": [32, 32],
	"textures": {
		"5": "hookah_pink"
	},
	"elements": [
		{
			"from": [5, 0, 6.5],
			"to": [11, 2, 11.5],
			"faces": {
				"north": {"uv": [7, 2, 10, 3], "texture": "#5"},
				"east": {"uv": [7.5, 7.5, 10, 8.5], "texture": "#5"},
				"south": {"uv": [7, 3, 10, 4], "texture": "#5"},
				"west": {"uv": [0, 8.5, 2.5, 9.5], "texture": "#5"},
				"up": {"uv": [3, 6.5, 0, 4], "texture": "#5"},
				"down": {"uv": [7, 0, 4, 2.5], "texture": "#5"}
			}
		},
		{
			"from": [6, 2, 7.5],
			"to": [10, 6, 10.5],
			"faces": {
				"north": {"uv": [0, 6.5, 2, 8.5], "texture": "#5"},
				"east": {"uv": [4, 7, 5.5, 9], "texture": "#5"},
				"south": {"uv": [7, 0, 9, 2], "texture": "#5"},
				"west": {"uv": [7, 4, 8.5, 6], "texture": "#5"},
				"up": {"uv": [7.5, 8.5, 5.5, 7], "texture": "#5"},
				"down": {"uv": [9.5, 6, 7.5, 7.5], "texture": "#5"}
			}
		},
		{
			"from": [7, 6, 8],
			"to": [9, 15, 10],
			"faces": {
				"north": {"uv": [4, 2.5, 5, 7], "texture": "#5"},
				"east": {"uv": [3, 4, 4, 8.5], "texture": "#5"},
				"south": {"uv": [5, 2.5, 6, 7], "texture": "#5"},
				"west": {"uv": [6, 2.5, 7, 7], "texture": "#5"},
				"up": {"uv": [3, 7.5, 2, 6.5], "texture": "#5"},
				"down": {"uv": [3, 7.5, 2, 8.5], "texture": "#5"}
			}
		},
		{
			"from": [6, 8, 7.8],
			"to": [10, 10, 10.2],
			"faces": {
				"north": {"uv": [8.5, 4, 10.5, 5], "texture": "#5"},
				"east": {"uv": [9.5, 6, 10.5, 7], "texture": "#5"},
				"south": {"uv": [8.5, 5, 10.5, 6], "texture": "#5"},
				"west": {"uv": [6.5, 9.5, 7.5, 10.5], "texture": "#5"},
				"up": {"uv": [7.5, 9.5, 5.5, 8.5], "texture": "#5"},
				"down": {"uv": [9.5, 8.5, 7.5, 9.5], "texture": "#5"}
			}
		},
		{
			"from": [4, 15, 7],
			"to": [12, 16, 11],
			"faces": {
				"north": {"uv": [9, 0, 13, 0.5], "texture": "#5"},
				"east": {"uv": [9.5, 7, 11.5, 7.5], "texture": "#5"},
				"south": {"uv": [9, 0.5, 13, 1], "texture": "#5"},
				"west": {"uv": [7.5, 9.5, 9.5, 10], "texture": "#5"},
				"up": {"uv": [4, 2, 0, 0], "texture": "#5"},
				"down": {"uv": [4, 2, 0, 4], "texture": "#5"}
			}
		},
		{
			"from": [6, 16, 7.8],
			"to": [10, 18, 10.2],
			"faces": {
				"north": {"uv": [9, 1, 11, 2], "texture": "#5"},
				"east": {"uv": [9.5, 8.5, 10.5, 9.5], "texture": "#5"},
				"south": {"uv": [2.5, 9, 4.5, 10], "texture": "#5"},
				"west": {"uv": [9.5, 9.5, 10.5, 10.5], "texture": "#5"},
				"up": {"uv": [2, 10.5, 0, 9.5], "texture": "#5"},
				"down": {"uv": [6.5, 9.5, 4.5, 10.5], "texture": "#5"}
			}
		},
		{
			"from": [10, 10, 8.5],
			"to": [11, 11, 9.5],
			"rotation": {"angle": 0, "axis": "y", "origin": [1, 0, 0]},
			"faces": {
				"north": {"uv": [7, 6, 7.5, 6.5], "texture": "#5"},
				"east": {"uv": [7, 6.5, 7.5, 7], "texture": "#5"},
				"south": {"uv": [2.5, 8.5, 3, 9], "texture": "#5"},
				"west": {"uv": [3, 8.5, 3.5, 9], "texture": "#5"},
				"up": {"uv": [4, 9, 3.5, 8.5], "texture": "#5"},
				"down": {"uv": [5, 9, 4.5, 9.5], "texture": "#5"}
			}
		},
		{
			"from": [5, 10, 8.5],
			"to": [6, 11, 9.5],
			"rotation": {"angle": 0, "axis": "y", "origin": [1, 0, 0]},
			"faces": {
				"north": {"uv": [5, 9, 5.5, 9.5], "texture": "#5"},
				"east": {"uv": [2, 9.5, 2.5, 10], "texture": "#5"},
				"south": {"uv": [2, 10, 2.5, 10.5], "texture": "#5"},
				"west": {"uv": [10, 2, 10.5, 2.5], "texture": "#5"},
				"up": {"uv": [3, 10.5, 2.5, 10], "texture": "#5"},
				"down": {"uv": [10.5, 2.5, 10, 3], "texture": "#5"}
			}
		},
		{
			"from": [4, 11, 8.5],
			"to": [5, 12, 9.5],
			"rotation": {"angle": 0, "axis": "y", "origin": [0, 1, 0]},
			"faces": {
				"north": {"uv": [3, 10, 3.5, 10.5], "texture": "#5"},
				"east": {"uv": [10, 3, 10.5, 3.5], "texture": "#5"},
				"south": {"uv": [3.5, 10, 4, 10.5], "texture": "#5"},
				"west": {"uv": [10, 3.5, 10.5, 4], "texture": "#5"},
				"up": {"uv": [4.5, 10.5, 4, 10], "texture": "#5"},
				"down": {"uv": [8, 10, 7.5, 10.5], "texture": "#5"}
			}
		},
		{
			"from": [3, 12, 8.5],
			"to": [4, 13, 9.5],
			"rotation": {"angle": 0, "axis": "y", "origin": [-1, 2, 0]},
			"faces": {
				"north": {"uv": [10, 7.5, 10.5, 8], "texture": "#5"},
				"east": {"uv": [8, 10, 8.5, 10.5], "texture": "#5"},
				"south": {"uv": [10, 8, 10.5, 8.5], "texture": "#5"},
				"west": {"uv": [8.5, 10, 9, 10.5], "texture": "#5"},
				"up": {"uv": [9.5, 10.5, 9, 10], "texture": "#5"},
				"down": {"uv": [0.5, 10.5, 0, 11], "texture": "#5"}
			}
		},
		{
			"from": [2, 12, 8.5],
			"to": [3, 13, 9.5],
			"rotation": {"angle": 0, "axis": "y", "origin": [-1, 2, 0]},
			"faces": {
				"north": {"uv": [0.5, 10.5, 1, 11], "texture": "#5"},
				"east": {"uv": [1, 10.5, 1.5, 11], "texture": "#5"},
				"south": {"uv": [1.5, 10.5, 2, 11], "texture": "#5"},
				"west": {"uv": [2, 10.5, 2.5, 11], "texture": "#5"},
				"up": {"uv": [11, 2.5, 10.5, 2], "texture": "#5"},
				"down": {"uv": [3, 10.5, 2.5, 11], "texture": "#5"}
			}
		},
		{
			"from": [1, 11, 8.5],
			"to": [2, 12, 9.5],
			"rotation": {"angle": 0, "axis": "y", "origin": [-1, 2, 0]},
			"faces": {
				"north": {"uv": [10.5, 2.5, 11, 3], "texture": "#5"},
				"east": {"uv": [3, 10.5, 3.5, 11], "texture": "#5"},
				"south": {"uv": [10.5, 3, 11, 3.5], "texture": "#5"},
				"west": {"uv": [3.5, 10.5, 4, 11], "texture": "#5"},
				"up": {"uv": [11, 4, 10.5, 3.5], "texture": "#5"},
				"down": {"uv": [4.5, 10.5, 4, 11], "texture": "#5"}
			}
		},
		{
			"from": [0, 10, 8.5],
			"to": [1, 11, 9.5],
			"rotation": {"angle": 0, "axis": "y", "origin": [-1, 2, 0]},
			"faces": {
				"north": {"uv": [10.5, 4, 11, 4.5], "texture": "#5"},
				"east": {"uv": [4.5, 10.5, 5, 11], "texture": "#5"},
				"south": {"uv": [10.5, 4.5, 11, 5], "texture": "#5"},
				"west": {"uv": [5, 10.5, 5.5, 11], "texture": "#5"},
				"up": {"uv": [11, 5.5, 10.5, 5], "texture": "#5"},
				"down": {"uv": [6, 10.5, 5.5, 11], "texture": "#5"}
			}
		},
		{
			"from": [0, 9, 8.5],
			"to": [1, 10, 9.5],
			"rotation": {"angle": 0, "axis": "y", "origin": [-1, 2, 0]},
			"faces": {
				"north": {"uv": [10.5, 5.5, 11, 6], "texture": "#5"},
				"east": {"uv": [6, 10.5, 6.5, 11], "texture": "#5"},
				"south": {"uv": [10.5, 6, 11, 6.5], "texture": "#5"},
				"west": {"uv": [6.5, 10.5, 7, 11], "texture": "#5"},
				"up": {"uv": [11, 7, 10.5, 6.5], "texture": "#5"},
				"down": {"uv": [7.5, 10.5, 7, 11], "texture": "#5"}
			}
		},
		{
			"from": [0, 8, 8.5],
			"to": [1, 9, 9.5],
			"rotation": {"angle": 0, "axis": "y", "origin": [-1, 2, 0]},
			"faces": {
				"north": {"uv": [7.5, 10.5, 8, 11], "texture": "#5"},
				"east": {"uv": [10.5, 7.5, 11, 8], "texture": "#5"},
				"south": {"uv": [8, 10.5, 8.5, 11], "texture": "#5"},
				"west": {"uv": [10.5, 8, 11, 8.5], "texture": "#5"},
				"up": {"uv": [9, 11, 8.5, 10.5], "texture": "#5"},
				"down": {"uv": [11, 8.5, 10.5, 9], "texture": "#5"}
			}
		},
		{
			"from": [1, 8, 7.5],
			"to": [2, 9, 8.5],
			"rotation": {"angle": 0, "axis": "y", "origin": [-1, 2, 0]},
			"faces": {
				"north": {"uv": [9, 10.5, 9.5, 11], "texture": "#5"},
				"east": {"uv": [10.5, 9, 11, 9.5], "texture": "#5"},
				"south": {"uv": [9.5, 10.5, 10, 11], "texture": "#5"},
				"west": {"uv": [10.5, 9.5, 11, 10], "texture": "#5"},
				"up": {"uv": [10.5, 11, 10, 10.5], "texture": "#5"},
				"down": {"uv": [11, 10, 10.5, 10.5], "texture": "#5"}
			}
		},
		{
			"from": [1, 7, 7.5],
			"to": [2, 8, 8.5],
			"rotation": {"angle": 0, "axis": "y", "origin": [-1, 2, 0]},
			"faces": {
				"north": {"uv": [10.5, 10.5, 11, 11], "texture": "#5"},
				"east": {"uv": [0, 11, 0.5, 11.5], "texture": "#5"},
				"south": {"uv": [0.5, 11, 1, 11.5], "texture": "#5"},
				"west": {"uv": [1, 11, 1.5, 11.5], "texture": "#5"},
				"up": {"uv": [11.5, 1.5, 11, 1], "texture": "#5"},
				"down": {"uv": [2, 11, 1.5, 11.5], "texture": "#5"}
			}
		},
		{
			"from": [2, 6, 7.5],
			"to": [3, 7, 8.5],
			"rotation": {"angle": 0, "axis": "y", "origin": [-1, 2, 0]},
			"faces": {
				"north": {"uv": [11, 1.5, 11.5, 2], "texture": "#5"},
				"east": {"uv": [2, 11, 2.5, 11.5], "texture": "#5"},
				"south": {"uv": [11, 2, 11.5, 2.5], "texture": "#5"},
				"west": {"uv": [2.5, 11, 3, 11.5], "texture": "#5"},
				"up": {"uv": [11.5, 3, 11, 2.5], "texture": "#5"},
				"down": {"uv": [3.5, 11, 3, 11.5], "texture": "#5"}
			}
		},
		{
			"from": [3, 5, 7.5],
			"to": [4, 6, 8.5],
			"rotation": {"angle": 0, "axis": "y", "origin": [-1, 2, 0]},
			"faces": {
				"north": {"uv": [11, 3, 11.5, 3.5], "texture": "#5"},
				"east": {"uv": [3.5, 11, 4, 11.5], "texture": "#5"},
				"south": {"uv": [11, 3.5, 11.5, 4], "texture": "#5"},
				"west": {"uv": [4, 11, 4.5, 11.5], "texture": "#5"},
				"up": {"uv": [11.5, 4.5, 11, 4], "texture": "#5"},
				"down": {"uv": [5, 11, 4.5, 11.5], "texture": "#5"}
			}
		},
		{
			"from": [3, 5, 6.5],
			"to": [4, 6, 7.5],
			"rotation": {"angle": 0, "axis": "y", "origin": [-1, 2, 0]},
			"faces": {
				"north": {"uv": [11, 4.5, 11.5, 5], "texture": "#5"},
				"east": {"uv": [5, 11, 5.5, 11.5], "texture": "#5"},
				"south": {"uv": [11, 5, 11.5, 5.5], "texture": "#5"},
				"west": {"uv": [5.5, 11, 6, 11.5], "texture": "#5"},
				"up": {"uv": [11.5, 6, 11, 5.5], "texture": "#5"},
				"down": {"uv": [6.5, 11, 6, 11.5], "texture": "#5"}
			}
		},
		{
			"from": [4, 4, 6.5],
			"to": [5, 5, 7.5],
			"rotation": {"angle": 0, "axis": "y", "origin": [-1, 2, 0]},
			"faces": {
				"north": {"uv": [11, 6, 11.5, 6.5], "texture": "#5"},
				"east": {"uv": [6.5, 11, 7, 11.5], "texture": "#5"},
				"south": {"uv": [11, 6.5, 11.5, 7], "texture": "#5"},
				"west": {"uv": [7, 11, 7.5, 11.5], "texture": "#5"},
				"up": {"uv": [8, 11.5, 7.5, 11], "texture": "#5"},
				"down": {"uv": [11.5, 7.5, 11, 8], "texture": "#5"}
			}
		},
		{
			"from": [5, 3, 6.5],
			"to": [6, 4, 7.5],
			"rotation": {"angle": 0, "axis": "y", "origin": [-1, 2, 0]},
			"faces": {
				"north": {"uv": [8, 11, 8.5, 11.5], "texture": "#5"},
				"east": {"uv": [11, 8, 11.5, 8.5], "texture": "#5"},
				"south": {"uv": [8.5, 11, 9, 11.5], "texture": "#5"},
				"west": {"uv": [11, 8.5, 11.5, 9], "texture": "#5"},
				"up": {"uv": [9.5, 11.5, 9, 11], "texture": "#5"},
				"down": {"uv": [11.5, 9, 11, 9.5], "texture": "#5"}
			}
		},
		{
			"from": [6, 2, 6.5],
			"to": [7, 3, 7.5],
			"rotation": {"angle": 0, "axis": "y", "origin": [-1, 2, 0]},
			"faces": {
				"north": {"uv": [9.5, 11, 10, 11.5], "texture": "#5"},
				"east": {"uv": [11, 9.5, 11.5, 10], "texture": "#5"},
				"south": {"uv": [10, 11, 10.5, 11.5], "texture": "#5"},
				"west": {"uv": [11, 10, 11.5, 10.5], "texture": "#5"},
				"up": {"uv": [11, 11.5, 10.5, 11], "texture": "#5"},
				"down": {"uv": [11.5, 10.5, 11, 11], "texture": "#5"}
			}
		}
	],
	"display": {
		"thirdperson_righthand": {
			"rotation": [0, -94, 0],
			"translation": [1, -0.75, 0]
		},
		"firstperson_righthand": {
			"translation": [1.25, 0, 0]
		},
		"ground": {
			"translation": [0, 4.75, 0]
		},
		"head": {
			"translation": [0, 18.25, 0],
			"scale": [1.5, 1.5, 1.5]
		},
		"fixed": {
			"rotation": [-90, 0, 0],
			"translation": [0, -2.5, -20],
			"scale": [2.37, 2.58, 2.33]
		}
	},
	"groups": [
		{
			"name": "bone",
			"origin": [-1, 2, 0],
			"color": 0,
			"children": [0, 1, 2, 3, 4, 5, 6, 7, 8, 9, 10, 11, 12, 13, 14, 15, 16, 17, 18, 19, 20, 21, 22]
		}
	]
}