{
	"credit": "Made with Blockbench",
	"textures": {
		"0": "./cresta_five2",
		"1": "./cresta_five",
		"particle": "./cresta_five"
	},
	"elements": [
		{
			"from": [3, 0, 8],
			"to": [13, 16, 8],
			"faces": {
				"north": {"uv": [0, 0, 16, 16], "texture": "#0"},
				"east": {"uv": [0, 0, 0, 16], "texture": "#missing"},
				"south": {"uv": [0, 0, 15.95778, 16], "texture": "#1"},
				"west": {"uv": [0, 0, 0, 16], "texture": "#missing"},
				"up": {"uv": [0, 0, 10, 0], "texture": "#missing"},
				"down": {"uv": [0, 0, 10, 0], "texture": "#missing"}
			}
		}
	],
	"display": {
		"thirdperson_righthand": {
			"rotation": [36, 0, 0],
			"translation": [0, 1.5, 1],
			"scale": [0.3, 0.3, 0.3]
		},
		"thirdperson_lefthand": {
			"rotation": [36, 0, 0],
			"translation": [0, 1.5, 1],
			"scale": [0.3, 0.3, 0.3]
		},
		"firstperson_righthand": {
			"translation": [2.25, 4.5, 0.25],
			"scale": [0.5, 0.5, 0.5]
		},
		"firstperson_lefthand": {
			"translation": [2.25, 4.5, -0.25],
			"scale": [0.5, 0.5, 0.5]
		},
		"ground": {
			"rotation": [90, 0, 0],
			"translation": [0, -0.5, 0],
			"scale": [0.4, 0.4, 0.4]
		},
		"head": {
			"rotation": [0, -180, 0],
			"translation": [0, 0, -7]
		},
		"fixed": {
			"rotation": [0, -180, 0],
			"translation": [0, 0, -0.25]
		}
	}
}