{
	"credit": "Made with Blockbench",
	"textures": {
		"1": "block/hooks",
		"2": "block/coffee1black",
		"particle": "block/hooks"
	},
	"elements": [
		{
			"name": "hangers",
			"from": [3, 13, 0.1],
			"to": [6, 16, 1.1],
			"rotation": {"angle": 0, "axis": "y", "origin": [4.5, 13.5, 0.6]},
			"faces": {
				"north": {"uv": [0, 0, 4, 4], "texture": "#1"},
				"east": {"uv": [3, 0, 4, 4], "texture": "#1"},
				"south": {"uv": [0, 0, 4, 4], "texture": "#1"},
				"west": {"uv": [0, 0, 1, 4], "texture": "#1"},
				"up": {"uv": [4, 1, 0, 0], "texture": "#1"},
				"down": {"uv": [4, 3, 0, 4], "texture": "#1"}
			}
		},
		{
			"name": "hangers",
			"from": [3.8, 11, 1.1],
			"to": [5.3, 12, 3.1],
			"rotation": {"angle": 0, "axis": "y", "origin": [4.55, 11.5, 2.1]},
			"faces": {
				"north": {"uv": [0.015, 0.984, 0.492, 0.53], "texture": "#1"},
				"east": {"uv": [0.015, 0.984, 0.492, 0.53], "texture": "#1"},
				"south": {"uv": [0, 0, 4, 2], "texture": "#1"},
				"west": {"uv": [0.015, 0.984, 0.492, 0.53], "texture": "#1"},
				"up": {"uv": [0, 0, 4, 2], "texture": "#1"},
				"down": {"uv": [0.015, 0.984, 0.492, 0.53], "texture": "#1"}
			}
		},
		{
			"name": "hangers",
			"from": [3.8, 11, 0.1],
			"to": [5.3, 13, 1.1],
			"rotation": {"angle": 0, "axis": "y", "origin": [4.5, 12, 0.6]},
			"faces": {
				"north": {"uv": [0.235, 0.53, 0.015, 1.97], "texture": "#1"},
				"east": {"uv": [0.235, 0.53, 0.015, 1.97], "texture": "#1"},
				"south": {"uv": [1.515, 0.53, 0.015, 2.53], "texture": "#1"},
				"west": {"uv": [1, 0, 0, 4], "texture": "#1"},
				"up": {"uv": [0.235, 0.53, 0.015, 1.97], "texture": "#1"},
				"down": {"uv": [0.235, 0.53, 0.015, 1.97], "texture": "#1"}
			}
		},
		{
			"name": "hangers",
			"from": [11.8, 11, 1.1],
			"to": [13.3, 12, 3.1],
			"rotation": {"angle": 0, "axis": "y", "origin": [4.55, 11.5, 2.1]},
			"faces": {
				"north": {"uv": [0.015, 0.984, 0.492, 0.53], "texture": "#1"},
				"east": {"uv": [0.015, 0.984, 0.492, 0.53], "texture": "#1"},
				"south": {"uv": [0, 0, 4, 2], "texture": "#1"},
				"west": {"uv": [0.015, 0.984, 0.492, 0.53], "texture": "#1"},
				"up": {"uv": [0, 0, 4, 2], "texture": "#1"},
				"down": {"uv": [0.015, 0.984, 0.492, 0.53], "texture": "#1"}
			}
		},
		{
			"name": "hangers",
			"from": [11.8, 11, 0.1],
			"to": [13.3, 13, 1.1],
			"rotation": {"angle": 0, "axis": "y", "origin": [4.5, 12, 0.6]},
			"faces": {
				"north": {"uv": [0.235, 0.53, 0.015, 1.97], "texture": "#1"},
				"east": {"uv": [0.235, 0.53, 0.015, 1.97], "texture": "#1"},
				"south": {"uv": [1.515, 0.53, 0.015, 2.53], "texture": "#1"},
				"west": {"uv": [1, 0, 0, 4], "texture": "#1"},
				"up": {"uv": [0.235, 0.53, 0.015, 1.97], "texture": "#1"},
				"down": {"uv": [0.235, 0.53, 0.015, 1.97], "texture": "#1"}
			}
		},
		{
			"name": "hangers",
			"from": [11, 13, 0.1],
			"to": [14, 16, 1.1],
			"rotation": {"angle": 0, "axis": "y", "origin": [4.5, 13.5, 0.6]},
			"faces": {
				"north": {"uv": [0, 0, 4, 4], "texture": "#1"},
				"east": {"uv": [3, 0, 4, 4], "texture": "#1"},
				"south": {"uv": [0, 0, 4, 4], "texture": "#1"},
				"west": {"uv": [0, 0, 1, 4], "texture": "#1"},
				"up": {"uv": [4, 1, 0, 0], "texture": "#1"},
				"down": {"uv": [4, 3, 0, 4], "texture": "#1"}
			}
		},
		{
			"name": "cup",
			"from": [5.62781, 8.72302, 1.60622],
			"to": [6.92781, 11.52302, 2.60622],
			"rotation": {"angle": 45, "axis": "z", "origin": [4.06948, 9.87302, 2.12289]},
			"faces": {
				"north": {"uv": [5.968, 0.032, 4.032, 3.968], "texture": "#2"},
				"east": {"uv": [5.032, 0.032, 5.968, 3.968], "texture": "#2"},
				"south": {"uv": [4.032, 0.032, 5.968, 3.968], "texture": "#2"},
				"west": {"uv": [11.032, 10.032, 11.968, 12.968], "texture": "#2"},
				"up": {"uv": [5.968, 0.968, 4.032, 0.032], "rotation": 180, "texture": "#2"},
				"down": {"uv": [5.968, 0.968, 4.032, 0.032], "rotation": 180, "texture": "#2"}
			}
		},
		{
			"name": "body",
			"from": [1.62781, 8.12302, 1.10622],
			"to": [2.62781, 12.12302, 3.10622],
			"rotation": {"angle": 45, "axis": "z", "origin": [4.06948, 9.87302, 2.12289]},
			"faces": {
				"north": {"uv": [11.032, 0.032, 11.968, 3.968], "texture": "#2"},
				"east": {"uv": [1.032, 0, 2.968, 3.936], "texture": "#2"},
				"south": {"uv": [0.032, 0.032, 0.968, 3.968], "texture": "#2"},
				"west": {"uv": [1.032, 0.032, 2.968, 3.968], "texture": "#2"},
				"up": {"uv": [2.968, 3.968, 2.032, 2.032], "rotation": 180, "texture": "#2"},
				"down": {"uv": [2.968, 2.032, 2.032, 3.968], "rotation": 180, "texture": "#2"}
			}
		},
		{
			"name": "body",
			"from": [4.62781, 8.12302, 1.10622],
			"to": [5.62781, 12.12302, 3.10622],
			"rotation": {"angle": 45, "axis": "z", "origin": [4.06948, 9.87302, 2.12289]},
			"faces": {
				"north": {"uv": [3.032, 0.032, 3.968, 3.968], "texture": "#2"},
				"east": {"uv": [1.032, 0.032, 2.968, 3.968], "texture": "#2"},
				"south": {"uv": [0.032, 0.032, 0.968, 3.968], "texture": "#2"},
				"west": {"uv": [1.032, 0.032, 2.968, 3.968], "texture": "#2"},
				"up": {"uv": [2.968, 3.968, 2.032, 2.032], "rotation": 180, "texture": "#2"},
				"down": {"uv": [1.968, 2.032, 1.032, 3.968], "rotation": 180, "texture": "#2"}
			}
		},
		{
			"name": "body",
			"from": [1.62781, 8.12302, 3.10622],
			"to": [5.62781, 12.12302, 4.10622],
			"rotation": {"angle": 45, "axis": "z", "origin": [4.06948, 9.87302, 2.12289]},
			"faces": {
				"north": {"uv": [0.032, 0.032, 3.968, 3.968], "texture": "#2"},
				"east": {"uv": [0.032, 0.032, 0.968, 3.968], "texture": "#2"},
				"south": {"uv": [0.032, 0.032, 3.968, 3.968], "texture": "#2"},
				"west": {"uv": [2.032, 0.032, 2.968, 3.968], "texture": "#2"},
				"up": {"uv": [3.968, 0.968, 0.032, 0.032], "rotation": 180, "texture": "#2"},
				"down": {"uv": [3.936, 3.032, 0, 3.968], "rotation": 180, "texture": "#2"}
			}
		},
		{
			"name": "body",
			"from": [2.62781, 8.12302, 1.10622],
			"to": [4.62781, 9.12302, 3.10622],
			"rotation": {"angle": 45, "axis": "z", "origin": [4.06948, 9.87302, 2.12289]},
			"faces": {
				"north": {"uv": [0.032, 0.032, 2.032, 1.032], "texture": "#2"},
				"east": {"uv": [0.032, 0.032, 0.968, 3.968], "texture": "#2"},
				"south": {"uv": [0.032, 0.032, 3.968, 3.968], "texture": "#2"},
				"west": {"uv": [2.032, 0.032, 2.968, 3.968], "texture": "#2"},
				"up": {"uv": [4.968, 1.968, 4.032, 1.032], "rotation": 270, "texture": "#2"},
				"down": {"uv": [2, 3.032, 1, 3.032], "rotation": 180, "texture": "#2"}
			}
		},
		{
			"name": "body",
			"from": [1.62781, 8.12302, 0.10622],
			"to": [5.62781, 12.12302, 1.10622],
			"rotation": {"angle": 45, "axis": "z", "origin": [4.06948, 9.87302, 2.12289]},
			"faces": {
				"north": {"uv": [0.032, 0.032, 3.968, 3.968], "texture": "#2"},
				"east": {"uv": [3.032, 0.032, 3.968, 3.968], "texture": "#2"},
				"south": {"uv": [0.032, 0.032, 3.968, 3.968], "texture": "#2"},
				"west": {"uv": [0.032, 0.032, 0.968, 3.968], "texture": "#2"},
				"up": {"uv": [3.968, 0.968, 0.032, 0.032], "rotation": 180, "texture": "#2"},
				"down": {"uv": [3.936, 3.032, 0, 3.968], "rotation": 180, "texture": "#2"}
			}
		},
		{
			"name": "cup",
			"from": [13.57781, 8.72302, 1.65622],
			"to": [14.87781, 11.52302, 2.65622],
			"rotation": {"angle": 45, "axis": "z", "origin": [12.01948, 9.87302, 2.12289]},
			"faces": {
				"north": {"uv": [5.968, 0.032, 4.032, 3.968], "texture": "#2"},
				"east": {"uv": [5.032, 0.032, 5.968, 3.968], "texture": "#2"},
				"south": {"uv": [4.032, 0.032, 5.968, 3.968], "texture": "#2"},
				"west": {"uv": [11.032, 10.032, 11.968, 12.968], "texture": "#2"},
				"up": {"uv": [5.968, 0.968, 4.032, 0.032], "rotation": 180, "texture": "#2"},
				"down": {"uv": [5.968, 0.968, 4.032, 0.032], "rotation": 180, "texture": "#2"}
			}
		},
		{
			"name": "body",
			"from": [9.57781, 8.12302, 1.10622],
			"to": [10.57781, 12.12302, 3.10622],
			"rotation": {"angle": 45, "axis": "z", "origin": [12.01948, 9.87302, 2.12289]},
			"faces": {
				"north": {"uv": [11.032, 0.032, 11.968, 3.968], "texture": "#2"},
				"east": {"uv": [1.032, 0, 2.968, 3.936], "texture": "#2"},
				"south": {"uv": [0.032, 0.032, 0.968, 3.968], "texture": "#2"},
				"west": {"uv": [1.032, 0.032, 2.968, 3.968], "texture": "#2"},
				"up": {"uv": [2.968, 3.968, 2.032, 2.032], "rotation": 180, "texture": "#2"},
				"down": {"uv": [2.968, 2.032, 2.032, 3.968], "rotation": 180, "texture": "#2"}
			}
		},
		{
			"name": "body",
			"from": [12.57781, 8.12302, 1.10622],
			"to": [13.57781, 12.12302, 3.10622],
			"rotation": {"angle": 45, "axis": "z", "origin": [12.01948, 9.87302, 2.12289]},
			"faces": {
				"north": {"uv": [3.032, 0.032, 3.968, 3.968], "texture": "#2"},
				"east": {"uv": [1.032, 0.032, 2.968, 3.968], "texture": "#2"},
				"south": {"uv": [0.032, 0.032, 0.968, 3.968], "texture": "#2"},
				"west": {"uv": [1.032, 0.032, 2.968, 3.968], "texture": "#2"},
				"up": {"uv": [2.968, 3.968, 2.032, 2.032], "rotation": 180, "texture": "#2"},
				"down": {"uv": [1.968, 2.032, 1.032, 3.968], "rotation": 180, "texture": "#2"}
			}
		},
		{
			"name": "body",
			"from": [9.57781, 8.12302, 3.10622],
			"to": [13.57781, 12.12302, 4.10622],
			"rotation": {"angle": 45, "axis": "z", "origin": [12.01948, 9.87302, 2.12289]},
			"faces": {
				"north": {"uv": [0.032, 0.032, 3.968, 3.968], "texture": "#2"},
				"east": {"uv": [0.032, 0.032, 0.968, 3.968], "texture": "#2"},
				"south": {"uv": [0.032, 0.032, 3.968, 3.968], "texture": "#2"},
				"west": {"uv": [2.032, 0.032, 2.968, 3.968], "texture": "#2"},
				"up": {"uv": [3.968, 0.968, 0.032, 0.032], "rotation": 180, "texture": "#2"},
				"down": {"uv": [3.936, 3.032, 0, 3.968], "rotation": 180, "texture": "#2"}
			}
		},
		{
			"name": "body",
			"from": [10.57781, 8.12302, 1.10622],
			"to": [12.57781, 9.12302, 3.10622],
			"rotation": {"angle": 45, "axis": "z", "origin": [12.01948, 9.87302, 2.12289]},
			"faces": {
				"north": {"uv": [0.032, 0.032, 2.032, 1.032], "texture": "#2"},
				"east": {"uv": [0.032, 0.032, 0.968, 3.968], "texture": "#2"},
				"south": {"uv": [0.032, 0.032, 3.968, 3.968], "texture": "#2"},
				"west": {"uv": [2.032, 0.032, 2.968, 3.968], "texture": "#2"},
				"up": {"uv": [3.968, 0.968, 0.032, 0.032], "rotation": 180, "texture": "#2"},
				"down": {"uv": [2, 3.032, 1, 3.032], "rotation": 180, "texture": "#2"}
			}
		},
		{
			"name": "body",
			"from": [9.57781, 8.12302, 0.10622],
			"to": [13.57781, 12.12302, 1.10622],
			"rotation": {"angle": 45, "axis": "z", "origin": [12.01948, 9.87302, 2.12289]},
			"faces": {
				"north": {"uv": [0.032, 0.032, 3.968, 3.968], "texture": "#2"},
				"east": {"uv": [3.032, 0.032, 3.968, 3.968], "texture": "#2"},
				"south": {"uv": [0.032, 0.032, 3.968, 3.968], "texture": "#2"},
				"west": {"uv": [0.032, 0.032, 0.968, 3.968], "texture": "#2"},
				"up": {"uv": [3.968, 0.968, 0.032, 0.032], "rotation": 180, "texture": "#2"},
				"down": {"uv": [3.936, 3.032, 0, 3.968], "rotation": 180, "texture": "#2"}
			}
		}
	],
	"display": {
		"thirdperson_righthand": {
			"rotation": [80, -180, 0],
			"translation": [-5.75, 5, -7.5]
		},
		"firstperson_righthand": {
			"translation": [7.75, -4.25, 2.25]
		},
		"fixed": {
			"rotation": [0, -180, 0],
			"translation": [0, 0, -15],
			"scale": [2, 2, 2]
		}
	},
	"groups": [
		{
			"name": "cupholder1",
			"origin": [0, 0, 0],
			"color": 0,
			"children": [
				{
					"name": "hangers",
					"origin": [-8, -1, -7.9],
					"color": 1,
					"children": [0, 1, 2, 3, 4, 5]
				}
			]
		},
		{
			"name": "cup",
			"origin": [-0.4, 1, 0.1],
			"color": 0,
			"children": [
				6,
				{
					"name": "body",
					"origin": [-0.91603, 1, 1.20622],
					"color": 1,
					"children": [7, 8, 9, 10, 11]
				}
			]
		},
		{
			"name": "cup",
			"origin": [-0.4, 1, 0.1],
			"color": 0,
			"children": [
				12,
				{
					"name": "body",
					"origin": [-0.91603, 1, 1.20622],
					"color": 1,
					"children": [13, 14, 15, 16, 17]
				}
			]
		}
	]
}