{
	"credit": "Made with Blockbench",
	"texture_size": [64, 64],
	"textures": {
		"0": "Ptexture0",
		"1": "Ptexture1",
		"2": "Ptexture2",
		"3": "Ptexture3",
		"4": "Ptexture4",
		"5": "Ptexture5",
		"particle": "Ptexture0"
	},
	"elements": [
		{
			"from": [14, 0, 0],
			"to": [16, 1, 16],
			"faces": {
				"north": {"uv": [4, 4, 4.5, 4.25], "texture": "#5"},
				"east": {"uv": [0, 4, 4, 4.25], "texture": "#5"},
				"south": {"uv": [8.5, 4, 9, 4.25], "texture": "#5"},
				"west": {"uv": [4.5, 4, 8.5, 4.25], "texture": "#5"},
				"up": {"uv": [4.5, 4, 4, 0], "texture": "#5"},
				"down": {"uv": [5, 0, 4.5, 4], "texture": "#5"}
			}
		},
		{
			"from": [0, 0, 0],
			"to": [2, 1, 16],
			"faces": {
				"north": {"uv": [4, 4, 4.5, 4.25], "texture": "#5"},
				"east": {"uv": [0, 4, 4, 4.25], "texture": "#5"},
				"south": {"uv": [8.5, 4, 9, 4.25], "texture": "#5"},
				"west": {"uv": [4.5, 4, 8.5, 4.25], "texture": "#5"},
				"up": {"uv": [4.5, 4, 4, 0], "texture": "#5"},
				"down": {"uv": [5, 0, 4.5, 4], "texture": "#5"}
			}
		},
		{
			"from": [2, 0, 0],
			"to": [14, 1, 2],
			"faces": {
				"north": {"uv": [0.5, 5, 3.5, 5.25], "texture": "#5"},
				"east": {"uv": [0, 5, 0.5, 5.25], "texture": "#5"},
				"south": {"uv": [4, 5, 7, 5.25], "texture": "#5"},
				"west": {"uv": [3.5, 5, 4, 5.25], "texture": "#5"},
				"up": {"uv": [3.5, 5, 0.5, 4.5], "texture": "#5"},
				"down": {"uv": [6.5, 4.5, 3.5, 5], "texture": "#5"}
			}
		},
		{
			"from": [2, 0, 14],
			"to": [14, 1, 16],
			"faces": {
				"north": {"uv": [0.5, 5, 3.5, 5.25], "texture": "#5"},
				"east": {"uv": [0, 5, 0.5, 5.25], "texture": "#5"},
				"south": {"uv": [4, 5, 7, 5.25], "texture": "#5"},
				"west": {"uv": [3.5, 5, 4, 5.25], "texture": "#5"},
				"up": {"uv": [3.5, 5, 0.5, 4.5], "texture": "#5"},
				"down": {"uv": [6.5, 4.5, 3.5, 5], "texture": "#5"}
			}
		},
		{
			"from": [0, 1, 15],
			"to": [16, 15, 16],
			"faces": {
				"north": {"uv": [0.25, 0.25, 4.25, 3.75], "texture": "#1"},
				"east": {"uv": [0, 0.25, 0.25, 3.75], "texture": "#1"},
				"south": {"uv": [4.5, 0.25, 8.5, 3.75], "texture": "#1"},
				"west": {"uv": [4.25, 0.25, 4.5, 3.75], "texture": "#1"},
				"up": {"uv": [4.25, 0.25, 0.25, 0], "texture": "#1"},
				"down": {"uv": [8.25, 0, 4.25, 0.25], "texture": "#1"}
			}
		},
		{
			"from": [0, 1, 0],
			"to": [16, 3, 1],
			"faces": {
				"north": {"uv": [0.25, 3.25, 4.25, 3.75], "texture": "#0"},
				"east": {"uv": [0, 3.25, 0.25, 3.75], "texture": "#0"},
				"south": {"uv": [4.5, 3.25, 8.5, 3.75], "texture": "#0"},
				"west": {"uv": [4.25, 3.25, 4.5, 3.75], "texture": "#0"},
				"up": {"uv": [4.25, 3.25, 0.25, 3], "texture": "#0"},
				"down": {"uv": [8.25, 3, 4.25, 3.25], "texture": "#0"}
			}
		},
		{
			"from": [11, 3, 0],
			"to": [16, 5, 1],
			"faces": {
				"north": {"uv": [3.5, 4.25, 4.75, 4.75], "texture": "#0"},
				"east": {"uv": [3.25, 4.25, 3.5, 4.75], "texture": "#0"},
				"south": {"uv": [5, 4.25, 6.25, 4.75], "texture": "#0"},
				"west": {"uv": [4.75, 4.25, 5, 4.75], "texture": "#0"},
				"up": {"uv": [4.75, 4.25, 3.5, 4], "texture": "#0"},
				"down": {"uv": [6, 4, 4.75, 4.25], "texture": "#0"}
			}
		},
		{
			"from": [0, 3, 0],
			"to": [5, 5, 1],
			"faces": {
				"north": {"uv": [0.25, 4.25, 1.5, 4.75], "texture": "#0"},
				"east": {"uv": [0, 4.25, 0.25, 4.75], "texture": "#0"},
				"south": {"uv": [1.75, 4.25, 3, 4.75], "texture": "#0"},
				"west": {"uv": [1.5, 4.25, 1.75, 4.75], "texture": "#0"},
				"up": {"uv": [1.5, 4.25, 0.25, 4], "texture": "#0"},
				"down": {"uv": [2.75, 4, 1.5, 4.25], "texture": "#0"}
			}
		},
		{
			"from": [0, 5, 0],
			"to": [16, 7, 1],
			"faces": {
				"north": {"uv": [0.25, 2.25, 4.25, 2.75], "texture": "#0"},
				"east": {"uv": [0, 2.25, 0.25, 2.75], "texture": "#0"},
				"south": {"uv": [4.5, 2.25, 8.5, 2.75], "texture": "#0"},
				"west": {"uv": [4.25, 2.25, 4.5, 2.75], "texture": "#0"},
				"up": {"uv": [4.25, 2.25, 0.25, 2], "texture": "#0"},
				"down": {"uv": [8.25, 2, 4.25, 2.25], "texture": "#0"}
			}
		},
		{
			"from": [0, 7, 0],
			"to": [2, 9, 1],
			"faces": {
				"north": {"uv": [4.75, 5.25, 5.25, 5.75], "texture": "#0"},
				"east": {"uv": [4.5, 5.25, 4.75, 5.75], "texture": "#0"},
				"south": {"uv": [5.5, 5.25, 6, 5.75], "texture": "#0"},
				"west": {"uv": [5.25, 5.25, 5.5, 5.75], "texture": "#0"},
				"up": {"uv": [5.25, 5.25, 4.75, 5], "texture": "#0"},
				"down": {"uv": [5.75, 5, 5.25, 5.25], "texture": "#0"}
			}
		},
		{
			"from": [14, 7, 0],
			"to": [16, 9, 1],
			"faces": {
				"north": {"uv": [3, 5.25, 3.5, 5.75], "texture": "#0"},
				"east": {"uv": [2.75, 5.25, 3, 5.75], "texture": "#0"},
				"south": {"uv": [3.75, 5.25, 4.25, 5.75], "texture": "#0"},
				"west": {"uv": [3.5, 5.25, 3.75, 5.75], "texture": "#0"},
				"up": {"uv": [3.5, 5.25, 3, 5], "texture": "#0"},
				"down": {"uv": [4, 5, 3.5, 5.25], "texture": "#0"}
			}
		},
		{
			"from": [6, 7, 0],
			"to": [10, 9, 1],
			"faces": {
				"north": {"uv": [0.25, 5.25, 1.25, 5.75], "texture": "#0"},
				"east": {"uv": [0, 5.25, 0.25, 5.75], "texture": "#0"},
				"south": {"uv": [1.5, 5.25, 2.5, 5.75], "texture": "#0"},
				"west": {"uv": [1.25, 5.25, 1.5, 5.75], "texture": "#0"},
				"up": {"uv": [1.25, 5.25, 0.25, 5], "texture": "#0"},
				"down": {"uv": [2.25, 5, 1.25, 5.25], "texture": "#0"}
			}
		},
		{
			"from": [0, 9, 0],
			"to": [16, 15, 1],
			"faces": {
				"north": {"uv": [0.25, 0.25, 4.25, 1.75], "texture": "#0"},
				"east": {"uv": [0, 0.25, 0.25, 1.75], "texture": "#0"},
				"south": {"uv": [4.5, 0.25, 8.5, 1.75], "texture": "#0"},
				"west": {"uv": [4.25, 0.25, 4.5, 1.75], "texture": "#0"},
				"up": {"uv": [4.25, 0.25, 0.25, 0], "texture": "#0"},
				"down": {"uv": [8.25, 0, 4.25, 0.25], "texture": "#0"}
			}
		},
		{
			"from": [15, 1, 1],
			"to": [16, 15, 15],
			"faces": {
				"north": {"uv": [3.5, 3.5, 3.75, 7], "texture": "#2"},
				"east": {"uv": [0, 3.5, 3.5, 7], "texture": "#2"},
				"south": {"uv": [7.25, 3.5, 7.5, 7], "texture": "#2"},
				"west": {"uv": [3.75, 3.5, 7.25, 7], "texture": "#2"},
				"up": {"uv": [3.75, 3.5, 3.5, 0], "texture": "#2"},
				"down": {"uv": [4, 0, 3.75, 3.5], "texture": "#2"}
			}
		},
		{
			"from": [0, 1, 1],
			"to": [1, 15, 15],
			"faces": {
				"north": {"uv": [3.5, 3.5, 3.75, 7], "texture": "#3"},
				"east": {"uv": [0, 3.5, 3.5, 7], "texture": "#3"},
				"south": {"uv": [7.25, 3.5, 7.5, 7], "texture": "#3"},
				"west": {"uv": [3.75, 3.5, 7.25, 7], "texture": "#3"},
				"up": {"uv": [3.75, 3.5, 3.5, 0], "texture": "#3"},
				"down": {"uv": [4, 0, 3.75, 3.5], "texture": "#3"}
			}
		},
		{
			"from": [1, 14, 1],
			"to": [15, 16, 15],
			"faces": {
				"north": {"uv": [3.5, 3.5, 7, 4], "texture": "#4"},
				"east": {"uv": [0, 3.5, 3.5, 4], "texture": "#4"},
				"south": {"uv": [10.5, 3.5, 14, 4], "texture": "#4"},
				"west": {"uv": [7, 3.5, 10.5, 4], "texture": "#4"},
				"up": {"uv": [7, 3.5, 3.5, 0], "texture": "#4"},
				"down": {"uv": [10.5, 0, 7, 3.5], "texture": "#4"}
			}
		}
	],
	"display": {
		"thirdperson_righthand": {
			"rotation": [-21, 0, 0],
			"translation": [0, 1, -4.75],
			"scale": [0.5, 0.5, 0.5]
		},
		"thirdperson_lefthand": {
			"rotation": [-29.75, 0, 0],
			"translation": [0, 0, -4.5],
			"scale": [0.5, 0.5, 0.5]
		},
		"firstperson_righthand": {
			"scale": [0.5, 0.5, 0.5]
		},
		"firstperson_lefthand": {
			"scale": [0.5, 0.5, 0.5]
		},
		"ground": {
			"scale": [0.5, 0.5, 0.5]
		},
		"gui": {
			"rotation": [180, -54.75, 180],
			"scale": [0.7, 0.7, 0.7]
		},
		"head": {
			"translation": [0, 0.75, 0]
		}
	},
	"groups": [
		{
			"name": "niz",
			"origin": [8, 8, 8],
			"color": 0,
			"children": [0, 1, 2, 3]
		},
		{
			"name": "zad",
			"origin": [8, 8, 8],
			"color": 0,
			"children": [4]
		},
		{
			"name": "pered",
			"origin": [8, 8, 8],
			"color": 0,
			"children": [5, 6, 7, 8, 9, 10, 11, 12]
		},
		{
			"name": "pravo",
			"origin": [8, 8, 8],
			"color": 0,
			"children": [13]
		},
		{
			"name": "levo",
			"origin": [8, 8, 8],
			"color": 0,
			"children": [14]
		},
		{
			"name": "verh",
			"origin": [8, 8, 8],
			"color": 0,
			"children": [15]
		}
	]
}