{
	"credit": "Made with Blockbench",
	"texture_size": [96, 96],
	"textures": {
		"0": "block/macaronbox1"
	},
	"elements": [
		{
			"name": "bone",
			"from": [1.5, 0.1, 4],
			"to": [12, 3.1, 7],
			"rotation": {"angle": 0, "axis": "y", "origin": [8, 0, 8]},
			"faces": {
				"north": {"uv": [5.33867, 10.672, 8.99467, 11.66133], "texture": "#0"},
				"east": {"uv": [9.00533, 11.672, 9.99467, 12.66133], "texture": "#0"},
				"south": {"uv": [5.33867, 10.672, 8.99467, 11.66133], "texture": "#0"},
				"west": {"uv": [9.00533, 11.672, 9.99467, 12.66133], "texture": "#0"},
				"up": {"uv": [8.99467, 13.66133, 5.33867, 12.672], "texture": "#0"},
				"down": {"uv": [8.99467, 13.672, 5.33867, 14.66133], "texture": "#0"}
			}
		},
		{
			"name": "bone",
			"from": [12.2, 0.1, 5],
			"to": [12.2, 3.2, 6],
			"rotation": {"angle": 0, "axis": "y", "origin": [8, 0, 8]},
			"faces": {
				"north": {"uv": [0, 0, 0, 0], "texture": "#0"},
				"east": {"uv": [2.33867, 1.7, 2.66133, 0.672], "texture": "#0"},
				"south": {"uv": [0, 0, 0, 0], "texture": "#0"},
				"west": {"uv": [2.33867, 1.7, 2.66133, 0.672], "texture": "#0"},
				"up": {"uv": [0.00533, 0.00533, 3.63333, 0.328], "texture": "#0"},
				"down": {"uv": [0.00533, 0.00533, 0.00533, 0.00533], "texture": "#0"}
			}
		},
		{
			"name": "bone",
			"from": [1.3, 0.1, 5],
			"to": [1.3, 3.2, 6],
			"rotation": {"angle": 0, "axis": "y", "origin": [8, 0, 8]},
			"faces": {
				"north": {"uv": [0, 0, 0, 0], "texture": "#0"},
				"east": {"uv": [2.33867, 1.7, 2.66133, 0.672], "texture": "#0"},
				"south": {"uv": [0, 0, 0, 0], "texture": "#0"},
				"west": {"uv": [2.33867, 1.7, 2.66133, 0.672], "texture": "#0"},
				"up": {"uv": [0.00533, 0.00533, 3.63333, 0.328], "texture": "#0"},
				"down": {"uv": [0.00533, 0.00533, 0.00533, 0.00533], "texture": "#0"}
			}
		},
		{
			"name": "bone",
			"from": [1.3, 3.2, 5],
			"to": [12.2, 3.2, 6],
			"rotation": {"angle": 0, "axis": "y", "origin": [8, 0, 8]},
			"faces": {
				"north": {"uv": [0, 0, 0, 0], "texture": "#0"},
				"east": {"uv": [2.33867, 1.7, 2.66133, 0.672], "texture": "#0"},
				"south": {"uv": [0, 0, 0, 0], "texture": "#0"},
				"west": {"uv": [2.33867, 1.7, 2.66133, 0.672], "texture": "#0"},
				"up": {"uv": [0.00533, 0.00533, 3.63333, 0.328], "texture": "#0"},
				"down": {"uv": [0.00533, 0.00533, 0.00533, 0.00533], "texture": "#0"}
			}
		},
		{
			"name": "bone",
			"from": [5.6, 2.19209, 3.42744],
			"to": [6.6, 2.19209, 4.42744],
			"rotation": {"angle": 22.5, "axis": "x", "origin": [8, 0, 8]},
			"faces": {
				"north": {"uv": [0, 0, 0, 0], "texture": "#0"},
				"east": {"uv": [0, 0, 0, 0], "texture": "#0"},
				"south": {"uv": [0, 0, 0, 0], "texture": "#0"},
				"west": {"uv": [0, 0, 0, 0], "texture": "#0"},
				"up": {"uv": [2.672, 2.33867, 2.99467, 2.66133], "texture": "#0"},
				"down": {"uv": [2.672, 2.33867, 2.99467, 2.66133], "texture": "#0"}
			}
		},
		{
			"name": "bone",
			"from": [6.6, 2.39209, 4.42744],
			"to": [7.6, 2.39209, 5.42744],
			"rotation": {"angle": 22.5, "axis": "x", "origin": [8, 0, 8]},
			"faces": {
				"north": {"uv": [0, 0, 0, 0], "texture": "#0"},
				"east": {"uv": [0, 0, 0, 0], "texture": "#0"},
				"south": {"uv": [0, 0, 0, 0], "texture": "#0"},
				"west": {"uv": [0, 0, 0, 0], "texture": "#0"},
				"up": {"uv": [2.00533, 1.33867, 2.328, 1.66133], "texture": "#0"},
				"down": {"uv": [2.00533, 1.33867, 2.328, 1.66133], "texture": "#0"}
			}
		},
		{
			"name": "macaron2",
			"from": [2.26, 0.36, 4.5],
			"to": [2.66, 2.36, 6.5],
			"rotation": {"angle": 0, "axis": "y", "origin": [8, 0, 8]},
			"faces": {
				"north": {"uv": [7.656, 0.01067, 7.01067, 0.656], "texture": "#0"},
				"east": {"uv": [7.656, 0.01067, 7.01067, 0.656], "texture": "#0"},
				"south": {"uv": [7.656, 0.01067, 7.01067, 0.656], "texture": "#0"},
				"west": {"uv": [7.656, 0.01067, 7.01067, 0.656], "texture": "#0"},
				"up": {"uv": [7.656, 0.01067, 7.01067, 0.656], "texture": "#0"},
				"down": {"uv": [7.656, 0.01067, 7.01067, 0.656], "texture": "#0"}
			}
		},
		{
			"name": "macarontop2",
			"from": [2.06, 0.26, 4.4],
			"to": [2.36, 2.46, 6.6],
			"rotation": {"angle": 0, "axis": "y", "origin": [8, 0, 8]},
			"faces": {
				"north": {"uv": [5.67733, 1.16667, 5.98933, 1.812], "texture": "#0"},
				"east": {"uv": [6.656, 0.656, 6.01067, 0.01067], "texture": "#0"},
				"south": {"uv": [5.67733, 1.812, 5.98933, 1.16667], "texture": "#0"},
				"west": {"uv": [6.656, 0.656, 6.01067, 0.01067], "texture": "#0"},
				"up": {"uv": [5.67733, 1.812, 5.98933, 1.16667], "texture": "#0"},
				"down": {"uv": [5.344, 0.64533, 5.656, 0], "texture": "#0"}
			}
		},
		{
			"name": "macarontop2",
			"from": [1.76, 0.36, 4.5],
			"to": [2.16, 2.36, 6.5],
			"rotation": {"angle": 0, "axis": "y", "origin": [8, 0, 8]},
			"faces": {
				"north": {"uv": [5.67733, 1.812, 5.98933, 1.16667], "texture": "#0"},
				"east": {"uv": [7.32267, 0.01067, 6.67733, 0.656], "texture": "#0"},
				"south": {"uv": [5.67733, 1.16667, 5.98933, 1.812], "texture": "#0"},
				"west": {"uv": [6.656, 0.656, 6.01067, 0.01067], "texture": "#0"},
				"up": {"uv": [6.01067, 2.01067, 6.32267, 2.656], "texture": "#0"},
				"down": {"uv": [5.67733, 1.812, 5.98933, 1.16667], "texture": "#0"}
			}
		},
		{
			"name": "macaronbottom2",
			"from": [2.66, 0.26, 4.4],
			"to": [2.96, 2.46, 6.6],
			"rotation": {"angle": 0, "axis": "y", "origin": [8, 0, 8]},
			"faces": {
				"north": {"uv": [5.67733, 1.812, 5.98933, 1.16667], "texture": "#0"},
				"east": {"uv": [6.656, 0.656, 6.01067, 0.01067], "texture": "#0"},
				"south": {"uv": [5.67733, 1.16667, 5.98933, 1.812], "texture": "#0"},
				"west": {"uv": [6.656, 0.656, 6.01067, 0.01067], "texture": "#0"},
				"up": {"uv": [6.67733, 2.67733, 7.32267, 2.98933], "texture": "#0"},
				"down": {"uv": [5.67733, 1.16667, 5.98933, 1.812], "texture": "#0"}
			}
		},
		{
			"name": "macaronbottom2",
			"from": [2.86, 0.36, 4.5],
			"to": [3.26, 2.36, 6.5],
			"rotation": {"angle": 0, "axis": "y", "origin": [8, 0, 8]},
			"faces": {
				"north": {"uv": [5.67733, 1.16667, 5.98933, 1.812], "texture": "#0"},
				"east": {"uv": [6.656, 0.656, 6.01067, 0.01067], "texture": "#0"},
				"south": {"uv": [5.67733, 1.812, 5.98933, 1.16667], "texture": "#0"},
				"west": {"uv": [6.656, 0.656, 6.01067, 0.01067], "texture": "#0"},
				"up": {"uv": [5.67733, 1.812, 5.98933, 1.16667], "texture": "#0"},
				"down": {"uv": [5.67733, 1.812, 5.98933, 1.16667], "texture": "#0"}
			}
		},
		{
			"name": "macaron3",
			"from": [3.96, 0.36, 4.5],
			"to": [4.36, 2.36, 6.5],
			"rotation": {"angle": 0, "axis": "y", "origin": [8, 0, 8]},
			"faces": {
				"north": {"uv": [12.98933, 0.01067, 12.344, 0.656], "texture": "#0"},
				"east": {"uv": [12.98933, 0.01067, 12.344, 0.656], "texture": "#0"},
				"south": {"uv": [12.98933, 0.01067, 12.344, 0.656], "texture": "#0"},
				"west": {"uv": [12.98933, 0.01067, 12.344, 0.656], "texture": "#0"},
				"up": {"uv": [12.98933, 0.01067, 12.344, 0.656], "texture": "#0"},
				"down": {"uv": [12.98933, 0.01067, 12.344, 0.656], "texture": "#0"}
			}
		},
		{
			"name": "macarontop3",
			"from": [3.76, 0.26, 4.4],
			"to": [4.06, 2.46, 6.6],
			"rotation": {"angle": 0, "axis": "y", "origin": [8, 0, 8]},
			"faces": {
				"north": {"uv": [10.67733, 1.97867, 10.98933, 1.33333], "texture": "#0"},
				"east": {"uv": [11.98933, 0.656, 11.344, 0.01067], "texture": "#0"},
				"south": {"uv": [11.32267, 1.33333, 11.01067, 1.97867], "texture": "#0"},
				"west": {"uv": [11.98933, 0.656, 11.344, 0.01067], "texture": "#0"},
				"up": {"uv": [10.67733, 1.33333, 10.98933, 1.97867], "texture": "#0"},
				"down": {"uv": [10.67733, 1.33333, 10.98933, 1.97867], "texture": "#0"}
			}
		},
		{
			"name": "macarontop3",
			"from": [3.46, 0.36, 4.5],
			"to": [3.86, 2.36, 6.5],
			"rotation": {"angle": 0, "axis": "y", "origin": [8, 0, 8]},
			"faces": {
				"north": {"uv": [11.01067, 1.33333, 11.32267, 1.97867], "texture": "#0"},
				"east": {"uv": [12.656, 0.01067, 12.01067, 0.656], "texture": "#0"},
				"south": {"uv": [10.67733, 1.97867, 10.98933, 1.33333], "texture": "#0"},
				"west": {"uv": [11.98933, 0.656, 11.344, 0.01067], "texture": "#0"},
				"up": {"uv": [11.01067, 1.97867, 11.32267, 1.33333], "texture": "#0"},
				"down": {"uv": [11.01067, 1.97867, 11.32267, 1.33333], "texture": "#0"}
			}
		},
		{
			"name": "macaronbottom3",
			"from": [4.36, 0.26, 4.4],
			"to": [4.66, 2.46, 6.6],
			"rotation": {"angle": 0, "axis": "y", "origin": [8, 0, 8]},
			"faces": {
				"north": {"uv": [11.01067, 1.33333, 11.32267, 1.97867], "texture": "#0"},
				"east": {"uv": [11.98933, 0.656, 11.344, 0.01067], "texture": "#0"},
				"south": {"uv": [10.67733, 1.14533, 10.98933, 0.5], "texture": "#0"},
				"west": {"uv": [11.98933, 0.656, 11.344, 0.01067], "texture": "#0"},
				"up": {"uv": [10.67733, 1.97867, 10.98933, 1.33333], "texture": "#0"},
				"down": {"uv": [11.01067, 1.97867, 11.32267, 1.33333], "texture": "#0"}
			}
		},
		{
			"name": "macaronbottom3",
			"from": [4.56, 0.36, 4.5],
			"to": [4.96, 2.36, 6.5],
			"rotation": {"angle": 0, "axis": "y", "origin": [8, 0, 8]},
			"faces": {
				"north": {"uv": [10.67733, 1.97867, 10.98933, 1.33333], "texture": "#0"},
				"east": {"uv": [11.98933, 0.656, 11.344, 0.01067], "texture": "#0"},
				"south": {"uv": [10.67733, 0.5, 10.98933, 1.14533], "texture": "#0"},
				"west": {"uv": [11.98933, 0.656, 11.344, 0.01067], "texture": "#0"},
				"up": {"uv": [10.67733, 0.5, 10.98933, 1.14533], "texture": "#0"},
				"down": {"uv": [10.67733, 1.33333, 10.98933, 1.97867], "texture": "#0"}
			}
		},
		{
			"name": "macaron4",
			"from": [5.66, 0.36, 4.5],
			"to": [6.06, 2.36, 6.5],
			"rotation": {"angle": 0, "axis": "y", "origin": [8, 0, 8]},
			"faces": {
				"north": {"uv": [2.32267, 5.344, 1.67733, 5.98933], "texture": "#0"},
				"east": {"uv": [2.32267, 5.344, 1.67733, 5.98933], "texture": "#0"},
				"south": {"uv": [2.32267, 5.344, 1.67733, 5.98933], "texture": "#0"},
				"west": {"uv": [2.32267, 5.344, 1.67733, 5.98933], "texture": "#0"},
				"up": {"uv": [2.32267, 5.344, 1.67733, 5.98933], "texture": "#0"},
				"down": {"uv": [2.32267, 5.344, 1.67733, 5.98933], "texture": "#0"}
			}
		},
		{
			"name": "macarontop4",
			"from": [5.46, 0.26, 4.4],
			"to": [5.76, 2.46, 6.6],
			"rotation": {"angle": 0, "axis": "y", "origin": [8, 0, 8]},
			"faces": {
				"north": {"uv": [0.33333, 6.5, 0.64533, 7.14533], "texture": "#0"},
				"east": {"uv": [1.32267, 5.98933, 0.67733, 5.344], "texture": "#0"},
				"south": {"uv": [0.344, 6.01067, 0.656, 6.656], "texture": "#0"},
				"west": {"uv": [1.32267, 5.98933, 0.67733, 5.344], "texture": "#0"},
				"up": {"uv": [0.344, 6.01067, 0.656, 6.656], "texture": "#0"},
				"down": {"uv": [0.344, 6.01067, 0.656, 6.656], "texture": "#0"}
			}
		},
		{
			"name": "macarontop4",
			"from": [5.16, 0.36, 4.5],
			"to": [5.56, 2.36, 6.5],
			"rotation": {"angle": 0, "axis": "y", "origin": [8, 0, 8]},
			"faces": {
				"north": {"uv": [0.344, 6.01067, 0.656, 6.656], "texture": "#0"},
				"east": {"uv": [1.98933, 5.344, 1.344, 5.98933], "texture": "#0"},
				"south": {"uv": [0.33333, 7.312, 0.64533, 6.66667], "texture": "#0"},
				"west": {"uv": [1.32267, 5.98933, 0.67733, 5.344], "texture": "#0"},
				"up": {"uv": [0, 5.66667, 0.312, 6.312], "texture": "#0"},
				"down": {"uv": [0.33333, 6.5, 0.64533, 7.14533], "texture": "#0"}
			}
		},
		{
			"name": "macaronbottom4",
			"from": [6.06, 0.26, 4.4],
			"to": [6.36, 2.46, 6.6],
			"rotation": {"angle": 0, "axis": "y", "origin": [8, 0, 8]},
			"faces": {
				"north": {"uv": [0.33333, 7.14533, 0.64533, 6.5], "texture": "#0"},
				"east": {"uv": [1.32267, 5.98933, 0.67733, 5.344], "texture": "#0"},
				"south": {"uv": [0.33333, 6.5, 0.64533, 7.14533], "texture": "#0"},
				"west": {"uv": [0.344, 6.01067, 0.656, 6.656], "texture": "#0"},
				"up": {"uv": [0, 5.66667, 0.312, 6.312], "texture": "#0"},
				"down": {"uv": [0.33333, 6.5, 0.64533, 7.14533], "texture": "#0"}
			}
		},
		{
			"name": "macaronbottom4",
			"from": [6.26, 0.36, 4.5],
			"to": [6.66, 2.36, 6.5],
			"rotation": {"angle": 0, "axis": "y", "origin": [8, 0, 8]},
			"faces": {
				"north": {"uv": [0.33333, 6.5, 0.64533, 7.14533], "texture": "#0"},
				"east": {"uv": [1.32267, 5.98933, 0.67733, 5.344], "texture": "#0"},
				"south": {"uv": [0.33333, 6.66667, 0.64533, 7.312], "texture": "#0"},
				"west": {"uv": [1.32267, 5.98933, 0.67733, 5.344], "texture": "#0"},
				"up": {"uv": [0.344, 6.01067, 0.656, 6.656], "texture": "#0"},
				"down": {"uv": [0.344, 6.01067, 0.656, 6.656], "texture": "#0"}
			}
		},
		{
			"name": "macaron5",
			"from": [7.36, 0.36, 4.5],
			"to": [7.76, 2.36, 6.5],
			"rotation": {"angle": 0, "axis": "y", "origin": [8, 0, 8]},
			"faces": {
				"north": {"uv": [12.98933, 5.344, 12.344, 5.98933], "texture": "#0"},
				"east": {"uv": [12.98933, 5.344, 12.344, 5.98933], "texture": "#0"},
				"south": {"uv": [12.98933, 5.344, 12.344, 5.98933], "texture": "#0"},
				"west": {"uv": [12.98933, 5.344, 12.344, 5.98933], "texture": "#0"},
				"up": {"uv": [12.98933, 5.344, 12.344, 5.98933], "texture": "#0"},
				"down": {"uv": [12.98933, 5.344, 12.344, 5.98933], "texture": "#0"}
			}
		},
		{
			"name": "macarontop5",
			"from": [7.16, 0.26, 4.4],
			"to": [7.46, 2.46, 6.6],
			"rotation": {"angle": 0, "axis": "y", "origin": [8, 0, 8]},
			"faces": {
				"north": {"uv": [10.67733, 6.656, 10.98933, 6.01067], "texture": "#0"},
				"east": {"uv": [11.98933, 5.98933, 11.344, 5.344], "texture": "#0"},
				"south": {"uv": [10.67733, 6.01067, 10.98933, 6.656], "texture": "#0"},
				"west": {"uv": [11.98933, 5.98933, 11.344, 5.344], "texture": "#0"},
				"up": {"uv": [10.67733, 6.01067, 10.98933, 6.656], "texture": "#0"},
				"down": {"uv": [10.67733, 6.01067, 10.98933, 6.656], "texture": "#0"}
			}
		},
		{
			"name": "macarontop5",
			"from": [6.86, 0.36, 4.5],
			"to": [7.26, 2.36, 6.5],
			"rotation": {"angle": 0, "axis": "y", "origin": [8, 0, 8]},
			"faces": {
				"north": {"uv": [11.344, 7.344, 11.656, 7.98933], "texture": "#0"},
				"east": {"uv": [12.656, 5.344, 12.01067, 5.98933], "texture": "#0"},
				"south": {"uv": [10.67733, 6.656, 10.98933, 6.01067], "texture": "#0"},
				"west": {"uv": [11.98933, 5.98933, 11.344, 5.344], "texture": "#0"},
				"up": {"uv": [12.01067, 8.01067, 12.32267, 8.656], "texture": "#0"},
				"down": {"uv": [10.67733, 6.656, 10.98933, 6.01067], "texture": "#0"}
			}
		},
		{
			"name": "macaronbottom5",
			"from": [7.76, 0.26, 4.4],
			"to": [8.06, 2.46, 6.6],
			"rotation": {"angle": 0, "axis": "y", "origin": [8, 0, 8]},
			"faces": {
				"north": {"uv": [12.01067, 8.656, 12.32267, 8.01067], "texture": "#0"},
				"east": {"uv": [11.98933, 5.98933, 11.344, 5.344], "texture": "#0"},
				"south": {"uv": [11.01067, 7.344, 11.32267, 7.98933], "texture": "#0"},
				"west": {"uv": [11.98933, 5.98933, 11.344, 5.344], "texture": "#0"},
				"up": {"uv": [10.67733, 6.656, 10.98933, 6.01067], "texture": "#0"},
				"down": {"uv": [10.67733, 6.656, 10.98933, 6.01067], "texture": "#0"}
			}
		},
		{
			"name": "macaronbottom5",
			"from": [7.96, 0.36, 4.5],
			"to": [8.36, 2.36, 6.5],
			"rotation": {"angle": 0, "axis": "y", "origin": [8, 0, 8]},
			"faces": {
				"north": {"uv": [10.67733, 6.656, 10.98933, 6.01067], "texture": "#0"},
				"east": {"uv": [11.98933, 5.98933, 11.344, 5.344], "texture": "#0"},
				"south": {"uv": [10.67733, 6.01067, 10.98933, 6.656], "texture": "#0"},
				"west": {"uv": [11.98933, 5.98933, 11.344, 5.344], "texture": "#0"},
				"up": {"uv": [10.67733, 7.32267, 10.98933, 6.67733], "texture": "#0"},
				"down": {"uv": [10.67733, 6.01067, 10.98933, 6.656], "texture": "#0"}
			}
		},
		{
			"name": "macaron6",
			"from": [9.06, 0.36, 4.5],
			"to": [9.46, 2.36, 6.5],
			"rotation": {"angle": 0, "axis": "y", "origin": [8, 0, 8]},
			"faces": {
				"north": {"uv": [7.656, 5.344, 7.01067, 5.98933], "texture": "#0"},
				"east": {"uv": [7.656, 5.344, 7.01067, 5.98933], "texture": "#0"},
				"south": {"uv": [7.656, 5.344, 7.01067, 5.98933], "texture": "#0"},
				"west": {"uv": [7.656, 5.344, 7.01067, 5.98933], "texture": "#0"},
				"up": {"uv": [7.656, 5.344, 7.01067, 5.98933], "texture": "#0"},
				"down": {"uv": [7.656, 5.344, 7.01067, 5.98933], "texture": "#0"}
			}
		},
		{
			"name": "macarontop6",
			"from": [8.86, 0.26, 4.4],
			"to": [9.16, 2.46, 6.6],
			"rotation": {"angle": 0, "axis": "y", "origin": [8, 0, 8]},
			"faces": {
				"north": {"uv": [5.344, 6.98933, 5.656, 6.344], "texture": "#0"},
				"east": {"uv": [6.656, 5.98933, 6.01067, 5.344], "texture": "#0"},
				"south": {"uv": [7.67733, 8.656, 7.98933, 8.01067], "texture": "#0"},
				"west": {"uv": [6.656, 5.98933, 6.01067, 5.344], "texture": "#0"},
				"up": {"uv": [6.844, 8.32267, 7.156, 7.67733], "texture": "#0"},
				"down": {"uv": [7.67733, 8.01067, 7.98933, 8.656], "texture": "#0"}
			}
		},
		{
			"name": "macarontop6",
			"from": [8.56, 0.36, 4.5],
			"to": [8.96, 2.36, 6.5],
			"rotation": {"angle": 0, "axis": "y", "origin": [8, 0, 8]},
			"faces": {
				"north": {"uv": [7.67733, 8.01067, 7.98933, 8.656], "texture": "#0"},
				"east": {"uv": [7.32267, 5.344, 6.67733, 5.98933], "texture": "#0"},
				"south": {"uv": [5.344, 6.344, 5.656, 6.98933], "texture": "#0"},
				"west": {"uv": [6.656, 5.98933, 6.01067, 5.344], "texture": "#0"},
				"up": {"uv": [5.344, 6.98933, 5.656, 6.344], "texture": "#0"},
				"down": {"uv": [7.67733, 8.656, 7.98933, 8.01067], "texture": "#0"}
			}
		},
		{
			"name": "macaronbottom6",
			"from": [9.46, 0.26, 4.4],
			"to": [9.76, 2.46, 6.6],
			"rotation": {"angle": 0, "axis": "y", "origin": [8, 0, 8]},
			"faces": {
				"north": {"uv": [5.344, 6.344, 5.656, 6.98933], "texture": "#0"},
				"east": {"uv": [6.656, 5.98933, 6.01067, 5.344], "texture": "#0"},
				"south": {"uv": [5.67733, 7.01067, 5.98933, 7.656], "texture": "#0"},
				"west": {"uv": [6.656, 5.98933, 6.01067, 5.344], "texture": "#0"},
				"up": {"uv": [7.344, 8.01067, 7.656, 8.656], "texture": "#0"},
				"down": {"uv": [7.344, 8.01067, 7.656, 8.656], "texture": "#0"}
			}
		},
		{
			"name": "macaronbottom6",
			"from": [9.66, 0.36, 4.5],
			"to": [10.06, 2.36, 6.5],
			"rotation": {"angle": 0, "axis": "y", "origin": [8, 0, 8]},
			"faces": {
				"north": {"uv": [7.344, 8.01067, 7.656, 8.656], "texture": "#0"},
				"east": {"uv": [6.656, 5.98933, 6.01067, 5.344], "texture": "#0"},
				"south": {"uv": [7.344, 8.01067, 7.656, 8.656], "texture": "#0"},
				"west": {"uv": [6.656, 5.98933, 6.01067, 5.344], "texture": "#0"},
				"up": {"uv": [5.344, 6.344, 5.656, 6.98933], "texture": "#0"},
				"down": {"uv": [7.67733, 8.01067, 7.98933, 8.656], "texture": "#0"}
			}
		},
		{
			"name": "macaron",
			"from": [10.76, 0.36, 4.5],
			"to": [11.16, 2.36, 6.5],
			"rotation": {"angle": 0, "axis": "y", "origin": [8, 0, 8]},
			"faces": {
				"north": {"uv": [2.32267, 10.67733, 1.67733, 11.32267], "texture": "#0"},
				"east": {"uv": [2.32267, 10.67733, 1.67733, 11.32267], "texture": "#0"},
				"south": {"uv": [2.32267, 10.67733, 1.67733, 11.32267], "texture": "#0"},
				"west": {"uv": [2.32267, 10.67733, 1.67733, 11.32267], "texture": "#0"},
				"up": {"uv": [2.32267, 10.67733, 1.67733, 11.32267], "texture": "#0"},
				"down": {"uv": [2.32267, 10.67733, 1.67733, 11.32267], "texture": "#0"}
			}
		},
		{
			"name": "macarontop",
			"from": [10.56, 0.26, 4.4],
			"to": [10.86, 2.46, 6.6],
			"rotation": {"angle": 0, "axis": "y", "origin": [8, 0, 8]},
			"faces": {
				"north": {"uv": [0.344, 12.48933, 0.656, 11.844], "texture": "#0"},
				"east": {"uv": [1.32267, 11.32267, 0.67733, 10.67733], "texture": "#0"},
				"south": {"uv": [1.344, 13.98933, 1.656, 13.344], "texture": "#0"},
				"west": {"uv": [1.32267, 11.32267, 0.67733, 10.67733], "texture": "#0"},
				"up": {"uv": [1.344, 13.98933, 1.656, 13.344], "texture": "#0"},
				"down": {"uv": [1.344, 13.98933, 1.656, 13.344], "texture": "#0"}
			}
		},
		{
			"name": "macarontop",
			"from": [10.26, 0.36, 4.5],
			"to": [10.66, 2.36, 6.5],
			"rotation": {"angle": 0, "axis": "y", "origin": [8, 0, 8]},
			"faces": {
				"north": {"uv": [0.67733, 12.82267, 0.98933, 12.17733], "texture": "#0"},
				"east": {"uv": [1.98933, 10.67733, 1.344, 11.32267], "texture": "#0"},
				"south": {"uv": [0.67733, 13.32267, 0.98933, 12.67733], "texture": "#0"},
				"west": {"uv": [1.32267, 11.32267, 0.67733, 10.67733], "texture": "#0"},
				"up": {"uv": [0.67733, 12.17733, 0.98933, 12.82267], "texture": "#0"},
				"down": {"uv": [0.344, 12.48933, 0.656, 11.844], "texture": "#0"}
			}
		},
		{
			"name": "macaronbottom",
			"from": [11.16, 0.26, 4.4],
			"to": [11.46, 2.46, 6.6],
			"rotation": {"angle": 0, "axis": "y", "origin": [8, 0, 8]},
			"faces": {
				"north": {"uv": [1.344, 13.98933, 1.656, 13.344], "texture": "#0"},
				"east": {"uv": [1.32267, 11.32267, 0.67733, 10.67733], "texture": "#0"},
				"south": {"uv": [0.67733, 12.17733, 0.98933, 12.82267], "texture": "#0"},
				"west": {"uv": [1.32267, 11.32267, 0.67733, 10.67733], "texture": "#0"},
				"up": {"uv": [0.344, 12.48933, 0.656, 11.844], "texture": "#0"},
				"down": {"uv": [0.67733, 13.32267, 0.98933, 12.67733], "texture": "#0"}
			}
		},
		{
			"name": "macaronbottom",
			"from": [11.36, 0.36, 4.5],
			"to": [11.76, 2.36, 6.5],
			"rotation": {"angle": 0, "axis": "y", "origin": [8, 0, 8]},
			"faces": {
				"north": {"uv": [0.344, 12.48933, 0.656, 11.844], "texture": "#0"},
				"east": {"uv": [1.32267, 11.32267, 0.67733, 10.67733], "texture": "#0"},
				"south": {"uv": [0.67733, 12.67733, 0.98933, 13.32267], "texture": "#0"},
				"west": {"uv": [1.32267, 11.32267, 0.67733, 10.67733], "texture": "#0"},
				"up": {"uv": [0.67733, 12.67733, 0.98933, 13.32267], "texture": "#0"},
				"down": {"uv": [0.67733, 12.67733, 0.98933, 13.32267], "texture": "#0"}
			}
		},
		{
			"name": "bone2",
			"from": [4, 0.1, 9],
			"to": [14.5, 3.1, 12],
			"rotation": {"angle": 0, "axis": "y", "origin": [8, 0, 8]},
			"faces": {
				"north": {"uv": [5.33867, 10.672, 8.99467, 11.66133], "texture": "#0"},
				"east": {"uv": [9.00533, 11.672, 9.99467, 12.66133], "texture": "#0"},
				"south": {"uv": [5.33867, 10.672, 8.99467, 11.66133], "texture": "#0"},
				"west": {"uv": [9.00533, 11.672, 9.99467, 12.66133], "texture": "#0"},
				"up": {"uv": [8.99467, 13.66133, 5.33867, 12.672], "texture": "#0"},
				"down": {"uv": [8.99467, 13.672, 5.33867, 14.66133], "texture": "#0"}
			}
		},
		{
			"name": "bone2",
			"from": [14.7, 0.1, 10],
			"to": [14.7, 3.2, 11],
			"rotation": {"angle": 0, "axis": "y", "origin": [8, 0, 8]},
			"faces": {
				"north": {"uv": [0, 0, 0, 0], "texture": "#0"},
				"east": {"uv": [2.33867, 1.7, 2.66133, 0.672], "texture": "#0"},
				"south": {"uv": [0, 0, 0, 0], "texture": "#0"},
				"west": {"uv": [2.33867, 1.7, 2.66133, 0.672], "texture": "#0"},
				"up": {"uv": [0.00533, 0.00533, 3.63333, 0.328], "texture": "#0"},
				"down": {"uv": [0.00533, 0.00533, 0.00533, 0.00533], "texture": "#0"}
			}
		},
		{
			"name": "bone2",
			"from": [3.8, 0.1, 10],
			"to": [3.8, 3.2, 11],
			"rotation": {"angle": 0, "axis": "y", "origin": [8, 0, 8]},
			"faces": {
				"north": {"uv": [0, 0, 0, 0], "texture": "#0"},
				"east": {"uv": [2.33867, 1.7, 2.66133, 0.672], "texture": "#0"},
				"south": {"uv": [0, 0, 0, 0], "texture": "#0"},
				"west": {"uv": [2.33867, 1.7, 2.66133, 0.672], "texture": "#0"},
				"up": {"uv": [0.00533, 0.00533, 3.63333, 0.328], "texture": "#0"},
				"down": {"uv": [0.00533, 0.00533, 0.00533, 0.00533], "texture": "#0"}
			}
		},
		{
			"name": "bone2",
			"from": [3.8, 3.2, 10],
			"to": [14.7, 3.2, 11],
			"rotation": {"angle": 0, "axis": "y", "origin": [8, 0, 8]},
			"faces": {
				"north": {"uv": [0, 0, 0, 0], "texture": "#0"},
				"east": {"uv": [2.33867, 1.7, 2.66133, 0.672], "texture": "#0"},
				"south": {"uv": [0, 0, 0, 0], "texture": "#0"},
				"west": {"uv": [2.33867, 1.7, 2.66133, 0.672], "texture": "#0"},
				"up": {"uv": [0.00533, 0.00533, 3.63333, 0.328], "texture": "#0"},
				"down": {"uv": [0.00533, 0.00533, 0.00533, 0.00533], "texture": "#0"}
			}
		},
		{
			"name": "bone2",
			"from": [8.1, 4.10551, 8.04684],
			"to": [9.1, 4.10551, 9.04684],
			"rotation": {"angle": 22.5, "axis": "x", "origin": [8, 0, 8]},
			"faces": {
				"north": {"uv": [0, 0, 0, 0], "texture": "#0"},
				"east": {"uv": [0, 0, 0, 0], "texture": "#0"},
				"south": {"uv": [0, 0, 0, 0], "texture": "#0"},
				"west": {"uv": [0, 0, 0, 0], "texture": "#0"},
				"up": {"uv": [2.672, 2.33867, 2.99467, 2.66133], "texture": "#0"},
				"down": {"uv": [2.672, 2.33867, 2.99467, 2.66133], "texture": "#0"}
			}
		},
		{
			"name": "bone2",
			"from": [9.1, 4.30551, 9.04684],
			"to": [10.1, 4.30551, 10.04684],
			"rotation": {"angle": 22.5, "axis": "x", "origin": [8, 0, 8]},
			"faces": {
				"north": {"uv": [0, 0, 0, 0], "texture": "#0"},
				"east": {"uv": [0, 0, 0, 0], "texture": "#0"},
				"south": {"uv": [0, 0, 0, 0], "texture": "#0"},
				"west": {"uv": [0, 0, 0, 0], "texture": "#0"},
				"up": {"uv": [2.00533, 1.33867, 2.328, 1.66133], "texture": "#0"},
				"down": {"uv": [2.00533, 1.33867, 2.328, 1.66133], "texture": "#0"}
			}
		},
		{
			"name": "macaron7",
			"from": [4.76, 0.36, 9.5],
			"to": [5.16, 2.36, 11.5],
			"rotation": {"angle": 0, "axis": "y", "origin": [8, 0, 8]},
			"faces": {
				"north": {"uv": [7.656, 0.01067, 7.01067, 0.656], "texture": "#0"},
				"east": {"uv": [7.656, 0.01067, 7.01067, 0.656], "texture": "#0"},
				"south": {"uv": [7.656, 0.01067, 7.01067, 0.656], "texture": "#0"},
				"west": {"uv": [7.656, 0.01067, 7.01067, 0.656], "texture": "#0"},
				"up": {"uv": [7.656, 0.01067, 7.01067, 0.656], "texture": "#0"},
				"down": {"uv": [7.656, 0.01067, 7.01067, 0.656], "texture": "#0"}
			}
		},
		{
			"name": "macarontop7",
			"from": [4.56, 0.26, 9.4],
			"to": [4.86, 2.46, 11.6],
			"rotation": {"angle": 0, "axis": "y", "origin": [8, 0, 8]},
			"faces": {
				"north": {"uv": [5.67733, 1.16667, 5.98933, 1.812], "texture": "#0"},
				"east": {"uv": [6.656, 0.656, 6.01067, 0.01067], "texture": "#0"},
				"south": {"uv": [5.67733, 1.812, 5.98933, 1.16667], "texture": "#0"},
				"west": {"uv": [6.656, 0.656, 6.01067, 0.01067], "texture": "#0"},
				"up": {"uv": [5.67733, 1.812, 5.98933, 1.16667], "texture": "#0"},
				"down": {"uv": [5.344, 0.64533, 5.656, 0], "texture": "#0"}
			}
		},
		{
			"name": "macarontop7",
			"from": [4.26, 0.36, 9.5],
			"to": [4.66, 2.36, 11.5],
			"rotation": {"angle": 0, "axis": "y", "origin": [8, 0, 8]},
			"faces": {
				"north": {"uv": [5.67733, 1.812, 5.98933, 1.16667], "texture": "#0"},
				"east": {"uv": [7.32267, 0.01067, 6.67733, 0.656], "texture": "#0"},
				"south": {"uv": [5.67733, 1.16667, 5.98933, 1.812], "texture": "#0"},
				"west": {"uv": [6.656, 0.656, 6.01067, 0.01067], "texture": "#0"},
				"up": {"uv": [6.01067, 2.01067, 6.32267, 2.656], "texture": "#0"},
				"down": {"uv": [5.67733, 1.812, 5.98933, 1.16667], "texture": "#0"}
			}
		},
		{
			"name": "macaronbottom7",
			"from": [5.16, 0.26, 9.4],
			"to": [5.46, 2.46, 11.6],
			"rotation": {"angle": 0, "axis": "y", "origin": [8, 0, 8]},
			"faces": {
				"north": {"uv": [5.67733, 1.812, 5.98933, 1.16667], "texture": "#0"},
				"east": {"uv": [6.656, 0.656, 6.01067, 0.01067], "texture": "#0"},
				"south": {"uv": [5.67733, 1.16667, 5.98933, 1.812], "texture": "#0"},
				"west": {"uv": [6.656, 0.656, 6.01067, 0.01067], "texture": "#0"},
				"up": {"uv": [6.67733, 2.67733, 7.32267, 2.98933], "texture": "#0"},
				"down": {"uv": [5.67733, 1.16667, 5.98933, 1.812], "texture": "#0"}
			}
		},
		{
			"name": "macaronbottom7",
			"from": [5.36, 0.36, 9.5],
			"to": [5.76, 2.36, 11.5],
			"rotation": {"angle": 0, "axis": "y", "origin": [8, 0, 8]},
			"faces": {
				"north": {"uv": [5.67733, 1.16667, 5.98933, 1.812], "texture": "#0"},
				"east": {"uv": [6.656, 0.656, 6.01067, 0.01067], "texture": "#0"},
				"south": {"uv": [5.67733, 1.812, 5.98933, 1.16667], "texture": "#0"},
				"west": {"uv": [6.656, 0.656, 6.01067, 0.01067], "texture": "#0"},
				"up": {"uv": [5.67733, 1.812, 5.98933, 1.16667], "texture": "#0"},
				"down": {"uv": [5.67733, 1.812, 5.98933, 1.16667], "texture": "#0"}
			}
		},
		{
			"name": "macaron8",
			"from": [6.46, 0.36, 9.5],
			"to": [6.86, 2.36, 11.5],
			"rotation": {"angle": 0, "axis": "y", "origin": [8, 0, 8]},
			"faces": {
				"north": {"uv": [12.98933, 0.01067, 12.344, 0.656], "texture": "#0"},
				"east": {"uv": [12.98933, 0.01067, 12.344, 0.656], "texture": "#0"},
				"south": {"uv": [12.98933, 0.01067, 12.344, 0.656], "texture": "#0"},
				"west": {"uv": [12.98933, 0.01067, 12.344, 0.656], "texture": "#0"},
				"up": {"uv": [12.98933, 0.01067, 12.344, 0.656], "texture": "#0"},
				"down": {"uv": [12.98933, 0.01067, 12.344, 0.656], "texture": "#0"}
			}
		},
		{
			"name": "macarontop8",
			"from": [6.26, 0.26, 9.4],
			"to": [6.56, 2.46, 11.6],
			"rotation": {"angle": 0, "axis": "y", "origin": [8, 0, 8]},
			"faces": {
				"north": {"uv": [10.67733, 1.97867, 10.98933, 1.33333], "texture": "#0"},
				"east": {"uv": [11.98933, 0.656, 11.344, 0.01067], "texture": "#0"},
				"south": {"uv": [11.32267, 1.33333, 11.01067, 1.97867], "texture": "#0"},
				"west": {"uv": [11.98933, 0.656, 11.344, 0.01067], "texture": "#0"},
				"up": {"uv": [10.67733, 1.33333, 10.98933, 1.97867], "texture": "#0"},
				"down": {"uv": [10.67733, 1.33333, 10.98933, 1.97867], "texture": "#0"}
			}
		},
		{
			"name": "macarontop8",
			"from": [5.96, 0.36, 9.5],
			"to": [6.36, 2.36, 11.5],
			"rotation": {"angle": 0, "axis": "y", "origin": [8, 0, 8]},
			"faces": {
				"north": {"uv": [11.01067, 1.33333, 11.32267, 1.97867], "texture": "#0"},
				"east": {"uv": [12.656, 0.01067, 12.01067, 0.656], "texture": "#0"},
				"south": {"uv": [10.67733, 1.97867, 10.98933, 1.33333], "texture": "#0"},
				"west": {"uv": [11.98933, 0.656, 11.344, 0.01067], "texture": "#0"},
				"up": {"uv": [11.01067, 1.97867, 11.32267, 1.33333], "texture": "#0"},
				"down": {"uv": [11.01067, 1.97867, 11.32267, 1.33333], "texture": "#0"}
			}
		},
		{
			"name": "macaronbottom8",
			"from": [6.86, 0.26, 9.4],
			"to": [7.16, 2.46, 11.6],
			"rotation": {"angle": 0, "axis": "y", "origin": [8, 0, 8]},
			"faces": {
				"north": {"uv": [11.01067, 1.33333, 11.32267, 1.97867], "texture": "#0"},
				"east": {"uv": [11.98933, 0.656, 11.344, 0.01067], "texture": "#0"},
				"south": {"uv": [10.67733, 1.14533, 10.98933, 0.5], "texture": "#0"},
				"west": {"uv": [11.98933, 0.656, 11.344, 0.01067], "texture": "#0"},
				"up": {"uv": [10.67733, 1.97867, 10.98933, 1.33333], "texture": "#0"},
				"down": {"uv": [11.01067, 1.97867, 11.32267, 1.33333], "texture": "#0"}
			}
		},
		{
			"name": "macaronbottom8",
			"from": [7.06, 0.36, 9.5],
			"to": [7.46, 2.36, 11.5],
			"rotation": {"angle": 0, "axis": "y", "origin": [8, 0, 8]},
			"faces": {
				"north": {"uv": [10.67733, 1.97867, 10.98933, 1.33333], "texture": "#0"},
				"east": {"uv": [11.98933, 0.656, 11.344, 0.01067], "texture": "#0"},
				"south": {"uv": [10.67733, 0.5, 10.98933, 1.14533], "texture": "#0"},
				"west": {"uv": [11.98933, 0.656, 11.344, 0.01067], "texture": "#0"},
				"up": {"uv": [10.67733, 0.5, 10.98933, 1.14533], "texture": "#0"},
				"down": {"uv": [10.67733, 1.33333, 10.98933, 1.97867], "texture": "#0"}
			}
		},
		{
			"name": "macaron9",
			"from": [8.16, 0.36, 9.5],
			"to": [8.56, 2.36, 11.5],
			"rotation": {"angle": 0, "axis": "y", "origin": [8, 0, 8]},
			"faces": {
				"north": {"uv": [2.32267, 5.344, 1.67733, 5.98933], "texture": "#0"},
				"east": {"uv": [2.32267, 5.344, 1.67733, 5.98933], "texture": "#0"},
				"south": {"uv": [2.32267, 5.344, 1.67733, 5.98933], "texture": "#0"},
				"west": {"uv": [2.32267, 5.344, 1.67733, 5.98933], "texture": "#0"},
				"up": {"uv": [2.32267, 5.344, 1.67733, 5.98933], "texture": "#0"},
				"down": {"uv": [2.32267, 5.344, 1.67733, 5.98933], "texture": "#0"}
			}
		},
		{
			"name": "macarontop9",
			"from": [7.96, 0.26, 9.4],
			"to": [8.26, 2.46, 11.6],
			"rotation": {"angle": 0, "axis": "y", "origin": [8, 0, 8]},
			"faces": {
				"north": {"uv": [0.33333, 6.5, 0.64533, 7.14533], "texture": "#0"},
				"east": {"uv": [1.32267, 5.98933, 0.67733, 5.344], "texture": "#0"},
				"south": {"uv": [0.344, 6.01067, 0.656, 6.656], "texture": "#0"},
				"west": {"uv": [1.32267, 5.98933, 0.67733, 5.344], "texture": "#0"},
				"up": {"uv": [0.344, 6.01067, 0.656, 6.656], "texture": "#0"},
				"down": {"uv": [0.344, 6.01067, 0.656, 6.656], "texture": "#0"}
			}
		},
		{
			"name": "macarontop9",
			"from": [7.66, 0.36, 9.5],
			"to": [8.06, 2.36, 11.5],
			"rotation": {"angle": 0, "axis": "y", "origin": [8, 0, 8]},
			"faces": {
				"north": {"uv": [0.344, 6.01067, 0.656, 6.656], "texture": "#0"},
				"east": {"uv": [1.98933, 5.344, 1.344, 5.98933], "texture": "#0"},
				"south": {"uv": [0.33333, 7.312, 0.64533, 6.66667], "texture": "#0"},
				"west": {"uv": [1.32267, 5.98933, 0.67733, 5.344], "texture": "#0"},
				"up": {"uv": [0, 5.66667, 0.312, 6.312], "texture": "#0"},
				"down": {"uv": [0.33333, 6.5, 0.64533, 7.14533], "texture": "#0"}
			}
		},
		{
			"name": "macaronbottom9",
			"from": [8.56, 0.26, 9.4],
			"to": [8.86, 2.46, 11.6],
			"rotation": {"angle": 0, "axis": "y", "origin": [8, 0, 8]},
			"faces": {
				"north": {"uv": [0.33333, 7.14533, 0.64533, 6.5], "texture": "#0"},
				"east": {"uv": [1.32267, 5.98933, 0.67733, 5.344], "texture": "#0"},
				"south": {"uv": [0.33333, 6.5, 0.64533, 7.14533], "texture": "#0"},
				"west": {"uv": [0.344, 6.01067, 0.656, 6.656], "texture": "#0"},
				"up": {"uv": [0, 5.66667, 0.312, 6.312], "texture": "#0"},
				"down": {"uv": [0.33333, 6.5, 0.64533, 7.14533], "texture": "#0"}
			}
		},
		{
			"name": "macaronbottom9",
			"from": [8.76, 0.36, 9.5],
			"to": [9.16, 2.36, 11.5],
			"rotation": {"angle": 0, "axis": "y", "origin": [8, 0, 8]},
			"faces": {
				"north": {"uv": [0.33333, 6.5, 0.64533, 7.14533], "texture": "#0"},
				"east": {"uv": [1.32267, 5.98933, 0.67733, 5.344], "texture": "#0"},
				"south": {"uv": [0.33333, 6.66667, 0.64533, 7.312], "texture": "#0"},
				"west": {"uv": [1.32267, 5.98933, 0.67733, 5.344], "texture": "#0"},
				"up": {"uv": [0.344, 6.01067, 0.656, 6.656], "texture": "#0"},
				"down": {"uv": [0.344, 6.01067, 0.656, 6.656], "texture": "#0"}
			}
		},
		{
			"name": "macaron10",
			"from": [9.86, 0.36, 9.5],
			"to": [10.26, 2.36, 11.5],
			"rotation": {"angle": 0, "axis": "y", "origin": [8, 0, 8]},
			"faces": {
				"north": {"uv": [12.98933, 5.344, 12.344, 5.98933], "texture": "#0"},
				"east": {"uv": [12.98933, 5.344, 12.344, 5.98933], "texture": "#0"},
				"south": {"uv": [12.98933, 5.344, 12.344, 5.98933], "texture": "#0"},
				"west": {"uv": [12.98933, 5.344, 12.344, 5.98933], "texture": "#0"},
				"up": {"uv": [12.98933, 5.344, 12.344, 5.98933], "texture": "#0"},
				"down": {"uv": [12.98933, 5.344, 12.344, 5.98933], "texture": "#0"}
			}
		},
		{
			"name": "macarontop10",
			"from": [9.66, 0.26, 9.4],
			"to": [9.96, 2.46, 11.6],
			"rotation": {"angle": 0, "axis": "y", "origin": [8, 0, 8]},
			"faces": {
				"north": {"uv": [10.67733, 6.656, 10.98933, 6.01067], "texture": "#0"},
				"east": {"uv": [11.98933, 5.98933, 11.344, 5.344], "texture": "#0"},
				"south": {"uv": [10.67733, 6.01067, 10.98933, 6.656], "texture": "#0"},
				"west": {"uv": [11.98933, 5.98933, 11.344, 5.344], "texture": "#0"},
				"up": {"uv": [10.67733, 6.01067, 10.98933, 6.656], "texture": "#0"},
				"down": {"uv": [10.67733, 6.01067, 10.98933, 6.656], "texture": "#0"}
			}
		},
		{
			"name": "macarontop10",
			"from": [9.36, 0.36, 9.5],
			"to": [9.76, 2.36, 11.5],
			"rotation": {"angle": 0, "axis": "y", "origin": [8, 0, 8]},
			"faces": {
				"north": {"uv": [11.344, 7.344, 11.656, 7.98933], "texture": "#0"},
				"east": {"uv": [12.656, 5.344, 12.01067, 5.98933], "texture": "#0"},
				"south": {"uv": [10.67733, 6.656, 10.98933, 6.01067], "texture": "#0"},
				"west": {"uv": [11.98933, 5.98933, 11.344, 5.344], "texture": "#0"},
				"up": {"uv": [12.01067, 8.01067, 12.32267, 8.656], "texture": "#0"},
				"down": {"uv": [10.67733, 6.656, 10.98933, 6.01067], "texture": "#0"}
			}
		},
		{
			"name": "macaronbottom10",
			"from": [10.26, 0.26, 9.4],
			"to": [10.56, 2.46, 11.6],
			"rotation": {"angle": 0, "axis": "y", "origin": [8, 0, 8]},
			"faces": {
				"north": {"uv": [12.01067, 8.656, 12.32267, 8.01067], "texture": "#0"},
				"east": {"uv": [11.98933, 5.98933, 11.344, 5.344], "texture": "#0"},
				"south": {"uv": [11.01067, 7.344, 11.32267, 7.98933], "texture": "#0"},
				"west": {"uv": [11.98933, 5.98933, 11.344, 5.344], "texture": "#0"},
				"up": {"uv": [10.67733, 6.656, 10.98933, 6.01067], "texture": "#0"},
				"down": {"uv": [10.67733, 6.656, 10.98933, 6.01067], "texture": "#0"}
			}
		},
		{
			"name": "macaronbottom10",
			"from": [10.46, 0.36, 9.5],
			"to": [10.86, 2.36, 11.5],
			"rotation": {"angle": 0, "axis": "y", "origin": [8, 0, 8]},
			"faces": {
				"north": {"uv": [10.67733, 6.656, 10.98933, 6.01067], "texture": "#0"},
				"east": {"uv": [11.98933, 5.98933, 11.344, 5.344], "texture": "#0"},
				"south": {"uv": [10.67733, 6.01067, 10.98933, 6.656], "texture": "#0"},
				"west": {"uv": [11.98933, 5.98933, 11.344, 5.344], "texture": "#0"},
				"up": {"uv": [10.67733, 7.32267, 10.98933, 6.67733], "texture": "#0"},
				"down": {"uv": [10.67733, 6.01067, 10.98933, 6.656], "texture": "#0"}
			}
		},
		{
			"name": "macaron11",
			"from": [11.56, 0.36, 9.5],
			"to": [11.96, 2.36, 11.5],
			"rotation": {"angle": 0, "axis": "y", "origin": [8, 0, 8]},
			"faces": {
				"north": {"uv": [7.656, 5.344, 7.01067, 5.98933], "texture": "#0"},
				"east": {"uv": [7.656, 5.344, 7.01067, 5.98933], "texture": "#0"},
				"south": {"uv": [7.656, 5.344, 7.01067, 5.98933], "texture": "#0"},
				"west": {"uv": [7.656, 5.344, 7.01067, 5.98933], "texture": "#0"},
				"up": {"uv": [7.656, 5.344, 7.01067, 5.98933], "texture": "#0"},
				"down": {"uv": [7.656, 5.344, 7.01067, 5.98933], "texture": "#0"}
			}
		},
		{
			"name": "macarontop11",
			"from": [11.36, 0.26, 9.4],
			"to": [11.66, 2.46, 11.6],
			"rotation": {"angle": 0, "axis": "y", "origin": [8, 0, 8]},
			"faces": {
				"north": {"uv": [5.344, 6.98933, 5.656, 6.344], "texture": "#0"},
				"east": {"uv": [6.656, 5.98933, 6.01067, 5.344], "texture": "#0"},
				"south": {"uv": [7.67733, 8.656, 7.98933, 8.01067], "texture": "#0"},
				"west": {"uv": [6.656, 5.98933, 6.01067, 5.344], "texture": "#0"},
				"up": {"uv": [6.844, 8.32267, 7.156, 7.67733], "texture": "#0"},
				"down": {"uv": [7.67733, 8.01067, 7.98933, 8.656], "texture": "#0"}
			}
		},
		{
			"name": "macarontop11",
			"from": [11.06, 0.36, 9.5],
			"to": [11.46, 2.36, 11.5],
			"rotation": {"angle": 0, "axis": "y", "origin": [8, 0, 8]},
			"faces": {
				"north": {"uv": [7.67733, 8.01067, 7.98933, 8.656], "texture": "#0"},
				"east": {"uv": [7.32267, 5.344, 6.67733, 5.98933], "texture": "#0"},
				"south": {"uv": [5.344, 6.344, 5.656, 6.98933], "texture": "#0"},
				"west": {"uv": [6.656, 5.98933, 6.01067, 5.344], "texture": "#0"},
				"up": {"uv": [5.344, 6.98933, 5.656, 6.344], "texture": "#0"},
				"down": {"uv": [7.67733, 8.656, 7.98933, 8.01067], "texture": "#0"}
			}
		},
		{
			"name": "macaronbottom11",
			"from": [11.96, 0.26, 9.4],
			"to": [12.26, 2.46, 11.6],
			"rotation": {"angle": 0, "axis": "y", "origin": [8, 0, 8]},
			"faces": {
				"north": {"uv": [5.344, 6.344, 5.656, 6.98933], "texture": "#0"},
				"east": {"uv": [6.656, 5.98933, 6.01067, 5.344], "texture": "#0"},
				"south": {"uv": [5.67733, 7.01067, 5.98933, 7.656], "texture": "#0"},
				"west": {"uv": [6.656, 5.98933, 6.01067, 5.344], "texture": "#0"},
				"up": {"uv": [7.344, 8.01067, 7.656, 8.656], "texture": "#0"},
				"down": {"uv": [7.344, 8.01067, 7.656, 8.656], "texture": "#0"}
			}
		},
		{
			"name": "macaronbottom11",
			"from": [12.16, 0.36, 9.5],
			"to": [12.56, 2.36, 11.5],
			"rotation": {"angle": 0, "axis": "y", "origin": [8, 0, 8]},
			"faces": {
				"north": {"uv": [7.344, 8.01067, 7.656, 8.656], "texture": "#0"},
				"east": {"uv": [6.656, 5.98933, 6.01067, 5.344], "texture": "#0"},
				"south": {"uv": [7.344, 8.01067, 7.656, 8.656], "texture": "#0"},
				"west": {"uv": [6.656, 5.98933, 6.01067, 5.344], "texture": "#0"},
				"up": {"uv": [5.344, 6.344, 5.656, 6.98933], "texture": "#0"},
				"down": {"uv": [7.67733, 8.01067, 7.98933, 8.656], "texture": "#0"}
			}
		},
		{
			"name": "macaron12",
			"from": [13.26, 0.36, 9.5],
			"to": [13.66, 2.36, 11.5],
			"rotation": {"angle": 0, "axis": "y", "origin": [8, 0, 8]},
			"faces": {
				"north": {"uv": [2.32267, 10.67733, 1.67733, 11.32267], "texture": "#0"},
				"east": {"uv": [2.32267, 10.67733, 1.67733, 11.32267], "texture": "#0"},
				"south": {"uv": [2.32267, 10.67733, 1.67733, 11.32267], "texture": "#0"},
				"west": {"uv": [2.32267, 10.67733, 1.67733, 11.32267], "texture": "#0"},
				"up": {"uv": [2.32267, 10.67733, 1.67733, 11.32267], "texture": "#0"},
				"down": {"uv": [2.32267, 10.67733, 1.67733, 11.32267], "texture": "#0"}
			}
		},
		{
			"name": "macarontop12",
			"from": [13.06, 0.26, 9.4],
			"to": [13.36, 2.46, 11.6],
			"rotation": {"angle": 0, "axis": "y", "origin": [8, 0, 8]},
			"faces": {
				"north": {"uv": [0.344, 12.48933, 0.656, 11.844], "texture": "#0"},
				"east": {"uv": [1.32267, 11.32267, 0.67733, 10.67733], "texture": "#0"},
				"south": {"uv": [1.344, 13.98933, 1.656, 13.344], "texture": "#0"},
				"west": {"uv": [1.32267, 11.32267, 0.67733, 10.67733], "texture": "#0"},
				"up": {"uv": [1.344, 13.98933, 1.656, 13.344], "texture": "#0"},
				"down": {"uv": [1.344, 13.98933, 1.656, 13.344], "texture": "#0"}
			}
		},
		{
			"name": "macarontop12",
			"from": [12.76, 0.36, 9.5],
			"to": [13.16, 2.36, 11.5],
			"rotation": {"angle": 0, "axis": "y", "origin": [8, 0, 8]},
			"faces": {
				"north": {"uv": [0.67733, 12.82267, 0.98933, 12.17733], "texture": "#0"},
				"east": {"uv": [1.98933, 10.67733, 1.344, 11.32267], "texture": "#0"},
				"south": {"uv": [0.67733, 13.32267, 0.98933, 12.67733], "texture": "#0"},
				"west": {"uv": [1.32267, 11.32267, 0.67733, 10.67733], "texture": "#0"},
				"up": {"uv": [0.67733, 12.17733, 0.98933, 12.82267], "texture": "#0"},
				"down": {"uv": [0.344, 12.48933, 0.656, 11.844], "texture": "#0"}
			}
		},
		{
			"name": "macaronbottom12",
			"from": [13.66, 0.26, 9.4],
			"to": [13.96, 2.46, 11.6],
			"rotation": {"angle": 0, "axis": "y", "origin": [8, 0, 8]},
			"faces": {
				"north": {"uv": [1.344, 13.98933, 1.656, 13.344], "texture": "#0"},
				"east": {"uv": [1.32267, 11.32267, 0.67733, 10.67733], "texture": "#0"},
				"south": {"uv": [0.67733, 12.17733, 0.98933, 12.82267], "texture": "#0"},
				"west": {"uv": [1.32267, 11.32267, 0.67733, 10.67733], "texture": "#0"},
				"up": {"uv": [0.344, 12.48933, 0.656, 11.844], "texture": "#0"},
				"down": {"uv": [0.67733, 13.32267, 0.98933, 12.67733], "texture": "#0"}
			}
		},
		{
			"name": "macaronbottom12",
			"from": [13.86, 0.36, 9.5],
			"to": [14.26, 2.36, 11.5],
			"rotation": {"angle": 0, "axis": "y", "origin": [8, 0, 8]},
			"faces": {
				"north": {"uv": [0.344, 12.48933, 0.656, 11.844], "texture": "#0"},
				"east": {"uv": [1.32267, 11.32267, 0.67733, 10.67733], "texture": "#0"},
				"south": {"uv": [0.67733, 12.67733, 0.98933, 13.32267], "texture": "#0"},
				"west": {"uv": [1.32267, 11.32267, 0.67733, 10.67733], "texture": "#0"},
				"up": {"uv": [0.67733, 12.67733, 0.98933, 13.32267], "texture": "#0"},
				"down": {"uv": [0.67733, 12.67733, 0.98933, 13.32267], "texture": "#0"}
			}
		}
	],
	"display": {
		"thirdperson_righthand": {
			"rotation": [70, 0, 0],
			"translation": [0, 0, 4.75]
		},
		"firstperson_righthand": {
			"translation": [0, 7.5, 0]
		},
		"ground": {
			"translation": [0, 4, 0]
		},
		"gui": {
			"rotation": [24, 24, 0],
			"translation": [0, 5, 0]
		},
		"fixed": {
			"rotation": [-90, 0, 0],
			"translation": [0, 0, -15],
			"scale": [2, 2, 2]
		}
	},
	"groups": [
		{
			"name": "bone",
			"origin": [0, 0, 0],
			"color": 0,
			"children": [0, 1, 2, 3, 4, 5]
		},
		{
			"name": "macarons",
			"origin": [0, 0, 0],
			"color": 1,
			"children": [
				{
					"name": "macaron2",
					"origin": [0, 0, 0],
					"color": 2,
					"children": [
						6,
						{
							"name": "macarontop2",
							"origin": [0, 1.5, 0],
							"color": 3,
							"children": [7, 8]
						},
						{
							"name": "macaronbottom2",
							"origin": [0, 0, 0],
							"color": 4,
							"children": [9, 10]
						}
					]
				},
				{
					"name": "macaron3",
					"origin": [0, 0, 0],
					"color": 5,
					"children": [
						11,
						{
							"name": "macarontop3",
							"origin": [0, 1.5, 0],
							"color": 6,
							"children": [12, 13]
						},
						{
							"name": "macaronbottom3",
							"origin": [0, 0, 0],
							"color": 7,
							"children": [14, 15]
						}
					]
				},
				{
					"name": "macaron4",
					"origin": [0, 0, 0],
					"color": 8,
					"children": [
						16,
						{
							"name": "macarontop4",
							"origin": [0, 1.5, 0],
							"color": 9,
							"children": [17, 18]
						},
						{
							"name": "macaronbottom4",
							"origin": [0, 0, 0],
							"color": 0,
							"children": [19, 20]
						}
					]
				},
				{
					"name": "macaron5",
					"origin": [0, 0, 0],
					"color": 1,
					"children": [
						21,
						{
							"name": "macarontop5",
							"origin": [0, 1.5, 0],
							"color": 2,
							"children": [22, 23]
						},
						{
							"name": "macaronbottom5",
							"origin": [0, 0, 0],
							"color": 3,
							"children": [24, 25]
						}
					]
				},
				{
					"name": "macaron6",
					"origin": [0, 0, 0],
					"color": 4,
					"children": [
						26,
						{
							"name": "macarontop6",
							"origin": [0, 1.5, 0],
							"color": 5,
							"children": [27, 28]
						},
						{
							"name": "macaronbottom6",
							"origin": [0, 0, 0],
							"color": 6,
							"children": [29, 30]
						}
					]
				},
				{
					"name": "macaron",
					"origin": [0, 0, 0],
					"color": 7,
					"children": [
						31,
						{
							"name": "macarontop",
							"origin": [0, 1.5, 0],
							"color": 8,
							"children": [32, 33]
						},
						{
							"name": "macaronbottom",
							"origin": [0, 0, 0],
							"color": 9,
							"children": [34, 35]
						}
					]
				}
			]
		},
		{
			"name": "bone2",
			"origin": [0, 0, 0],
			"color": 0,
			"children": [36, 37, 38, 39, 40, 41]
		},
		{
			"name": "macarons2",
			"origin": [0, 0, 0],
			"color": 1,
			"children": [
				{
					"name": "macaron7",
					"origin": [0, 0, 0],
					"color": 2,
					"children": [
						42,
						{
							"name": "macarontop7",
							"origin": [0, 1.5, 0],
							"color": 3,
							"children": [43, 44]
						},
						{
							"name": "macaronbottom7",
							"origin": [0, 0, 0],
							"color": 4,
							"children": [45, 46]
						}
					]
				},
				{
					"name": "macaron8",
					"origin": [0, 0, 0],
					"color": 5,
					"children": [
						47,
						{
							"name": "macarontop8",
							"origin": [0, 1.5, 0],
							"color": 6,
							"children": [48, 49]
						},
						{
							"name": "macaronbottom8",
							"origin": [0, 0, 0],
							"color": 7,
							"children": [50, 51]
						}
					]
				},
				{
					"name": "macaron9",
					"origin": [0, 0, 0],
					"color": 8,
					"children": [
						52,
						{
							"name": "macarontop9",
							"origin": [0, 1.5, 0],
							"color": 9,
							"children": [53, 54]
						},
						{
							"name": "macaronbottom9",
							"origin": [0, 0, 0],
							"color": 0,
							"children": [55, 56]
						}
					]
				},
				{
					"name": "macaron10",
					"origin": [0, 0, 0],
					"color": 1,
					"children": [
						57,
						{
							"name": "macarontop10",
							"origin": [0, 1.5, 0],
							"color": 2,
							"children": [58, 59]
						},
						{
							"name": "macaronbottom10",
							"origin": [0, 0, 0],
							"color": 3,
							"children": [60, 61]
						}
					]
				},
				{
					"name": "macaron11",
					"origin": [0, 0, 0],
					"color": 4,
					"children": [
						62,
						{
							"name": "macarontop11",
							"origin": [0, 1.5, 0],
							"color": 5,
							"children": [63, 64]
						},
						{
							"name": "macaronbottom11",
							"origin": [0, 0, 0],
							"color": 6,
							"children": [65, 66]
						}
					]
				},
				{
					"name": "macaron12",
					"origin": [0, 0, 0],
					"color": 7,
					"children": [
						67,
						{
							"name": "macarontop12",
							"origin": [0, 1.5, 0],
							"color": 8,
							"children": [68, 69]
						},
						{
							"name": "macaronbottom12",
							"origin": [0, 0, 0],
							"color": 9,
							"children": [70, 71]
						}
					]
				}
			]
		}
	]
}