{
	"credit": "Made with Blockbench",
	"texture_size": [96, 96],
	"textures": {
		"0": "block/macaronbox1"
	},
	"elements": [
		{
			"name": "bone",
			"from": [2.75, 0.1, 5],
			"to": [13.25, 3.1, 8],
			"rotation": {"angle": 0, "axis": "y", "origin": [7.95714, -0.61864, 7.02187]},
			"faces": {
				"north": {"uv": [5.33867, 10.672, 8.99467, 11.66133], "texture": "#0"},
				"east": {"uv": [9.00533, 11.672, 9.99467, 12.66133], "texture": "#0"},
				"west": {"uv": [9.00533, 11.672, 9.99467, 12.66133], "texture": "#0"},
				"up": {"uv": [8.99467, 13.66133, 5.33867, 12.672], "texture": "#0"},
				"down": {"uv": [8.99467, 13.672, 5.33867, 14.66133], "texture": "#0"}
			}
		},
		{
			"name": "bone",
			"from": [2.75, 0.1, 8],
			"to": [13.25, 3.1, 11],
			"rotation": {"angle": 0, "axis": "y", "origin": [7.95714, -0.61864, 7.02187]},
			"faces": {
				"east": {"uv": [9.00533, 11.672, 9.99467, 12.66133], "texture": "#0"},
				"south": {"uv": [5.33867, 10.672, 8.99467, 11.66133], "texture": "#0"},
				"west": {"uv": [9.00533, 11.672, 9.99467, 12.66133], "texture": "#0"},
				"up": {"uv": [8.99467, 13.66133, 5.33867, 12.672], "texture": "#0"},
				"down": {"uv": [8.99467, 13.672, 5.33867, 14.66133], "texture": "#0"}
			}
		},
		{
			"name": "bone",
			"from": [2.55, 0.1, 7.5],
			"to": [2.55, 3.2, 8.5],
			"rotation": {"angle": 0, "axis": "y", "origin": [7.95714, -0.61864, 7.02187]},
			"faces": {
				"north": {"uv": [0, 0, 0, 0], "texture": "#0"},
				"east": {"uv": [2.33867, 1.7, 2.66133, 0.672], "texture": "#0"},
				"south": {"uv": [0, 0, 0, 0], "texture": "#0"},
				"west": {"uv": [2.33867, 1.7, 2.66133, 0.672], "texture": "#0"},
				"up": {"uv": [0.00533, 0.00533, 3.63333, 0.328], "texture": "#0"},
				"down": {"uv": [0.00533, 0.00533, 0.00533, 0.00533], "texture": "#0"}
			}
		},
		{
			"name": "bone",
			"from": [13.45, 0.1, 7.5],
			"to": [13.45, 3.2, 8.5],
			"rotation": {"angle": 0, "axis": "y", "origin": [7.95714, -0.61864, 7.02187]},
			"faces": {
				"north": {"uv": [0, 0, 0, 0], "texture": "#0"},
				"east": {"uv": [2.33867, 1.7, 2.66133, 0.672], "texture": "#0"},
				"south": {"uv": [0, 0, 0, 0], "texture": "#0"},
				"west": {"uv": [2.33867, 1.7, 2.66133, 0.672], "texture": "#0"},
				"up": {"uv": [0.00533, 0.00533, 3.63333, 0.328], "texture": "#0"},
				"down": {"uv": [0.00533, 0.00533, 0.00533, 0.00533], "texture": "#0"}
			}
		},
		{
			"name": "bone",
			"from": [2.55, 3.2, 7.5],
			"to": [13.45, 3.2, 8.5],
			"rotation": {"angle": 0, "axis": "y", "origin": [7.95714, -0.61864, 7.02187]},
			"faces": {
				"north": {"uv": [0, 0, 0, 0], "texture": "#0"},
				"east": {"uv": [2.33867, 1.7, 2.66133, 0.672], "texture": "#0"},
				"south": {"uv": [0, 0, 0, 0], "texture": "#0"},
				"west": {"uv": [2.33867, 1.7, 2.66133, 0.672], "texture": "#0"},
				"up": {"uv": [0.00533, 0.00533, 3.63333, 0.328], "texture": "#0"},
				"down": {"uv": [0.00533, 0.00533, 0.00533, 0.00533], "texture": "#0"}
			}
		},
		{
			"name": "bone",
			"from": [6.85, 3.47602, 5.42594],
			"to": [7.85, 3.47602, 6.42594],
			"rotation": {"angle": 22.5, "axis": "x", "origin": [7.95714, -0.61864, 7.02187]},
			"faces": {
				"north": {"uv": [0, 0, 0, 0], "texture": "#0"},
				"east": {"uv": [0, 0, 0, 0], "texture": "#0"},
				"south": {"uv": [0, 0, 0, 0], "texture": "#0"},
				"west": {"uv": [0, 0, 0, 0], "texture": "#0"},
				"up": {"uv": [2.672, 2.33867, 2.99467, 2.66133], "texture": "#0"},
				"down": {"uv": [2.672, 2.33867, 2.99467, 2.66133], "texture": "#0"}
			}
		},
		{
			"name": "bone",
			"from": [7.85, 3.67602, 6.42594],
			"to": [8.85, 3.67602, 7.42594],
			"rotation": {"angle": 22.5, "axis": "x", "origin": [7.95714, -0.61864, 7.02187]},
			"faces": {
				"north": {"uv": [0, 0, 0, 0], "texture": "#0"},
				"east": {"uv": [0, 0, 0, 0], "texture": "#0"},
				"south": {"uv": [0, 0, 0, 0], "texture": "#0"},
				"west": {"uv": [0, 0, 0, 0], "texture": "#0"},
				"up": {"uv": [2.00533, 1.33867, 2.328, 1.66133], "texture": "#0"},
				"down": {"uv": [2.00533, 1.33867, 2.328, 1.66133], "texture": "#0"}
			}
		},
		{
			"name": "macaron2",
			"from": [3.51, 0.36, 5.5],
			"to": [3.91, 2.36, 7.5],
			"rotation": {"angle": 0, "axis": "y", "origin": [7.95714, -0.61864, 7.02187]},
			"faces": {
				"north": {"uv": [7.656, 0.01067, 7.01067, 0.656], "texture": "#0"},
				"east": {"uv": [7.656, 0.01067, 7.01067, 0.656], "texture": "#0"},
				"south": {"uv": [7.656, 0.01067, 7.01067, 0.656], "texture": "#0"},
				"west": {"uv": [7.656, 0.01067, 7.01067, 0.656], "texture": "#0"},
				"up": {"uv": [7.656, 0.01067, 7.01067, 0.656], "texture": "#0"},
				"down": {"uv": [7.656, 0.01067, 7.01067, 0.656], "texture": "#0"}
			}
		},
		{
			"name": "macarontop2",
			"from": [3.31, 0.26, 5.4],
			"to": [3.61, 2.46, 7.6],
			"rotation": {"angle": 0, "axis": "y", "origin": [7.95714, -0.61864, 7.02187]},
			"faces": {
				"north": {"uv": [5.67733, 1.16667, 5.98933, 1.812], "texture": "#0"},
				"east": {"uv": [6.656, 0.656, 6.01067, 0.01067], "texture": "#0"},
				"south": {"uv": [5.67733, 1.812, 5.98933, 1.16667], "texture": "#0"},
				"west": {"uv": [6.656, 0.656, 6.01067, 0.01067], "texture": "#0"},
				"up": {"uv": [5.67733, 1.812, 5.98933, 1.16667], "texture": "#0"},
				"down": {"uv": [5.344, 0.64533, 5.656, 0], "texture": "#0"}
			}
		},
		{
			"name": "macarontop2",
			"from": [3.01, 0.36, 5.5],
			"to": [3.41, 2.36, 7.5],
			"rotation": {"angle": 0, "axis": "y", "origin": [7.95714, -0.61864, 7.02187]},
			"faces": {
				"north": {"uv": [5.67733, 1.812, 5.98933, 1.16667], "texture": "#0"},
				"east": {"uv": [7.32267, 0.01067, 6.67733, 0.656], "texture": "#0"},
				"south": {"uv": [5.67733, 1.16667, 5.98933, 1.812], "texture": "#0"},
				"west": {"uv": [6.656, 0.656, 6.01067, 0.01067], "texture": "#0"},
				"up": {"uv": [6.01067, 2.01067, 6.32267, 2.656], "texture": "#0"},
				"down": {"uv": [5.67733, 1.812, 5.98933, 1.16667], "texture": "#0"}
			}
		},
		{
			"name": "macaronbottom2",
			"from": [3.91, 0.26, 5.4],
			"to": [4.21, 2.46, 7.6],
			"rotation": {"angle": 0, "axis": "y", "origin": [7.95714, -0.61864, 7.02187]},
			"faces": {
				"north": {"uv": [5.67733, 1.812, 5.98933, 1.16667], "texture": "#0"},
				"east": {"uv": [6.656, 0.656, 6.01067, 0.01067], "texture": "#0"},
				"south": {"uv": [5.67733, 1.16667, 5.98933, 1.812], "texture": "#0"},
				"west": {"uv": [6.656, 0.656, 6.01067, 0.01067], "texture": "#0"},
				"up": {"uv": [6.67733, 2.67733, 7.32267, 2.98933], "texture": "#0"},
				"down": {"uv": [5.67733, 1.16667, 5.98933, 1.812], "texture": "#0"}
			}
		},
		{
			"name": "macaronbottom2",
			"from": [4.11, 0.36, 5.5],
			"to": [4.51, 2.36, 7.5],
			"rotation": {"angle": 0, "axis": "y", "origin": [7.95714, -0.61864, 7.02187]},
			"faces": {
				"north": {"uv": [5.67733, 1.16667, 5.98933, 1.812], "texture": "#0"},
				"east": {"uv": [6.656, 0.656, 6.01067, 0.01067], "texture": "#0"},
				"south": {"uv": [5.67733, 1.812, 5.98933, 1.16667], "texture": "#0"},
				"west": {"uv": [6.656, 0.656, 6.01067, 0.01067], "texture": "#0"},
				"up": {"uv": [5.67733, 1.812, 5.98933, 1.16667], "texture": "#0"},
				"down": {"uv": [5.67733, 1.812, 5.98933, 1.16667], "texture": "#0"}
			}
		},
		{
			"name": "macaron3",
			"from": [5.21, 0.36, 5.5],
			"to": [5.61, 2.36, 7.5],
			"rotation": {"angle": 0, "axis": "y", "origin": [7.95714, -0.61864, 7.02187]},
			"faces": {
				"north": {"uv": [12.98933, 0.01067, 12.344, 0.656], "texture": "#0"},
				"east": {"uv": [12.98933, 0.01067, 12.344, 0.656], "texture": "#0"},
				"south": {"uv": [12.98933, 0.01067, 12.344, 0.656], "texture": "#0"},
				"west": {"uv": [12.98933, 0.01067, 12.344, 0.656], "texture": "#0"},
				"up": {"uv": [12.98933, 0.01067, 12.344, 0.656], "texture": "#0"},
				"down": {"uv": [12.98933, 0.01067, 12.344, 0.656], "texture": "#0"}
			}
		},
		{
			"name": "macarontop3",
			"from": [5.01, 0.26, 5.4],
			"to": [5.31, 2.46, 7.6],
			"rotation": {"angle": 0, "axis": "y", "origin": [7.95714, -0.61864, 7.02187]},
			"faces": {
				"north": {"uv": [10.67733, 1.97867, 10.98933, 1.33333], "texture": "#0"},
				"east": {"uv": [11.98933, 0.656, 11.344, 0.01067], "texture": "#0"},
				"south": {"uv": [11.32267, 1.33333, 11.01067, 1.97867], "texture": "#0"},
				"west": {"uv": [11.98933, 0.656, 11.344, 0.01067], "texture": "#0"},
				"up": {"uv": [10.67733, 1.33333, 10.98933, 1.97867], "texture": "#0"},
				"down": {"uv": [10.67733, 1.33333, 10.98933, 1.97867], "texture": "#0"}
			}
		},
		{
			"name": "macarontop3",
			"from": [4.71, 0.36, 5.5],
			"to": [5.11, 2.36, 7.5],
			"rotation": {"angle": 0, "axis": "y", "origin": [7.95714, -0.61864, 7.02187]},
			"faces": {
				"north": {"uv": [11.01067, 1.33333, 11.32267, 1.97867], "texture": "#0"},
				"east": {"uv": [12.656, 0.01067, 12.01067, 0.656], "texture": "#0"},
				"south": {"uv": [10.67733, 1.97867, 10.98933, 1.33333], "texture": "#0"},
				"west": {"uv": [11.98933, 0.656, 11.344, 0.01067], "texture": "#0"},
				"up": {"uv": [11.01067, 1.97867, 11.32267, 1.33333], "texture": "#0"},
				"down": {"uv": [11.01067, 1.97867, 11.32267, 1.33333], "texture": "#0"}
			}
		},
		{
			"name": "macaronbottom3",
			"from": [5.61, 0.26, 5.4],
			"to": [5.91, 2.46, 7.6],
			"rotation": {"angle": 0, "axis": "y", "origin": [7.95714, -0.61864, 7.02187]},
			"faces": {
				"north": {"uv": [11.01067, 1.33333, 11.32267, 1.97867], "texture": "#0"},
				"east": {"uv": [11.98933, 0.656, 11.344, 0.01067], "texture": "#0"},
				"south": {"uv": [10.67733, 1.14533, 10.98933, 0.5], "texture": "#0"},
				"west": {"uv": [11.98933, 0.656, 11.344, 0.01067], "texture": "#0"},
				"up": {"uv": [10.67733, 1.97867, 10.98933, 1.33333], "texture": "#0"},
				"down": {"uv": [11.01067, 1.97867, 11.32267, 1.33333], "texture": "#0"}
			}
		},
		{
			"name": "macaronbottom3",
			"from": [5.81, 0.36, 5.5],
			"to": [6.21, 2.36, 7.5],
			"rotation": {"angle": 0, "axis": "y", "origin": [7.95714, -0.61864, 7.02187]},
			"faces": {
				"north": {"uv": [10.67733, 1.97867, 10.98933, 1.33333], "texture": "#0"},
				"east": {"uv": [11.98933, 0.656, 11.344, 0.01067], "texture": "#0"},
				"south": {"uv": [10.67733, 0.5, 10.98933, 1.14533], "texture": "#0"},
				"west": {"uv": [11.98933, 0.656, 11.344, 0.01067], "texture": "#0"},
				"up": {"uv": [10.67733, 0.5, 10.98933, 1.14533], "texture": "#0"},
				"down": {"uv": [10.67733, 1.33333, 10.98933, 1.97867], "texture": "#0"}
			}
		},
		{
			"name": "macaron4",
			"from": [6.91, 0.36, 5.5],
			"to": [7.31, 2.36, 7.5],
			"rotation": {"angle": 0, "axis": "y", "origin": [7.95714, -0.61864, 7.02187]},
			"faces": {
				"north": {"uv": [2.32267, 5.344, 1.67733, 5.98933], "texture": "#0"},
				"east": {"uv": [2.32267, 5.344, 1.67733, 5.98933], "texture": "#0"},
				"south": {"uv": [2.32267, 5.344, 1.67733, 5.98933], "texture": "#0"},
				"west": {"uv": [2.32267, 5.344, 1.67733, 5.98933], "texture": "#0"},
				"up": {"uv": [2.32267, 5.344, 1.67733, 5.98933], "texture": "#0"},
				"down": {"uv": [2.32267, 5.344, 1.67733, 5.98933], "texture": "#0"}
			}
		},
		{
			"name": "macarontop4",
			"from": [6.71, 0.26, 5.4],
			"to": [7.01, 2.46, 7.6],
			"rotation": {"angle": 0, "axis": "y", "origin": [7.95714, -0.61864, 7.02187]},
			"faces": {
				"north": {"uv": [0.33333, 6.5, 0.64533, 7.14533], "texture": "#0"},
				"east": {"uv": [1.32267, 5.98933, 0.67733, 5.344], "texture": "#0"},
				"south": {"uv": [0.344, 6.01067, 0.656, 6.656], "texture": "#0"},
				"west": {"uv": [1.32267, 5.98933, 0.67733, 5.344], "texture": "#0"},
				"up": {"uv": [0.344, 6.01067, 0.656, 6.656], "texture": "#0"},
				"down": {"uv": [0.344, 6.01067, 0.656, 6.656], "texture": "#0"}
			}
		},
		{
			"name": "macarontop4",
			"from": [6.41, 0.36, 5.5],
			"to": [6.81, 2.36, 7.5],
			"rotation": {"angle": 0, "axis": "y", "origin": [7.95714, -0.61864, 7.02187]},
			"faces": {
				"north": {"uv": [0.344, 6.01067, 0.656, 6.656], "texture": "#0"},
				"east": {"uv": [1.98933, 5.344, 1.344, 5.98933], "texture": "#0"},
				"south": {"uv": [0.33333, 7.312, 0.64533, 6.66667], "texture": "#0"},
				"west": {"uv": [1.32267, 5.98933, 0.67733, 5.344], "texture": "#0"},
				"up": {"uv": [0, 5.66667, 0.312, 6.312], "texture": "#0"},
				"down": {"uv": [0.33333, 6.5, 0.64533, 7.14533], "texture": "#0"}
			}
		},
		{
			"name": "macaronbottom4",
			"from": [7.31, 0.26, 5.4],
			"to": [7.61, 2.46, 7.6],
			"rotation": {"angle": 0, "axis": "y", "origin": [7.95714, -0.61864, 7.02187]},
			"faces": {
				"north": {"uv": [0.33333, 7.14533, 0.64533, 6.5], "texture": "#0"},
				"east": {"uv": [1.32267, 5.98933, 0.67733, 5.344], "texture": "#0"},
				"south": {"uv": [0.33333, 6.5, 0.64533, 7.14533], "texture": "#0"},
				"west": {"uv": [0.344, 6.01067, 0.656, 6.656], "texture": "#0"},
				"up": {"uv": [0, 5.66667, 0.312, 6.312], "texture": "#0"},
				"down": {"uv": [0.33333, 6.5, 0.64533, 7.14533], "texture": "#0"}
			}
		},
		{
			"name": "macaronbottom4",
			"from": [7.51, 0.36, 5.5],
			"to": [7.91, 2.36, 7.5],
			"rotation": {"angle": 0, "axis": "y", "origin": [7.95714, -0.61864, 7.02187]},
			"faces": {
				"north": {"uv": [0.33333, 6.5, 0.64533, 7.14533], "texture": "#0"},
				"east": {"uv": [1.32267, 5.98933, 0.67733, 5.344], "texture": "#0"},
				"south": {"uv": [0.33333, 6.66667, 0.64533, 7.312], "texture": "#0"},
				"west": {"uv": [1.32267, 5.98933, 0.67733, 5.344], "texture": "#0"},
				"up": {"uv": [0.344, 6.01067, 0.656, 6.656], "texture": "#0"},
				"down": {"uv": [0.344, 6.01067, 0.656, 6.656], "texture": "#0"}
			}
		},
		{
			"name": "macaron5",
			"from": [8.61, 0.36, 5.5],
			"to": [9.01, 2.36, 7.5],
			"rotation": {"angle": 0, "axis": "y", "origin": [7.95714, -0.61864, 7.02187]},
			"faces": {
				"north": {"uv": [12.98933, 5.344, 12.344, 5.98933], "texture": "#0"},
				"east": {"uv": [12.98933, 5.344, 12.344, 5.98933], "texture": "#0"},
				"south": {"uv": [12.98933, 5.344, 12.344, 5.98933], "texture": "#0"},
				"west": {"uv": [12.98933, 5.344, 12.344, 5.98933], "texture": "#0"},
				"up": {"uv": [12.98933, 5.344, 12.344, 5.98933], "texture": "#0"},
				"down": {"uv": [12.98933, 5.344, 12.344, 5.98933], "texture": "#0"}
			}
		},
		{
			"name": "macarontop5",
			"from": [8.41, 0.26, 5.4],
			"to": [8.71, 2.46, 7.6],
			"rotation": {"angle": 0, "axis": "y", "origin": [7.95714, -0.61864, 7.02187]},
			"faces": {
				"north": {"uv": [10.67733, 6.656, 10.98933, 6.01067], "texture": "#0"},
				"east": {"uv": [11.98933, 5.98933, 11.344, 5.344], "texture": "#0"},
				"south": {"uv": [10.67733, 6.01067, 10.98933, 6.656], "texture": "#0"},
				"west": {"uv": [11.98933, 5.98933, 11.344, 5.344], "texture": "#0"},
				"up": {"uv": [10.67733, 6.01067, 10.98933, 6.656], "texture": "#0"},
				"down": {"uv": [10.67733, 6.01067, 10.98933, 6.656], "texture": "#0"}
			}
		},
		{
			"name": "macarontop5",
			"from": [8.11, 0.36, 5.5],
			"to": [8.51, 2.36, 7.5],
			"rotation": {"angle": 0, "axis": "y", "origin": [7.95714, -0.61864, 7.02187]},
			"faces": {
				"north": {"uv": [11.344, 7.344, 11.656, 7.98933], "texture": "#0"},
				"east": {"uv": [12.656, 5.344, 12.01067, 5.98933], "texture": "#0"},
				"south": {"uv": [10.67733, 6.656, 10.98933, 6.01067], "texture": "#0"},
				"west": {"uv": [11.98933, 5.98933, 11.344, 5.344], "texture": "#0"},
				"up": {"uv": [12.01067, 8.01067, 12.32267, 8.656], "texture": "#0"},
				"down": {"uv": [10.67733, 6.656, 10.98933, 6.01067], "texture": "#0"}
			}
		},
		{
			"name": "macaronbottom5",
			"from": [9.01, 0.26, 5.4],
			"to": [9.31, 2.46, 7.6],
			"rotation": {"angle": 0, "axis": "y", "origin": [7.95714, -0.61864, 7.02187]},
			"faces": {
				"north": {"uv": [12.01067, 8.656, 12.32267, 8.01067], "texture": "#0"},
				"east": {"uv": [11.98933, 5.98933, 11.344, 5.344], "texture": "#0"},
				"south": {"uv": [11.01067, 7.344, 11.32267, 7.98933], "texture": "#0"},
				"west": {"uv": [11.98933, 5.98933, 11.344, 5.344], "texture": "#0"},
				"up": {"uv": [10.67733, 6.656, 10.98933, 6.01067], "texture": "#0"},
				"down": {"uv": [10.67733, 6.656, 10.98933, 6.01067], "texture": "#0"}
			}
		},
		{
			"name": "macaronbottom5",
			"from": [9.21, 0.36, 5.5],
			"to": [9.61, 2.36, 7.5],
			"rotation": {"angle": 0, "axis": "y", "origin": [7.95714, -0.61864, 7.02187]},
			"faces": {
				"north": {"uv": [10.67733, 6.656, 10.98933, 6.01067], "texture": "#0"},
				"east": {"uv": [11.98933, 5.98933, 11.344, 5.344], "texture": "#0"},
				"south": {"uv": [10.67733, 6.01067, 10.98933, 6.656], "texture": "#0"},
				"west": {"uv": [11.98933, 5.98933, 11.344, 5.344], "texture": "#0"},
				"up": {"uv": [10.67733, 7.32267, 10.98933, 6.67733], "texture": "#0"},
				"down": {"uv": [10.67733, 6.01067, 10.98933, 6.656], "texture": "#0"}
			}
		},
		{
			"name": "macaron6",
			"from": [10.31, 0.36, 5.5],
			"to": [10.71, 2.36, 7.5],
			"rotation": {"angle": 0, "axis": "y", "origin": [7.95714, -0.61864, 7.02187]},
			"faces": {
				"north": {"uv": [7.656, 5.344, 7.01067, 5.98933], "texture": "#0"},
				"east": {"uv": [7.656, 5.344, 7.01067, 5.98933], "texture": "#0"},
				"south": {"uv": [7.656, 5.344, 7.01067, 5.98933], "texture": "#0"},
				"west": {"uv": [7.656, 5.344, 7.01067, 5.98933], "texture": "#0"},
				"up": {"uv": [7.656, 5.344, 7.01067, 5.98933], "texture": "#0"},
				"down": {"uv": [7.656, 5.344, 7.01067, 5.98933], "texture": "#0"}
			}
		},
		{
			"name": "macarontop6",
			"from": [10.11, 0.26, 5.4],
			"to": [10.41, 2.46, 7.6],
			"rotation": {"angle": 0, "axis": "y", "origin": [7.95714, -0.61864, 7.02187]},
			"faces": {
				"north": {"uv": [5.344, 6.98933, 5.656, 6.344], "texture": "#0"},
				"east": {"uv": [6.656, 5.98933, 6.01067, 5.344], "texture": "#0"},
				"south": {"uv": [7.67733, 8.656, 7.98933, 8.01067], "texture": "#0"},
				"west": {"uv": [6.656, 5.98933, 6.01067, 5.344], "texture": "#0"},
				"up": {"uv": [6.844, 8.32267, 7.156, 7.67733], "texture": "#0"},
				"down": {"uv": [7.67733, 8.01067, 7.98933, 8.656], "texture": "#0"}
			}
		},
		{
			"name": "macarontop6",
			"from": [9.81, 0.36, 5.5],
			"to": [10.21, 2.36, 7.5],
			"rotation": {"angle": 0, "axis": "y", "origin": [7.95714, -0.61864, 7.02187]},
			"faces": {
				"north": {"uv": [7.67733, 8.01067, 7.98933, 8.656], "texture": "#0"},
				"east": {"uv": [7.32267, 5.344, 6.67733, 5.98933], "texture": "#0"},
				"south": {"uv": [5.344, 6.344, 5.656, 6.98933], "texture": "#0"},
				"west": {"uv": [6.656, 5.98933, 6.01067, 5.344], "texture": "#0"},
				"up": {"uv": [5.344, 6.98933, 5.656, 6.344], "texture": "#0"},
				"down": {"uv": [7.67733, 8.656, 7.98933, 8.01067], "texture": "#0"}
			}
		},
		{
			"name": "macaronbottom6",
			"from": [10.71, 0.26, 5.4],
			"to": [11.01, 2.46, 7.6],
			"rotation": {"angle": 0, "axis": "y", "origin": [7.95714, -0.61864, 7.02187]},
			"faces": {
				"north": {"uv": [5.344, 6.344, 5.656, 6.98933], "texture": "#0"},
				"east": {"uv": [6.656, 5.98933, 6.01067, 5.344], "texture": "#0"},
				"south": {"uv": [5.67733, 7.01067, 5.98933, 7.656], "texture": "#0"},
				"west": {"uv": [6.656, 5.98933, 6.01067, 5.344], "texture": "#0"},
				"up": {"uv": [7.344, 8.01067, 7.656, 8.656], "texture": "#0"},
				"down": {"uv": [7.344, 8.01067, 7.656, 8.656], "texture": "#0"}
			}
		},
		{
			"name": "macaronbottom6",
			"from": [10.91, 0.36, 5.5],
			"to": [11.31, 2.36, 7.5],
			"rotation": {"angle": 0, "axis": "y", "origin": [7.95714, -0.61864, 7.02187]},
			"faces": {
				"north": {"uv": [7.344, 8.01067, 7.656, 8.656], "texture": "#0"},
				"east": {"uv": [6.656, 5.98933, 6.01067, 5.344], "texture": "#0"},
				"south": {"uv": [7.344, 8.01067, 7.656, 8.656], "texture": "#0"},
				"west": {"uv": [6.656, 5.98933, 6.01067, 5.344], "texture": "#0"},
				"up": {"uv": [5.344, 6.344, 5.656, 6.98933], "texture": "#0"},
				"down": {"uv": [7.67733, 8.01067, 7.98933, 8.656], "texture": "#0"}
			}
		},
		{
			"name": "macaron",
			"from": [12.01, 0.36, 5.5],
			"to": [12.41, 2.36, 7.5],
			"rotation": {"angle": 0, "axis": "y", "origin": [7.95714, -0.61864, 7.02187]},
			"faces": {
				"north": {"uv": [2.32267, 10.67733, 1.67733, 11.32267], "texture": "#0"},
				"east": {"uv": [2.32267, 10.67733, 1.67733, 11.32267], "texture": "#0"},
				"south": {"uv": [2.32267, 10.67733, 1.67733, 11.32267], "texture": "#0"},
				"west": {"uv": [2.32267, 10.67733, 1.67733, 11.32267], "texture": "#0"},
				"up": {"uv": [2.32267, 10.67733, 1.67733, 11.32267], "texture": "#0"},
				"down": {"uv": [2.32267, 10.67733, 1.67733, 11.32267], "texture": "#0"}
			}
		},
		{
			"name": "macarontop",
			"from": [11.81, 0.26, 5.4],
			"to": [12.11, 2.46, 7.6],
			"rotation": {"angle": 0, "axis": "y", "origin": [7.95714, -0.61864, 7.02187]},
			"faces": {
				"north": {"uv": [0.344, 12.48933, 0.656, 11.844], "texture": "#0"},
				"east": {"uv": [1.32267, 11.32267, 0.67733, 10.67733], "texture": "#0"},
				"south": {"uv": [1.344, 13.98933, 1.656, 13.344], "texture": "#0"},
				"west": {"uv": [1.32267, 11.32267, 0.67733, 10.67733], "texture": "#0"},
				"up": {"uv": [1.344, 13.98933, 1.656, 13.344], "texture": "#0"},
				"down": {"uv": [1.344, 13.98933, 1.656, 13.344], "texture": "#0"}
			}
		},
		{
			"name": "macarontop",
			"from": [11.51, 0.36, 5.5],
			"to": [11.91, 2.36, 7.5],
			"rotation": {"angle": 0, "axis": "y", "origin": [7.95714, -0.61864, 7.02187]},
			"faces": {
				"north": {"uv": [0.67733, 12.82267, 0.98933, 12.17733], "texture": "#0"},
				"east": {"uv": [1.98933, 10.67733, 1.344, 11.32267], "texture": "#0"},
				"south": {"uv": [0.67733, 13.32267, 0.98933, 12.67733], "texture": "#0"},
				"west": {"uv": [1.32267, 11.32267, 0.67733, 10.67733], "texture": "#0"},
				"up": {"uv": [0.67733, 12.17733, 0.98933, 12.82267], "texture": "#0"},
				"down": {"uv": [0.344, 12.48933, 0.656, 11.844], "texture": "#0"}
			}
		},
		{
			"name": "macaronbottom",
			"from": [12.41, 0.26, 5.4],
			"to": [12.71, 2.46, 7.6],
			"rotation": {"angle": 0, "axis": "y", "origin": [7.95714, -0.61864, 7.02187]},
			"faces": {
				"north": {"uv": [1.344, 13.98933, 1.656, 13.344], "texture": "#0"},
				"east": {"uv": [1.32267, 11.32267, 0.67733, 10.67733], "texture": "#0"},
				"south": {"uv": [0.67733, 12.17733, 0.98933, 12.82267], "texture": "#0"},
				"west": {"uv": [1.32267, 11.32267, 0.67733, 10.67733], "texture": "#0"},
				"up": {"uv": [0.344, 12.48933, 0.656, 11.844], "texture": "#0"},
				"down": {"uv": [0.67733, 13.32267, 0.98933, 12.67733], "texture": "#0"}
			}
		},
		{
			"name": "macaronbottom",
			"from": [12.61, 0.36, 5.5],
			"to": [13.01, 2.36, 7.5],
			"rotation": {"angle": 0, "axis": "y", "origin": [7.95714, -0.61864, 7.02187]},
			"faces": {
				"north": {"uv": [0.344, 12.48933, 0.656, 11.844], "texture": "#0"},
				"east": {"uv": [1.32267, 11.32267, 0.67733, 10.67733], "texture": "#0"},
				"south": {"uv": [0.67733, 12.67733, 0.98933, 13.32267], "texture": "#0"},
				"west": {"uv": [1.32267, 11.32267, 0.67733, 10.67733], "texture": "#0"},
				"up": {"uv": [0.67733, 12.67733, 0.98933, 13.32267], "texture": "#0"},
				"down": {"uv": [0.67733, 12.67733, 0.98933, 13.32267], "texture": "#0"}
			}
		},
		{
			"name": "macaron3",
			"from": [3.51, 0.36, 8.5],
			"to": [3.91, 2.36, 10.5],
			"rotation": {"angle": 0, "axis": "y", "origin": [7.95714, -0.61864, 7.02187]},
			"faces": {
				"north": {"uv": [7.656, 0.01067, 7.01067, 0.656], "texture": "#0"},
				"east": {"uv": [7.656, 0.01067, 7.01067, 0.656], "texture": "#0"},
				"south": {"uv": [7.656, 0.01067, 7.01067, 0.656], "texture": "#0"},
				"west": {"uv": [7.656, 0.01067, 7.01067, 0.656], "texture": "#0"},
				"up": {"uv": [7.656, 0.01067, 7.01067, 0.656], "texture": "#0"},
				"down": {"uv": [7.656, 0.01067, 7.01067, 0.656], "texture": "#0"}
			}
		},
		{
			"name": "macarontop3",
			"from": [3.31, 0.26, 8.4],
			"to": [3.61, 2.46, 10.6],
			"rotation": {"angle": 0, "axis": "y", "origin": [7.95714, -0.61864, 7.02187]},
			"faces": {
				"north": {"uv": [5.67733, 1.16667, 5.98933, 1.812], "texture": "#0"},
				"east": {"uv": [6.656, 0.656, 6.01067, 0.01067], "texture": "#0"},
				"south": {"uv": [5.67733, 1.812, 5.98933, 1.16667], "texture": "#0"},
				"west": {"uv": [6.656, 0.656, 6.01067, 0.01067], "texture": "#0"},
				"up": {"uv": [5.67733, 1.812, 5.98933, 1.16667], "texture": "#0"},
				"down": {"uv": [5.344, 0.64533, 5.656, 0], "texture": "#0"}
			}
		},
		{
			"name": "macarontop3",
			"from": [3.01, 0.36, 8.5],
			"to": [3.41, 2.36, 10.5],
			"rotation": {"angle": 0, "axis": "y", "origin": [7.95714, -0.61864, 7.02187]},
			"faces": {
				"north": {"uv": [5.67733, 1.812, 5.98933, 1.16667], "texture": "#0"},
				"east": {"uv": [7.32267, 0.01067, 6.67733, 0.656], "texture": "#0"},
				"south": {"uv": [5.67733, 1.16667, 5.98933, 1.812], "texture": "#0"},
				"west": {"uv": [6.656, 0.656, 6.01067, 0.01067], "texture": "#0"},
				"up": {"uv": [6.01067, 2.01067, 6.32267, 2.656], "texture": "#0"},
				"down": {"uv": [5.67733, 1.812, 5.98933, 1.16667], "texture": "#0"}
			}
		},
		{
			"name": "macaronbottom3",
			"from": [3.91, 0.26, 8.4],
			"to": [4.21, 2.46, 10.6],
			"rotation": {"angle": 0, "axis": "y", "origin": [7.95714, -0.61864, 7.02187]},
			"faces": {
				"north": {"uv": [5.67733, 1.812, 5.98933, 1.16667], "texture": "#0"},
				"east": {"uv": [6.656, 0.656, 6.01067, 0.01067], "texture": "#0"},
				"south": {"uv": [5.67733, 1.16667, 5.98933, 1.812], "texture": "#0"},
				"west": {"uv": [6.656, 0.656, 6.01067, 0.01067], "texture": "#0"},
				"up": {"uv": [6.67733, 2.67733, 7.32267, 2.98933], "texture": "#0"},
				"down": {"uv": [5.67733, 1.16667, 5.98933, 1.812], "texture": "#0"}
			}
		},
		{
			"name": "macaronbottom3",
			"from": [4.11, 0.36, 8.5],
			"to": [4.51, 2.36, 10.5],
			"rotation": {"angle": 0, "axis": "y", "origin": [7.95714, -0.61864, 7.02187]},
			"faces": {
				"north": {"uv": [5.67733, 1.16667, 5.98933, 1.812], "texture": "#0"},
				"east": {"uv": [6.656, 0.656, 6.01067, 0.01067], "texture": "#0"},
				"south": {"uv": [5.67733, 1.812, 5.98933, 1.16667], "texture": "#0"},
				"west": {"uv": [6.656, 0.656, 6.01067, 0.01067], "texture": "#0"},
				"up": {"uv": [5.67733, 1.812, 5.98933, 1.16667], "texture": "#0"},
				"down": {"uv": [5.67733, 1.812, 5.98933, 1.16667], "texture": "#0"}
			}
		},
		{
			"name": "macaron4",
			"from": [5.21, 0.36, 8.5],
			"to": [5.61, 2.36, 10.5],
			"rotation": {"angle": 0, "axis": "y", "origin": [7.95714, -0.61864, 7.02187]},
			"faces": {
				"north": {"uv": [12.98933, 0.01067, 12.344, 0.656], "texture": "#0"},
				"east": {"uv": [12.98933, 0.01067, 12.344, 0.656], "texture": "#0"},
				"south": {"uv": [12.98933, 0.01067, 12.344, 0.656], "texture": "#0"},
				"west": {"uv": [12.98933, 0.01067, 12.344, 0.656], "texture": "#0"},
				"up": {"uv": [12.98933, 0.01067, 12.344, 0.656], "texture": "#0"},
				"down": {"uv": [12.98933, 0.01067, 12.344, 0.656], "texture": "#0"}
			}
		},
		{
			"name": "macarontop4",
			"from": [5.01, 0.26, 8.4],
			"to": [5.31, 2.46, 10.6],
			"rotation": {"angle": 0, "axis": "y", "origin": [7.95714, -0.61864, 7.02187]},
			"faces": {
				"north": {"uv": [10.67733, 1.97867, 10.98933, 1.33333], "texture": "#0"},
				"east": {"uv": [11.98933, 0.656, 11.344, 0.01067], "texture": "#0"},
				"south": {"uv": [11.32267, 1.33333, 11.01067, 1.97867], "texture": "#0"},
				"west": {"uv": [11.98933, 0.656, 11.344, 0.01067], "texture": "#0"},
				"up": {"uv": [10.67733, 1.33333, 10.98933, 1.97867], "texture": "#0"},
				"down": {"uv": [10.67733, 1.33333, 10.98933, 1.97867], "texture": "#0"}
			}
		},
		{
			"name": "macarontop4",
			"from": [4.71, 0.36, 8.5],
			"to": [5.11, 2.36, 10.5],
			"rotation": {"angle": 0, "axis": "y", "origin": [7.95714, -0.61864, 7.02187]},
			"faces": {
				"north": {"uv": [11.01067, 1.33333, 11.32267, 1.97867], "texture": "#0"},
				"east": {"uv": [12.656, 0.01067, 12.01067, 0.656], "texture": "#0"},
				"south": {"uv": [10.67733, 1.97867, 10.98933, 1.33333], "texture": "#0"},
				"west": {"uv": [11.98933, 0.656, 11.344, 0.01067], "texture": "#0"},
				"up": {"uv": [11.01067, 1.97867, 11.32267, 1.33333], "texture": "#0"},
				"down": {"uv": [11.01067, 1.97867, 11.32267, 1.33333], "texture": "#0"}
			}
		},
		{
			"name": "macaronbottom4",
			"from": [5.61, 0.26, 8.4],
			"to": [5.91, 2.46, 10.6],
			"rotation": {"angle": 0, "axis": "y", "origin": [7.95714, -0.61864, 7.02187]},
			"faces": {
				"north": {"uv": [11.01067, 1.33333, 11.32267, 1.97867], "texture": "#0"},
				"east": {"uv": [11.98933, 0.656, 11.344, 0.01067], "texture": "#0"},
				"south": {"uv": [10.67733, 1.14533, 10.98933, 0.5], "texture": "#0"},
				"west": {"uv": [11.98933, 0.656, 11.344, 0.01067], "texture": "#0"},
				"up": {"uv": [10.67733, 1.97867, 10.98933, 1.33333], "texture": "#0"},
				"down": {"uv": [11.01067, 1.97867, 11.32267, 1.33333], "texture": "#0"}
			}
		},
		{
			"name": "macaronbottom4",
			"from": [5.81, 0.36, 8.5],
			"to": [6.21, 2.36, 10.5],
			"rotation": {"angle": 0, "axis": "y", "origin": [7.95714, -0.61864, 7.02187]},
			"faces": {
				"north": {"uv": [10.67733, 1.97867, 10.98933, 1.33333], "texture": "#0"},
				"east": {"uv": [11.98933, 0.656, 11.344, 0.01067], "texture": "#0"},
				"south": {"uv": [10.67733, 0.5, 10.98933, 1.14533], "texture": "#0"},
				"west": {"uv": [11.98933, 0.656, 11.344, 0.01067], "texture": "#0"},
				"up": {"uv": [10.67733, 0.5, 10.98933, 1.14533], "texture": "#0"},
				"down": {"uv": [10.67733, 1.33333, 10.98933, 1.97867], "texture": "#0"}
			}
		},
		{
			"name": "macaron5",
			"from": [6.91, 0.36, 8.5],
			"to": [7.31, 2.36, 10.5],
			"rotation": {"angle": 0, "axis": "y", "origin": [7.95714, -0.61864, 7.02187]},
			"faces": {
				"north": {"uv": [2.32267, 5.344, 1.67733, 5.98933], "texture": "#0"},
				"east": {"uv": [2.32267, 5.344, 1.67733, 5.98933], "texture": "#0"},
				"south": {"uv": [2.32267, 5.344, 1.67733, 5.98933], "texture": "#0"},
				"west": {"uv": [2.32267, 5.344, 1.67733, 5.98933], "texture": "#0"},
				"up": {"uv": [2.32267, 5.344, 1.67733, 5.98933], "texture": "#0"},
				"down": {"uv": [2.32267, 5.344, 1.67733, 5.98933], "texture": "#0"}
			}
		},
		{
			"name": "macarontop5",
			"from": [6.71, 0.26, 8.4],
			"to": [7.01, 2.46, 10.6],
			"rotation": {"angle": 0, "axis": "y", "origin": [7.95714, -0.61864, 7.02187]},
			"faces": {
				"north": {"uv": [0.33333, 6.5, 0.64533, 7.14533], "texture": "#0"},
				"east": {"uv": [1.32267, 5.98933, 0.67733, 5.344], "texture": "#0"},
				"south": {"uv": [0.344, 6.01067, 0.656, 6.656], "texture": "#0"},
				"west": {"uv": [1.32267, 5.98933, 0.67733, 5.344], "texture": "#0"},
				"up": {"uv": [0.344, 6.01067, 0.656, 6.656], "texture": "#0"},
				"down": {"uv": [0.344, 6.01067, 0.656, 6.656], "texture": "#0"}
			}
		},
		{
			"name": "macarontop5",
			"from": [6.41, 0.36, 8.5],
			"to": [6.81, 2.36, 10.5],
			"rotation": {"angle": 0, "axis": "y", "origin": [7.95714, -0.61864, 7.02187]},
			"faces": {
				"north": {"uv": [0.344, 6.01067, 0.656, 6.656], "texture": "#0"},
				"east": {"uv": [1.98933, 5.344, 1.344, 5.98933], "texture": "#0"},
				"south": {"uv": [0.33333, 7.312, 0.64533, 6.66667], "texture": "#0"},
				"west": {"uv": [1.32267, 5.98933, 0.67733, 5.344], "texture": "#0"},
				"up": {"uv": [0, 5.66667, 0.312, 6.312], "texture": "#0"},
				"down": {"uv": [0.33333, 6.5, 0.64533, 7.14533], "texture": "#0"}
			}
		},
		{
			"name": "macaronbottom5",
			"from": [7.31, 0.26, 8.4],
			"to": [7.61, 2.46, 10.6],
			"rotation": {"angle": 0, "axis": "y", "origin": [7.95714, -0.61864, 7.02187]},
			"faces": {
				"north": {"uv": [0.33333, 7.14533, 0.64533, 6.5], "texture": "#0"},
				"east": {"uv": [1.32267, 5.98933, 0.67733, 5.344], "texture": "#0"},
				"south": {"uv": [0.33333, 6.5, 0.64533, 7.14533], "texture": "#0"},
				"west": {"uv": [0.344, 6.01067, 0.656, 6.656], "texture": "#0"},
				"up": {"uv": [0, 5.66667, 0.312, 6.312], "texture": "#0"},
				"down": {"uv": [0.33333, 6.5, 0.64533, 7.14533], "texture": "#0"}
			}
		},
		{
			"name": "macaronbottom5",
			"from": [7.51, 0.36, 8.5],
			"to": [7.91, 2.36, 10.5],
			"rotation": {"angle": 0, "axis": "y", "origin": [7.95714, -0.61864, 7.02187]},
			"faces": {
				"north": {"uv": [0.33333, 6.5, 0.64533, 7.14533], "texture": "#0"},
				"east": {"uv": [1.32267, 5.98933, 0.67733, 5.344], "texture": "#0"},
				"south": {"uv": [0.33333, 6.66667, 0.64533, 7.312], "texture": "#0"},
				"west": {"uv": [1.32267, 5.98933, 0.67733, 5.344], "texture": "#0"},
				"up": {"uv": [0.344, 6.01067, 0.656, 6.656], "texture": "#0"},
				"down": {"uv": [0.344, 6.01067, 0.656, 6.656], "texture": "#0"}
			}
		},
		{
			"name": "macaron6",
			"from": [8.61, 0.36, 8.5],
			"to": [9.01, 2.36, 10.5],
			"rotation": {"angle": 0, "axis": "y", "origin": [7.95714, -0.61864, 7.02187]},
			"faces": {
				"north": {"uv": [12.98933, 5.344, 12.344, 5.98933], "texture": "#0"},
				"east": {"uv": [12.98933, 5.344, 12.344, 5.98933], "texture": "#0"},
				"south": {"uv": [12.98933, 5.344, 12.344, 5.98933], "texture": "#0"},
				"west": {"uv": [12.98933, 5.344, 12.344, 5.98933], "texture": "#0"},
				"up": {"uv": [12.98933, 5.344, 12.344, 5.98933], "texture": "#0"},
				"down": {"uv": [12.98933, 5.344, 12.344, 5.98933], "texture": "#0"}
			}
		},
		{
			"name": "macarontop6",
			"from": [8.41, 0.26, 8.4],
			"to": [8.71, 2.46, 10.6],
			"rotation": {"angle": 0, "axis": "y", "origin": [7.95714, -0.61864, 7.02187]},
			"faces": {
				"north": {"uv": [10.67733, 6.656, 10.98933, 6.01067], "texture": "#0"},
				"east": {"uv": [11.98933, 5.98933, 11.344, 5.344], "texture": "#0"},
				"south": {"uv": [10.67733, 6.01067, 10.98933, 6.656], "texture": "#0"},
				"west": {"uv": [11.98933, 5.98933, 11.344, 5.344], "texture": "#0"},
				"up": {"uv": [10.67733, 6.01067, 10.98933, 6.656], "texture": "#0"},
				"down": {"uv": [10.67733, 6.01067, 10.98933, 6.656], "texture": "#0"}
			}
		},
		{
			"name": "macarontop6",
			"from": [8.11, 0.36, 8.5],
			"to": [8.51, 2.36, 10.5],
			"rotation": {"angle": 0, "axis": "y", "origin": [7.95714, -0.61864, 7.02187]},
			"faces": {
				"north": {"uv": [11.344, 7.344, 11.656, 7.98933], "texture": "#0"},
				"east": {"uv": [12.656, 5.344, 12.01067, 5.98933], "texture": "#0"},
				"south": {"uv": [10.67733, 6.656, 10.98933, 6.01067], "texture": "#0"},
				"west": {"uv": [11.98933, 5.98933, 11.344, 5.344], "texture": "#0"},
				"up": {"uv": [12.01067, 8.01067, 12.32267, 8.656], "texture": "#0"},
				"down": {"uv": [10.67733, 6.656, 10.98933, 6.01067], "texture": "#0"}
			}
		},
		{
			"name": "macaronbottom6",
			"from": [9.01, 0.26, 8.4],
			"to": [9.31, 2.46, 10.6],
			"rotation": {"angle": 0, "axis": "y", "origin": [7.95714, -0.61864, 7.02187]},
			"faces": {
				"north": {"uv": [12.01067, 8.656, 12.32267, 8.01067], "texture": "#0"},
				"east": {"uv": [11.98933, 5.98933, 11.344, 5.344], "texture": "#0"},
				"south": {"uv": [11.01067, 7.344, 11.32267, 7.98933], "texture": "#0"},
				"west": {"uv": [11.98933, 5.98933, 11.344, 5.344], "texture": "#0"},
				"up": {"uv": [10.67733, 6.656, 10.98933, 6.01067], "texture": "#0"},
				"down": {"uv": [10.67733, 6.656, 10.98933, 6.01067], "texture": "#0"}
			}
		},
		{
			"name": "macaronbottom6",
			"from": [9.21, 0.36, 8.5],
			"to": [9.61, 2.36, 10.5],
			"rotation": {"angle": 0, "axis": "y", "origin": [7.95714, -0.61864, 7.02187]},
			"faces": {
				"north": {"uv": [10.67733, 6.656, 10.98933, 6.01067], "texture": "#0"},
				"east": {"uv": [11.98933, 5.98933, 11.344, 5.344], "texture": "#0"},
				"south": {"uv": [10.67733, 6.01067, 10.98933, 6.656], "texture": "#0"},
				"west": {"uv": [11.98933, 5.98933, 11.344, 5.344], "texture": "#0"},
				"up": {"uv": [10.67733, 7.32267, 10.98933, 6.67733], "texture": "#0"},
				"down": {"uv": [10.67733, 6.01067, 10.98933, 6.656], "texture": "#0"}
			}
		},
		{
			"name": "macaron7",
			"from": [10.31, 0.36, 8.5],
			"to": [10.71, 2.36, 10.5],
			"rotation": {"angle": 0, "axis": "y", "origin": [7.95714, -0.61864, 7.02187]},
			"faces": {
				"north": {"uv": [7.656, 5.344, 7.01067, 5.98933], "texture": "#0"},
				"east": {"uv": [7.656, 5.344, 7.01067, 5.98933], "texture": "#0"},
				"south": {"uv": [7.656, 5.344, 7.01067, 5.98933], "texture": "#0"},
				"west": {"uv": [7.656, 5.344, 7.01067, 5.98933], "texture": "#0"},
				"up": {"uv": [7.656, 5.344, 7.01067, 5.98933], "texture": "#0"},
				"down": {"uv": [7.656, 5.344, 7.01067, 5.98933], "texture": "#0"}
			}
		},
		{
			"name": "macarontop7",
			"from": [10.11, 0.26, 8.4],
			"to": [10.41, 2.46, 10.6],
			"rotation": {"angle": 0, "axis": "y", "origin": [7.95714, -0.61864, 7.02187]},
			"faces": {
				"north": {"uv": [5.344, 6.98933, 5.656, 6.344], "texture": "#0"},
				"east": {"uv": [6.656, 5.98933, 6.01067, 5.344], "texture": "#0"},
				"south": {"uv": [7.67733, 8.656, 7.98933, 8.01067], "texture": "#0"},
				"west": {"uv": [6.656, 5.98933, 6.01067, 5.344], "texture": "#0"},
				"up": {"uv": [6.844, 8.32267, 7.156, 7.67733], "texture": "#0"},
				"down": {"uv": [7.67733, 8.01067, 7.98933, 8.656], "texture": "#0"}
			}
		},
		{
			"name": "macarontop7",
			"from": [9.81, 0.36, 8.5],
			"to": [10.21, 2.36, 10.5],
			"rotation": {"angle": 0, "axis": "y", "origin": [7.95714, -0.61864, 7.02187]},
			"faces": {
				"north": {"uv": [7.67733, 8.01067, 7.98933, 8.656], "texture": "#0"},
				"east": {"uv": [7.32267, 5.344, 6.67733, 5.98933], "texture": "#0"},
				"south": {"uv": [5.344, 6.344, 5.656, 6.98933], "texture": "#0"},
				"west": {"uv": [6.656, 5.98933, 6.01067, 5.344], "texture": "#0"},
				"up": {"uv": [5.344, 6.98933, 5.656, 6.344], "texture": "#0"},
				"down": {"uv": [7.67733, 8.656, 7.98933, 8.01067], "texture": "#0"}
			}
		},
		{
			"name": "macaronbottom7",
			"from": [10.71, 0.26, 8.4],
			"to": [11.01, 2.46, 10.6],
			"rotation": {"angle": 0, "axis": "y", "origin": [7.95714, -0.61864, 7.02187]},
			"faces": {
				"north": {"uv": [5.344, 6.344, 5.656, 6.98933], "texture": "#0"},
				"east": {"uv": [6.656, 5.98933, 6.01067, 5.344], "texture": "#0"},
				"south": {"uv": [5.67733, 7.01067, 5.98933, 7.656], "texture": "#0"},
				"west": {"uv": [6.656, 5.98933, 6.01067, 5.344], "texture": "#0"},
				"up": {"uv": [7.344, 8.01067, 7.656, 8.656], "texture": "#0"},
				"down": {"uv": [7.344, 8.01067, 7.656, 8.656], "texture": "#0"}
			}
		},
		{
			"name": "macaronbottom7",
			"from": [10.91, 0.36, 8.5],
			"to": [11.31, 2.36, 10.5],
			"rotation": {"angle": 0, "axis": "y", "origin": [7.95714, -0.61864, 7.02187]},
			"faces": {
				"north": {"uv": [7.344, 8.01067, 7.656, 8.656], "texture": "#0"},
				"east": {"uv": [6.656, 5.98933, 6.01067, 5.344], "texture": "#0"},
				"south": {"uv": [7.344, 8.01067, 7.656, 8.656], "texture": "#0"},
				"west": {"uv": [6.656, 5.98933, 6.01067, 5.344], "texture": "#0"},
				"up": {"uv": [5.344, 6.344, 5.656, 6.98933], "texture": "#0"},
				"down": {"uv": [7.67733, 8.01067, 7.98933, 8.656], "texture": "#0"}
			}
		},
		{
			"name": "macaron",
			"from": [12.01, 0.36, 8.5],
			"to": [12.41, 2.36, 10.5],
			"rotation": {"angle": 0, "axis": "y", "origin": [7.95714, -0.61864, 7.02187]},
			"faces": {
				"north": {"uv": [2.32267, 10.67733, 1.67733, 11.32267], "texture": "#0"},
				"east": {"uv": [2.32267, 10.67733, 1.67733, 11.32267], "texture": "#0"},
				"south": {"uv": [2.32267, 10.67733, 1.67733, 11.32267], "texture": "#0"},
				"west": {"uv": [2.32267, 10.67733, 1.67733, 11.32267], "texture": "#0"},
				"up": {"uv": [2.32267, 10.67733, 1.67733, 11.32267], "texture": "#0"},
				"down": {"uv": [2.32267, 10.67733, 1.67733, 11.32267], "texture": "#0"}
			}
		},
		{
			"name": "macarontop",
			"from": [11.81, 0.26, 8.4],
			"to": [12.11, 2.46, 10.6],
			"rotation": {"angle": 0, "axis": "y", "origin": [7.95714, -0.61864, 7.02187]},
			"faces": {
				"north": {"uv": [0.344, 12.48933, 0.656, 11.844], "texture": "#0"},
				"east": {"uv": [1.32267, 11.32267, 0.67733, 10.67733], "texture": "#0"},
				"south": {"uv": [1.344, 13.98933, 1.656, 13.344], "texture": "#0"},
				"west": {"uv": [1.32267, 11.32267, 0.67733, 10.67733], "texture": "#0"},
				"up": {"uv": [1.344, 13.98933, 1.656, 13.344], "texture": "#0"},
				"down": {"uv": [1.344, 13.98933, 1.656, 13.344], "texture": "#0"}
			}
		},
		{
			"name": "macarontop",
			"from": [11.51, 0.36, 8.5],
			"to": [11.91, 2.36, 10.5],
			"rotation": {"angle": 0, "axis": "y", "origin": [7.95714, -0.61864, 7.02187]},
			"faces": {
				"north": {"uv": [0.67733, 12.82267, 0.98933, 12.17733], "texture": "#0"},
				"east": {"uv": [1.98933, 10.67733, 1.344, 11.32267], "texture": "#0"},
				"south": {"uv": [0.67733, 13.32267, 0.98933, 12.67733], "texture": "#0"},
				"west": {"uv": [1.32267, 11.32267, 0.67733, 10.67733], "texture": "#0"},
				"up": {"uv": [0.67733, 12.17733, 0.98933, 12.82267], "texture": "#0"},
				"down": {"uv": [0.344, 12.48933, 0.656, 11.844], "texture": "#0"}
			}
		},
		{
			"name": "macaronbottom",
			"from": [12.41, 0.26, 8.4],
			"to": [12.71, 2.46, 10.6],
			"rotation": {"angle": 0, "axis": "y", "origin": [7.95714, -0.61864, 7.02187]},
			"faces": {
				"north": {"uv": [1.344, 13.98933, 1.656, 13.344], "texture": "#0"},
				"east": {"uv": [1.32267, 11.32267, 0.67733, 10.67733], "texture": "#0"},
				"south": {"uv": [0.67733, 12.17733, 0.98933, 12.82267], "texture": "#0"},
				"west": {"uv": [1.32267, 11.32267, 0.67733, 10.67733], "texture": "#0"},
				"up": {"uv": [0.344, 12.48933, 0.656, 11.844], "texture": "#0"},
				"down": {"uv": [0.67733, 13.32267, 0.98933, 12.67733], "texture": "#0"}
			}
		},
		{
			"name": "macaronbottom",
			"from": [12.61, 0.36, 8.5],
			"to": [13.01, 2.36, 10.5],
			"rotation": {"angle": 0, "axis": "y", "origin": [7.95714, -0.61864, 7.02187]},
			"faces": {
				"north": {"uv": [0.344, 12.48933, 0.656, 11.844], "texture": "#0"},
				"east": {"uv": [1.32267, 11.32267, 0.67733, 10.67733], "texture": "#0"},
				"south": {"uv": [0.67733, 12.67733, 0.98933, 13.32267], "texture": "#0"},
				"west": {"uv": [1.32267, 11.32267, 0.67733, 10.67733], "texture": "#0"},
				"up": {"uv": [0.67733, 12.67733, 0.98933, 13.32267], "texture": "#0"},
				"down": {"uv": [0.67733, 12.67733, 0.98933, 13.32267], "texture": "#0"}
			}
		}
	],
	"display": {
		"thirdperson_righthand": {
			"rotation": [70, -180, 0],
			"translation": [-6, 3.75, 7]
		},
		"firstperson_righthand": {
			"translation": [0, 6.25, 0]
		},
		"ground": {
			"translation": [0, 4, 0]
		},
		"gui": {
			"rotation": [24, 24, 0],
			"translation": [0, 5, 0]
		},
		"fixed": {
			"rotation": [-90, 0, 0],
			"translation": [0, 0, -15],
			"scale": [2, 2, 2]
		}
	},
	"groups": [
		{
			"name": "bone",
			"origin": [0, 0, 0],
			"color": 0,
			"children": [0, 1, 2, 3, 4, 5, 6]
		},
		{
			"name": "macarons",
			"origin": [0, 0, 0],
			"color": 1,
			"children": [
				{
					"name": "macaron2",
					"origin": [0, 0, 0],
					"color": 2,
					"children": [
						7,
						{
							"name": "macarontop2",
							"origin": [0, 1.5, 0],
							"color": 3,
							"children": [8, 9]
						},
						{
							"name": "macaronbottom2",
							"origin": [0, 0, 0],
							"color": 4,
							"children": [10, 11]
						}
					]
				},
				{
					"name": "macaron3",
					"origin": [0, 0, 0],
					"color": 5,
					"children": [
						12,
						{
							"name": "macarontop3",
							"origin": [0, 1.5, 0],
							"color": 6,
							"children": [13, 14]
						},
						{
							"name": "macaronbottom3",
							"origin": [0, 0, 0],
							"color": 7,
							"children": [15, 16]
						}
					]
				},
				{
					"name": "macaron4",
					"origin": [0, 0, 0],
					"color": 8,
					"children": [
						17,
						{
							"name": "macarontop4",
							"origin": [0, 1.5, 0],
							"color": 9,
							"children": [18, 19]
						},
						{
							"name": "macaronbottom4",
							"origin": [0, 0, 0],
							"color": 0,
							"children": [20, 21]
						}
					]
				},
				{
					"name": "macaron5",
					"origin": [0, 0, 0],
					"color": 1,
					"children": [
						22,
						{
							"name": "macarontop5",
							"origin": [0, 1.5, 0],
							"color": 2,
							"children": [23, 24]
						},
						{
							"name": "macaronbottom5",
							"origin": [0, 0, 0],
							"color": 3,
							"children": [25, 26]
						}
					]
				},
				{
					"name": "macaron6",
					"origin": [0, 0, 0],
					"color": 4,
					"children": [
						27,
						{
							"name": "macarontop6",
							"origin": [0, 1.5, 0],
							"color": 5,
							"children": [28, 29]
						},
						{
							"name": "macaronbottom6",
							"origin": [0, 0, 0],
							"color": 6,
							"children": [30, 31]
						}
					]
				},
				{
					"name": "macaron",
					"origin": [0, 0, 0],
					"color": 7,
					"children": [
						32,
						{
							"name": "macarontop",
							"origin": [0, 1.5, 0],
							"color": 8,
							"children": [33, 34]
						},
						{
							"name": "macaronbottom",
							"origin": [0, 0, 0],
							"color": 9,
							"children": [35, 36]
						}
					]
				}
			]
		},
		{
			"name": "macarons",
			"origin": [0, 0, 0],
			"color": 1,
			"children": [
				{
					"name": "macaron2",
					"origin": [0, 0, 0],
					"color": 2,
					"children": [
						37,
						{
							"name": "macarontop2",
							"origin": [0, 1.5, 0],
							"color": 3,
							"children": [38, 39]
						},
						{
							"name": "macaronbottom2",
							"origin": [0, 0, 0],
							"color": 4,
							"children": [40, 41]
						}
					]
				},
				{
					"name": "macaron3",
					"origin": [0, 0, 0],
					"color": 5,
					"children": [
						42,
						{
							"name": "macarontop3",
							"origin": [0, 1.5, 0],
							"color": 6,
							"children": [43, 44]
						},
						{
							"name": "macaronbottom3",
							"origin": [0, 0, 0],
							"color": 7,
							"children": [45, 46]
						}
					]
				},
				{
					"name": "macaron4",
					"origin": [0, 0, 0],
					"color": 8,
					"children": [
						47,
						{
							"name": "macarontop4",
							"origin": [0, 1.5, 0],
							"color": 9,
							"children": [48, 49]
						},
						{
							"name": "macaronbottom4",
							"origin": [0, 0, 0],
							"color": 0,
							"children": [50, 51]
						}
					]
				},
				{
					"name": "macaron5",
					"origin": [0, 0, 0],
					"color": 1,
					"children": [
						52,
						{
							"name": "macarontop5",
							"origin": [0, 1.5, 0],
							"color": 2,
							"children": [53, 54]
						},
						{
							"name": "macaronbottom5",
							"origin": [0, 0, 0],
							"color": 3,
							"children": [55, 56]
						}
					]
				},
				{
					"name": "macaron6",
					"origin": [0, 0, 0],
					"color": 4,
					"children": [
						57,
						{
							"name": "macarontop6",
							"origin": [0, 1.5, 0],
							"color": 5,
							"children": [58, 59]
						},
						{
							"name": "macaronbottom6",
							"origin": [0, 0, 0],
							"color": 6,
							"children": [60, 61]
						}
					]
				},
				{
					"name": "macaron",
					"origin": [0, 0, 0],
					"color": 7,
					"children": [
						62,
						{
							"name": "macarontop",
							"origin": [0, 1.5, 0],
							"color": 8,
							"children": [63, 64]
						},
						{
							"name": "macaronbottom",
							"origin": [0, 0, 0],
							"color": 9,
							"children": [65, 66]
						}
					]
				}
			]
		}
	]
}