{
	"credit": "Made with Blockbench",
	"textures": {
		"1": "block/jar1",
		"2": "block/Hananacraft archive/stripped_oak_log_a",
		"3": "block/Hananacraft archive/basket_orange_side",
		"4": "block/crockery1",
		"5": "block/Hananacraft archive/wood2",
		"particle": "block/jar1"
	},
	"elements": [
		{
			"from": [7.00867, 1, 6.93678],
			"to": [14.00867, 6, 13.93678],
			"rotation": {"angle": 0, "axis": "y", "origin": [11.03594, 7.70225, 10.72273]},
			"faces": {
				"north": {"uv": [0.06, 8.06, 6.94, 12.94], "texture": "#1"},
				"east": {"uv": [0.06, 8.06, 6.94, 12.94], "texture": "#1"},
				"south": {"uv": [0.06, 8.06, 6.94, 12.94], "texture": "#1"},
				"west": {"uv": [0.06, 8.06, 6.94, 12.94], "texture": "#1"},
				"up": {"uv": [0.06, 0.06, 6.94, 6.94], "rotation": 90, "texture": "#1"},
				"down": {"uv": [0.06, 0.06, 6.94, 6.94], "rotation": 270, "texture": "#1"}
			}
		},
		{
			"from": [8.00867, 0, 7.93678],
			"to": [13.00867, 6.5, 12.93678],
			"rotation": {"angle": 0, "axis": "y", "origin": [11.03594, 7.70225, 10.72273]},
			"faces": {
				"north": {"uv": [11.06, 15.06, 15.94, 15.94], "texture": "#1"},
				"east": {"uv": [11.06, 15.06, 15.94, 15.94], "texture": "#1"},
				"south": {"uv": [11.06, 15.06, 15.94, 15.94], "texture": "#1"},
				"west": {"uv": [11.06, 15.06, 15.94, 15.94], "texture": "#1"},
				"up": {"uv": [11.06, 10.06, 15.94, 14.94], "rotation": 90, "texture": "#1"},
				"down": {"uv": [1.06, 1.06, 5.94, 5.94], "rotation": 270, "texture": "#1"}
			}
		},
		{
			"from": [7.50867, 6.5, 8.43678],
			"to": [8.50867, 7.5, 12.43678],
			"rotation": {"angle": 0, "axis": "y", "origin": [11.03594, 7.70225, 10.72273]},
			"faces": {
				"north": {"uv": [10.06, 6.06, 15.94, 6.94], "texture": "#1"},
				"east": {"uv": [11.06, 6.06, 14.94, 6.94], "texture": "#1"},
				"south": {"uv": [10.06, 6.06, 15.94, 6.94], "texture": "#1"},
				"west": {"uv": [11.06, 6.06, 14.94, 6.94], "texture": "#1"},
				"up": {"uv": [11.06, 0.06, 14.94, 0.94], "rotation": 90, "texture": "#1"},
				"down": {"uv": [11.06, 0.06, 14.94, 0.94], "rotation": 270, "texture": "#1"}
			}
		},
		{
			"from": [12.50867, 6.5, 8.43678],
			"to": [13.50867, 7.5, 12.43678],
			"rotation": {"angle": 0, "axis": "y", "origin": [11.03594, 7.70225, 10.72273]},
			"faces": {
				"north": {"uv": [10.06, 6.06, 15.94, 6.94], "texture": "#1"},
				"east": {"uv": [11.06, 6.06, 14.94, 6.94], "texture": "#1"},
				"south": {"uv": [10.06, 6.06, 15.94, 6.94], "texture": "#1"},
				"west": {"uv": [11.06, 6.06, 14.94, 6.94], "texture": "#1"},
				"up": {"uv": [11.06, 0.06, 14.94, 0.94], "rotation": 90, "texture": "#1"},
				"down": {"uv": [11.06, 0.06, 14.94, 0.94], "rotation": 270, "texture": "#1"}
			}
		},
		{
			"from": [7.50867, 6.5, 7.43678],
			"to": [13.50867, 7.5, 8.43678],
			"rotation": {"angle": 0, "axis": "y", "origin": [11.03594, 7.70225, 10.72273]},
			"faces": {
				"north": {"uv": [10.06, 6.06, 15.94, 6.94], "texture": "#1"},
				"east": {"uv": [10.06, 6.06, 10.94, 6.94], "texture": "#1"},
				"south": {"uv": [10.06, 6.06, 15.94, 6.94], "texture": "#1"},
				"west": {"uv": [10.06, 6.06, 10.94, 6.94], "texture": "#1"},
				"up": {"uv": [10.06, 0.06, 10.94, 5.94], "rotation": 90, "texture": "#1"},
				"down": {"uv": [10.06, 0.06, 10.94, 5.94], "rotation": 270, "texture": "#1"}
			}
		},
		{
			"from": [7.50867, 6.5, 12.43678],
			"to": [13.50867, 7.5, 13.43678],
			"rotation": {"angle": 0, "axis": "y", "origin": [11.03594, 7.70225, 10.72273]},
			"faces": {
				"north": {"uv": [10.06, 6.06, 15.94, 6.94], "texture": "#1"},
				"east": {"uv": [10.06, 6.06, 10.94, 6.94], "texture": "#1"},
				"south": {"uv": [10.06, 6.06, 15.94, 6.94], "texture": "#1"},
				"west": {"uv": [10.06, 6.06, 10.94, 6.94], "texture": "#1"},
				"up": {"uv": [10.06, 0.06, 10.94, 5.94], "rotation": 90, "texture": "#1"},
				"down": {"uv": [10.06, 0.06, 10.94, 5.94], "rotation": 270, "texture": "#1"}
			}
		},
		{
			"from": [11.50867, 4.98414, 8.57061],
			"to": [12.50867, 9.98414, 9.57061],
			"rotation": {"angle": -22.5, "axis": "x", "origin": [11.03594, 7.70225, 10.72273]},
			"faces": {
				"north": {"uv": [4.06, 3.06, 4.94, 7.94], "texture": "#3"},
				"east": {"uv": [4.06, 3.06, 4.94, 7.94], "texture": "#3"},
				"south": {"uv": [4.06, 3.06, 4.94, 7.94], "texture": "#3"},
				"west": {"uv": [4.06, 3.06, 4.94, 7.94], "texture": "#3"},
				"up": {"uv": [4.06, 3.06, 4.94, 3.94], "rotation": 90, "texture": "#3"},
				"down": {"uv": [4.06, 3.06, 4.94, 3.94], "rotation": 270, "texture": "#3"}
			}
		},
		{
			"from": [11.09, 3.0798, 9.81946],
			"to": [12.09, 8.0798, 10.81946],
			"rotation": {"angle": 22.5, "axis": "z", "origin": [11.03594, 7.70225, 10.72273]},
			"faces": {
				"north": {"uv": [13.06, 3.06, 13.94, 7.94], "texture": "#3"},
				"east": {"uv": [13.06, 3.06, 13.94, 7.94], "texture": "#3"},
				"south": {"uv": [13.06, 3.06, 13.94, 7.94], "texture": "#3"},
				"west": {"uv": [13.06, 3.06, 13.94, 7.94], "texture": "#3"},
				"up": {"uv": [13.06, 3.06, 13.94, 3.94], "rotation": 90, "texture": "#3"},
				"down": {"uv": [13.06, 3.06, 13.94, 3.94], "rotation": 270, "texture": "#3"}
			}
		},
		{
			"from": [8.05, 2.55, 10.25],
			"to": [10.05, 10.55, 12.25],
			"rotation": {"angle": 22.5, "axis": "z", "origin": [4.75, 8, 11.25]},
			"faces": {
				"north": {"uv": [4.06, 4.06, 5.94, 11.94], "texture": "#2"},
				"east": {"uv": [0.06, 0.06, 1.94, 7.94], "texture": "#2"},
				"south": {"uv": [7.06, 6.06, 8.94, 13.94], "texture": "#2"},
				"west": {"uv": [8.06, 2.06, 9.94, 9.94], "texture": "#2"},
				"up": {"uv": [0.06, 0.06, 1.94, 1.94], "texture": "#2"},
				"down": {"uv": [0.06, 0.06, 1.94, 1.94], "texture": "#2"}
			}
		},
		{
			"from": [8.55, 0.55, 10.75],
			"to": [9.55, 2.55, 11.75],
			"rotation": {"angle": 22.5, "axis": "z", "origin": [4.75, 8, 11.25]},
			"faces": {
				"north": {"uv": [4.06, 4.06, 4.94, 5.94], "texture": "#2"},
				"east": {"uv": [4.06, 4.06, 4.94, 5.94], "texture": "#2"},
				"south": {"uv": [4.06, 4.06, 4.94, 5.94], "texture": "#2"},
				"west": {"uv": [4.06, 4.06, 4.94, 5.94], "texture": "#2"},
				"up": {"uv": [4.06, 4.06, 4.94, 4.94], "texture": "#2"},
				"down": {"uv": [4.06, 4.06, 4.94, 4.94], "texture": "#2"}
			}
		},
		{
			"from": [8.55, 10.55, 10.75],
			"to": [9.55, 12.55, 11.75],
			"rotation": {"angle": 22.5, "axis": "z", "origin": [4.75, 8, 11.25]},
			"faces": {
				"north": {"uv": [4.06, 4.06, 4.94, 5.94], "texture": "#2"},
				"east": {"uv": [4.06, 4.06, 4.94, 5.94], "texture": "#2"},
				"south": {"uv": [4.06, 4.06, 4.94, 5.94], "texture": "#2"},
				"west": {"uv": [4.06, 4.06, 4.94, 5.94], "texture": "#2"},
				"up": {"uv": [4.06, 4.06, 4.94, 4.94], "texture": "#2"},
				"down": {"uv": [4.06, 4.06, 4.94, 4.94], "texture": "#2"}
			}
		},
		{
			"from": [11.5, 3.52817, 11.52817],
			"to": [12.5, 8.52817, 12.27817],
			"rotation": {"angle": 22.5, "axis": "x", "origin": [11.25, 8.02817, 12.52817]},
			"faces": {
				"north": {"uv": [1.06, 5.06, 1.94, 9.94], "rotation": 180, "texture": "#2"},
				"east": {"uv": [0.06, 0.06, 4.94, 0.75], "rotation": 90, "texture": "#2"},
				"south": {"uv": [0.06, 0.06, 0.94, 4.94], "texture": "#2"},
				"west": {"uv": [0.06, 0.06, 4.94, 0.75], "rotation": 270, "texture": "#2"},
				"up": {"uv": [0.06, 0.06, 0.94, 0.75], "texture": "#2"},
				"down": {"uv": [0.06, 0.06, 0.94, 0.75], "rotation": 180, "texture": "#2"}
			}
		},
		{
			"from": [10.5, 8.52817, 12.02817],
			"to": [13.5, 11.52817, 12.27817],
			"rotation": {"angle": 22.5, "axis": "x", "origin": [11.25, 8.02817, 12.52817]},
			"faces": {
				"north": {"uv": [6.06, 2.06, 8.94, 4.94], "rotation": 180, "texture": "#2"},
				"east": {"uv": [0.06, 0.06, 2.94, 0.25], "rotation": 90, "texture": "#2"},
				"south": {"uv": [0.06, 0.06, 2.94, 2.94], "texture": "#2"},
				"west": {"uv": [0.06, 0.06, 2.94, 0.25], "rotation": 270, "texture": "#2"},
				"up": {"uv": [0.06, 0.06, 2.94, 0.25], "texture": "#2"},
				"down": {"uv": [0.06, 0.06, 2.94, 0.25], "rotation": 180, "texture": "#2"}
			}
		},
		{
			"from": [10.75, 3.73855, 8.97056],
			"to": [11.5, 8.73855, 9.97056],
			"rotation": {"angle": 22.5, "axis": "z", "origin": [12, 7.98855, 11.97056]},
			"faces": {
				"north": {"uv": [0.06, 0.06, 4.94, 0.75], "rotation": 270, "texture": "#2"},
				"east": {"uv": [1.06, 5.06, 1.94, 9.94], "rotation": 180, "texture": "#2"},
				"south": {"uv": [0.06, 0.06, 4.94, 0.75], "rotation": 90, "texture": "#2"},
				"west": {"uv": [0.06, 0.06, 0.94, 4.94], "texture": "#2"},
				"up": {"uv": [0.06, 0.06, 0.94, 0.75], "rotation": 90, "texture": "#2"},
				"down": {"uv": [0.06, 0.06, 0.94, 0.75], "rotation": 90, "texture": "#2"}
			}
		},
		{
			"from": [10.75, 8.73855, 7.97056],
			"to": [11, 11.73855, 10.97056],
			"rotation": {"angle": 22.5, "axis": "z", "origin": [12, 7.98855, 11.97056]},
			"faces": {
				"north": {"uv": [0.06, 0.06, 2.94, 0.25], "rotation": 270, "texture": "#2"},
				"east": {"uv": [6.06, 2.06, 8.94, 4.94], "rotation": 180, "texture": "#2"},
				"south": {"uv": [0.06, 0.06, 2.94, 0.25], "rotation": 90, "texture": "#2"},
				"west": {"uv": [0.06, 0.06, 2.94, 2.94], "texture": "#2"},
				"up": {"uv": [0.06, 0.06, 2.94, 0.25], "rotation": 90, "texture": "#2"},
				"down": {"uv": [0.06, 0.06, 2.94, 0.25], "rotation": 90, "texture": "#2"}
			}
		},
		{
			"name": "stuff",
			"from": [7.96667, 7.64457, 9.11941],
			"to": [8.96667, 11.64457, 9.36941],
			"rotation": {"angle": -45, "axis": "y", "origin": [8.63333, 8.76124, 9.70274]},
			"faces": {
				"north": {"uv": [7.735, 9.485, 7.515, 8.515], "texture": "#4"},
				"east": {"uv": [8.735, 9.6875, 7.765, 9.515], "rotation": 90, "texture": "#4"},
				"south": {"uv": [7.735, 9.485, 7.515, 8.515], "rotation": 180, "texture": "#4"},
				"west": {"uv": [8.735, 9.6875, 7.765, 9.515], "rotation": 270, "texture": "#4"},
				"up": {"uv": [7.735, 8.6875, 7.515, 8.515], "texture": "#4"},
				"down": {"uv": [7.735, 8.6875, 7.515, 8.515], "rotation": 180, "texture": "#4"}
			}
		},
		{
			"name": "stuff",
			"from": [7.96667, 3.64457, 8.86941],
			"to": [8.96667, 7.64457, 9.36941],
			"rotation": {"angle": -45, "axis": "y", "origin": [8.63333, 8.76124, 9.70274]},
			"faces": {
				"north": {"uv": [7.735, 9.485, 7.515, 8.515], "texture": "#5"},
				"east": {"uv": [8.735, 9.6875, 7.765, 9.515], "rotation": 90, "texture": "#5"},
				"south": {"uv": [7.735, 9.485, 7.515, 8.515], "rotation": 180, "texture": "#5"},
				"west": {"uv": [7.735, 9.485, 7.515, 8.515], "rotation": 270, "texture": "#5"},
				"up": {"uv": [8.985, 2.9875, 8.515, 2.765], "texture": "#5"},
				"down": {"uv": [7.735, 9.485, 7.515, 8.515], "rotation": 180, "texture": "#5"}
			}
		}
	],
	"display": {
		"thirdperson_righthand": {
			"rotation": [70, 0, 0],
			"translation": [-4, 7.25, 3]
		},
		"firstperson_righthand": {
			"translation": [-1.25, 0.75, 0]
		},
		"ground": {
			"translation": [0, 4, 0]
		},
		"gui": {
			"rotation": [24, 24, 0],
			"translation": [-3.5, 2, 0]
		},
		"fixed": {
			"rotation": [-90, 0, 0],
			"translation": [0, 0, -15],
			"scale": [2, 2, 2]
		}
	},
	"groups": [
		{
			"name": "group",
			"origin": [0, 0, 0],
			"color": 0,
			"children": [
				0,
				1,
				2,
				3,
				4,
				5,
				{
					"name": "stuff",
					"origin": [2.4, 0, -2],
					"color": 1,
					"children": [
						{
							"name": "random",
							"origin": [7.88268, 8.28323, 10.37868],
							"color": 0,
							"children": [6, 7]
						},
						{
							"name": "rollingpin",
							"origin": [4, 4, 11],
							"color": 0,
							"children": [8, 9, 10]
						},
						{
							"name": "spoon",
							"origin": [0, 0, 0],
							"color": 0,
							"children": [11, 12]
						},
						{
							"name": "spoon",
							"origin": [0, 0, 0],
							"color": 0,
							"children": [13, 14]
						},
						{
							"name": "knife",
							"origin": [8, 0, 8],
							"color": 0,
							"children": [15, 16]
						}
					]
				}
			]
		}
	]
}