{
	"credit": "Made with Blockbench",
	"textures": {
		"1": "block/jar1a",
		"2": "block/Hananacraft archive/stripped_oak_log_a",
		"3": "block/Hananacraft archive/basket_orange_side",
		"4": "block/crockery1",
		"5": "block/Hananacraft archive/wood2",
		"particle": "block/jar1a"
	},
	"elements": [
		{
			"from": [0.50867, 1, 7.93678],
			"to": [7.50867, 6, 14.93678],
			"rotation": {"angle": 0, "axis": "y", "origin": [4.53594, 7.70225, 11.72273]},
			"faces": {
				"north": {"uv": [0.06, 8.06, 6.94, 12.94], "texture": "#1"},
				"east": {"uv": [0.06, 8.06, 6.94, 12.94], "texture": "#1"},
				"south": {"uv": [0.06, 8.06, 6.94, 12.94], "texture": "#1"},
				"west": {"uv": [0.06, 8.06, 6.94, 12.94], "texture": "#1"},
				"up": {"uv": [0.06, 0.06, 6.94, 6.94], "rotation": 90, "texture": "#1"},
				"down": {"uv": [0.06, 0.06, 6.94, 6.94], "rotation": 270, "texture": "#1"}
			}
		},
		{
			"from": [1.50867, 0, 8.93678],
			"to": [6.50867, 6.5, 13.93678],
			"rotation": {"angle": 0, "axis": "y", "origin": [4.53594, 7.70225, 11.72273]},
			"faces": {
				"north": {"uv": [11.06, 15.06, 15.94, 15.94], "texture": "#1"},
				"east": {"uv": [11.06, 15.06, 15.94, 15.94], "texture": "#1"},
				"south": {"uv": [11.06, 15.06, 15.94, 15.94], "texture": "#1"},
				"west": {"uv": [11.06, 15.06, 15.94, 15.94], "texture": "#1"},
				"up": {"uv": [11.06, 10.06, 15.94, 14.94], "rotation": 90, "texture": "#1"},
				"down": {"uv": [1.06, 1.06, 5.94, 5.94], "rotation": 270, "texture": "#1"}
			}
		},
		{
			"from": [1.00867, 6.5, 9.43678],
			"to": [2.00867, 7.5, 13.43678],
			"rotation": {"angle": 0, "axis": "y", "origin": [4.53594, 7.70225, 11.72273]},
			"faces": {
				"north": {"uv": [10.06, 6.06, 15.94, 6.94], "texture": "#1"},
				"east": {"uv": [11.06, 6.06, 14.94, 6.94], "texture": "#1"},
				"south": {"uv": [10.06, 6.06, 15.94, 6.94], "texture": "#1"},
				"west": {"uv": [11.06, 6.06, 14.94, 6.94], "texture": "#1"},
				"up": {"uv": [11.06, 0.06, 14.94, 0.94], "rotation": 90, "texture": "#1"},
				"down": {"uv": [11.06, 0.06, 14.94, 0.94], "rotation": 270, "texture": "#1"}
			}
		},
		{
			"from": [6.00867, 6.5, 9.43678],
			"to": [7.00867, 7.5, 13.43678],
			"rotation": {"angle": 0, "axis": "y", "origin": [4.53594, 7.70225, 11.72273]},
			"faces": {
				"north": {"uv": [10.06, 6.06, 15.94, 6.94], "texture": "#1"},
				"east": {"uv": [11.06, 6.06, 14.94, 6.94], "texture": "#1"},
				"south": {"uv": [10.06, 6.06, 15.94, 6.94], "texture": "#1"},
				"west": {"uv": [11.06, 6.06, 14.94, 6.94], "texture": "#1"},
				"up": {"uv": [11.06, 0.06, 14.94, 0.94], "rotation": 90, "texture": "#1"},
				"down": {"uv": [11.06, 0.06, 14.94, 0.94], "rotation": 270, "texture": "#1"}
			}
		},
		{
			"from": [1.00867, 6.5, 8.43678],
			"to": [7.00867, 7.5, 9.43678],
			"rotation": {"angle": 0, "axis": "y", "origin": [4.53594, 7.70225, 11.72273]},
			"faces": {
				"north": {"uv": [10.06, 6.06, 15.94, 6.94], "texture": "#1"},
				"east": {"uv": [10.06, 6.06, 10.94, 6.94], "texture": "#1"},
				"south": {"uv": [10.06, 6.06, 15.94, 6.94], "texture": "#1"},
				"west": {"uv": [10.06, 6.06, 10.94, 6.94], "texture": "#1"},
				"up": {"uv": [10.06, 0.06, 10.94, 5.94], "rotation": 90, "texture": "#1"},
				"down": {"uv": [10.06, 0.06, 10.94, 5.94], "rotation": 270, "texture": "#1"}
			}
		},
		{
			"from": [1.00867, 6.5, 13.43678],
			"to": [7.00867, 7.5, 14.43678],
			"rotation": {"angle": 0, "axis": "y", "origin": [4.53594, 7.70225, 11.72273]},
			"faces": {
				"north": {"uv": [10.06, 6.06, 15.94, 6.94], "texture": "#1"},
				"east": {"uv": [10.06, 6.06, 10.94, 6.94], "texture": "#1"},
				"south": {"uv": [10.06, 6.06, 15.94, 6.94], "texture": "#1"},
				"west": {"uv": [10.06, 6.06, 10.94, 6.94], "texture": "#1"},
				"up": {"uv": [10.06, 0.06, 10.94, 5.94], "rotation": 90, "texture": "#1"},
				"down": {"uv": [10.06, 0.06, 10.94, 5.94], "rotation": 270, "texture": "#1"}
			}
		},
		{
			"from": [5.00867, 4.98414, 9.57061],
			"to": [6.00867, 9.98414, 10.57061],
			"rotation": {"angle": -22.5, "axis": "x", "origin": [4.53594, 7.70225, 11.72273]},
			"faces": {
				"north": {"uv": [4.06, 3.06, 4.94, 7.94], "texture": "#3"},
				"east": {"uv": [4.06, 3.06, 4.94, 7.94], "texture": "#3"},
				"south": {"uv": [4.06, 3.06, 4.94, 7.94], "texture": "#3"},
				"west": {"uv": [4.06, 3.06, 4.94, 7.94], "texture": "#3"},
				"up": {"uv": [4.06, 3.06, 4.94, 3.94], "rotation": 90, "texture": "#3"},
				"down": {"uv": [4.06, 3.06, 4.94, 3.94], "rotation": 270, "texture": "#3"}
			}
		},
		{
			"from": [4.59, 3.0798, 10.81946],
			"to": [5.59, 8.0798, 11.81946],
			"rotation": {"angle": 22.5, "axis": "z", "origin": [4.53594, 7.70225, 11.72273]},
			"faces": {
				"north": {"uv": [13.06, 3.06, 13.94, 7.94], "texture": "#3"},
				"east": {"uv": [13.06, 3.06, 13.94, 7.94], "texture": "#3"},
				"south": {"uv": [13.06, 3.06, 13.94, 7.94], "texture": "#3"},
				"west": {"uv": [13.06, 3.06, 13.94, 7.94], "texture": "#3"},
				"up": {"uv": [13.06, 3.06, 13.94, 3.94], "rotation": 90, "texture": "#3"},
				"down": {"uv": [13.06, 3.06, 13.94, 3.94], "rotation": 270, "texture": "#3"}
			}
		},
		{
			"from": [1.55, 2.55, 11.25],
			"to": [3.55, 10.55, 13.25],
			"rotation": {"angle": 22.5, "axis": "z", "origin": [-1.75, 8, 12.25]},
			"faces": {
				"north": {"uv": [4.06, 4.06, 5.94, 11.94], "texture": "#2"},
				"east": {"uv": [0.06, 0.06, 1.94, 7.94], "texture": "#2"},
				"south": {"uv": [7.06, 6.06, 8.94, 13.94], "texture": "#2"},
				"west": {"uv": [8.06, 2.06, 9.94, 9.94], "texture": "#2"},
				"up": {"uv": [0.06, 0.06, 1.94, 1.94], "texture": "#2"},
				"down": {"uv": [0.06, 0.06, 1.94, 1.94], "texture": "#2"}
			}
		},
		{
			"from": [2.05, 0.55, 11.75],
			"to": [3.05, 2.55, 12.75],
			"rotation": {"angle": 22.5, "axis": "z", "origin": [-1.75, 8, 12.25]},
			"faces": {
				"north": {"uv": [4.06, 4.06, 4.94, 5.94], "texture": "#2"},
				"east": {"uv": [4.06, 4.06, 4.94, 5.94], "texture": "#2"},
				"south": {"uv": [4.06, 4.06, 4.94, 5.94], "texture": "#2"},
				"west": {"uv": [4.06, 4.06, 4.94, 5.94], "texture": "#2"},
				"up": {"uv": [4.06, 4.06, 4.94, 4.94], "texture": "#2"},
				"down": {"uv": [4.06, 4.06, 4.94, 4.94], "texture": "#2"}
			}
		},
		{
			"from": [2.05, 10.55, 11.75],
			"to": [3.05, 12.55, 12.75],
			"rotation": {"angle": 22.5, "axis": "z", "origin": [-1.75, 8, 12.25]},
			"faces": {
				"north": {"uv": [4.06, 4.06, 4.94, 5.94], "texture": "#2"},
				"east": {"uv": [4.06, 4.06, 4.94, 5.94], "texture": "#2"},
				"south": {"uv": [4.06, 4.06, 4.94, 5.94], "texture": "#2"},
				"west": {"uv": [4.06, 4.06, 4.94, 5.94], "texture": "#2"},
				"up": {"uv": [4.06, 4.06, 4.94, 4.94], "texture": "#2"},
				"down": {"uv": [4.06, 4.06, 4.94, 4.94], "texture": "#2"}
			}
		},
		{
			"from": [5, 3.52817, 12.52817],
			"to": [6, 8.52817, 13.27817],
			"rotation": {"angle": 22.5, "axis": "x", "origin": [4.75, 8.02817, 13.52817]},
			"faces": {
				"north": {"uv": [1.06, 5.06, 1.94, 9.94], "rotation": 180, "texture": "#2"},
				"east": {"uv": [0.06, 0.06, 4.94, 0.75], "rotation": 90, "texture": "#2"},
				"south": {"uv": [0.06, 0.06, 0.94, 4.94], "texture": "#2"},
				"west": {"uv": [0.06, 0.06, 4.94, 0.75], "rotation": 270, "texture": "#2"},
				"up": {"uv": [0.06, 0.06, 0.94, 0.75], "texture": "#2"},
				"down": {"uv": [0.06, 0.06, 0.94, 0.75], "rotation": 180, "texture": "#2"}
			}
		},
		{
			"from": [4, 8.52817, 13.02817],
			"to": [7, 11.52817, 13.27817],
			"rotation": {"angle": 22.5, "axis": "x", "origin": [4.75, 8.02817, 13.52817]},
			"faces": {
				"north": {"uv": [6.06, 2.06, 8.94, 4.94], "rotation": 180, "texture": "#2"},
				"east": {"uv": [0.06, 0.06, 2.94, 0.25], "rotation": 90, "texture": "#2"},
				"south": {"uv": [0.06, 0.06, 2.94, 2.94], "texture": "#2"},
				"west": {"uv": [0.06, 0.06, 2.94, 0.25], "rotation": 270, "texture": "#2"},
				"up": {"uv": [0.06, 0.06, 2.94, 0.25], "texture": "#2"},
				"down": {"uv": [0.06, 0.06, 2.94, 0.25], "rotation": 180, "texture": "#2"}
			}
		},
		{
			"from": [4.25, 3.73855, 9.97056],
			"to": [5, 8.73855, 10.97056],
			"rotation": {"angle": 22.5, "axis": "z", "origin": [5.5, 7.98855, 12.97056]},
			"faces": {
				"north": {"uv": [0.06, 0.06, 4.94, 0.75], "rotation": 270, "texture": "#2"},
				"east": {"uv": [1.06, 5.06, 1.94, 9.94], "rotation": 180, "texture": "#2"},
				"south": {"uv": [0.06, 0.06, 4.94, 0.75], "rotation": 90, "texture": "#2"},
				"west": {"uv": [0.06, 0.06, 0.94, 4.94], "texture": "#2"},
				"up": {"uv": [0.06, 0.06, 0.94, 0.75], "rotation": 90, "texture": "#2"},
				"down": {"uv": [0.06, 0.06, 0.94, 0.75], "rotation": 90, "texture": "#2"}
			}
		},
		{
			"from": [4.25, 8.73855, 8.97056],
			"to": [4.5, 11.73855, 11.97056],
			"rotation": {"angle": 22.5, "axis": "z", "origin": [5.5, 7.98855, 12.97056]},
			"faces": {
				"north": {"uv": [0.06, 0.06, 2.94, 0.25], "rotation": 270, "texture": "#2"},
				"east": {"uv": [6.06, 2.06, 8.94, 4.94], "rotation": 180, "texture": "#2"},
				"south": {"uv": [0.06, 0.06, 2.94, 0.25], "rotation": 90, "texture": "#2"},
				"west": {"uv": [0.06, 0.06, 2.94, 2.94], "texture": "#2"},
				"up": {"uv": [0.06, 0.06, 2.94, 0.25], "rotation": 90, "texture": "#2"},
				"down": {"uv": [0.06, 0.06, 2.94, 0.25], "rotation": 90, "texture": "#2"}
			}
		},
		{
			"name": "stuff",
			"from": [1.46667, 7.64457, 10.11941],
			"to": [2.46667, 11.64457, 10.36941],
			"rotation": {"angle": -45, "axis": "y", "origin": [2.13333, 8.76124, 10.70274]},
			"faces": {
				"north": {"uv": [7.735, 9.485, 7.515, 8.515], "texture": "#4"},
				"east": {"uv": [8.735, 9.6875, 7.765, 9.515], "rotation": 90, "texture": "#4"},
				"south": {"uv": [7.735, 9.485, 7.515, 8.515], "rotation": 180, "texture": "#4"},
				"west": {"uv": [8.735, 9.6875, 7.765, 9.515], "rotation": 270, "texture": "#4"},
				"up": {"uv": [7.735, 8.6875, 7.515, 8.515], "texture": "#4"},
				"down": {"uv": [7.735, 8.6875, 7.515, 8.515], "rotation": 180, "texture": "#4"}
			}
		},
		{
			"name": "stuff",
			"from": [1.46667, 3.64457, 9.86941],
			"to": [2.46667, 7.64457, 10.36941],
			"rotation": {"angle": -45, "axis": "y", "origin": [2.13333, 8.76124, 10.70274]},
			"faces": {
				"north": {"uv": [7.735, 9.485, 7.515, 8.515], "texture": "#5"},
				"east": {"uv": [8.735, 9.6875, 7.765, 9.515], "rotation": 90, "texture": "#5"},
				"south": {"uv": [7.735, 9.485, 7.515, 8.515], "rotation": 180, "texture": "#5"},
				"west": {"uv": [7.735, 9.485, 7.515, 8.515], "rotation": 270, "texture": "#5"},
				"up": {"uv": [8.985, 2.9875, 8.515, 2.765], "texture": "#5"},
				"down": {"uv": [7.735, 9.485, 7.515, 8.515], "rotation": 180, "texture": "#5"}
			}
		},
		{
			"from": [8.50867, 1, 5.93678],
			"to": [15.50867, 6, 12.93678],
			"rotation": {"angle": 0, "axis": "y", "origin": [12.53594, 7.70225, 9.72273]},
			"faces": {
				"north": {"uv": [0.06, 8.06, 6.94, 12.94], "texture": "#1"},
				"east": {"uv": [0.06, 8.06, 6.94, 12.94], "texture": "#1"},
				"south": {"uv": [0.06, 8.06, 6.94, 12.94], "texture": "#1"},
				"west": {"uv": [0.06, 8.06, 6.94, 12.94], "texture": "#1"},
				"up": {"uv": [0.06, 0.06, 6.94, 6.94], "rotation": 90, "texture": "#1"},
				"down": {"uv": [0.06, 0.06, 6.94, 6.94], "rotation": 270, "texture": "#1"}
			}
		},
		{
			"from": [9.50867, 0, 6.93678],
			"to": [14.50867, 6.5, 11.93678],
			"rotation": {"angle": 0, "axis": "y", "origin": [12.53594, 7.70225, 9.72273]},
			"faces": {
				"north": {"uv": [11.06, 15.06, 15.94, 15.94], "texture": "#1"},
				"east": {"uv": [11.06, 15.06, 15.94, 15.94], "texture": "#1"},
				"south": {"uv": [11.06, 15.06, 15.94, 15.94], "texture": "#1"},
				"west": {"uv": [11.06, 15.06, 15.94, 15.94], "texture": "#1"},
				"up": {"uv": [11.06, 10.06, 15.94, 14.94], "rotation": 90, "texture": "#1"},
				"down": {"uv": [1.06, 1.06, 5.94, 5.94], "rotation": 270, "texture": "#1"}
			}
		},
		{
			"from": [9.00867, 6.5, 7.43678],
			"to": [10.00867, 7.5, 11.43678],
			"rotation": {"angle": 0, "axis": "y", "origin": [12.53594, 7.70225, 9.72273]},
			"faces": {
				"north": {"uv": [10.06, 6.06, 15.94, 6.94], "texture": "#1"},
				"east": {"uv": [11.06, 6.06, 14.94, 6.94], "texture": "#1"},
				"south": {"uv": [10.06, 6.06, 15.94, 6.94], "texture": "#1"},
				"west": {"uv": [11.06, 6.06, 14.94, 6.94], "texture": "#1"},
				"up": {"uv": [11.06, 0.06, 14.94, 0.94], "rotation": 90, "texture": "#1"},
				"down": {"uv": [11.06, 0.06, 14.94, 0.94], "rotation": 270, "texture": "#1"}
			}
		},
		{
			"from": [14.00867, 6.5, 7.43678],
			"to": [15.00867, 7.5, 11.43678],
			"rotation": {"angle": 0, "axis": "y", "origin": [12.53594, 7.70225, 9.72273]},
			"faces": {
				"north": {"uv": [10.06, 6.06, 15.94, 6.94], "texture": "#1"},
				"east": {"uv": [11.06, 6.06, 14.94, 6.94], "texture": "#1"},
				"south": {"uv": [10.06, 6.06, 15.94, 6.94], "texture": "#1"},
				"west": {"uv": [11.06, 6.06, 14.94, 6.94], "texture": "#1"},
				"up": {"uv": [11.06, 0.06, 14.94, 0.94], "rotation": 90, "texture": "#1"},
				"down": {"uv": [11.06, 0.06, 14.94, 0.94], "rotation": 270, "texture": "#1"}
			}
		},
		{
			"from": [9.00867, 6.5, 6.43678],
			"to": [15.00867, 7.5, 7.43678],
			"rotation": {"angle": 0, "axis": "y", "origin": [12.53594, 7.70225, 9.72273]},
			"faces": {
				"north": {"uv": [10.06, 6.06, 15.94, 6.94], "texture": "#1"},
				"east": {"uv": [10.06, 6.06, 10.94, 6.94], "texture": "#1"},
				"south": {"uv": [10.06, 6.06, 15.94, 6.94], "texture": "#1"},
				"west": {"uv": [10.06, 6.06, 10.94, 6.94], "texture": "#1"},
				"up": {"uv": [10.06, 0.06, 10.94, 5.94], "rotation": 90, "texture": "#1"},
				"down": {"uv": [10.06, 0.06, 10.94, 5.94], "rotation": 270, "texture": "#1"}
			}
		},
		{
			"from": [9.00867, 6.5, 11.43678],
			"to": [15.00867, 7.5, 12.43678],
			"rotation": {"angle": 0, "axis": "y", "origin": [12.53594, 7.70225, 9.72273]},
			"faces": {
				"north": {"uv": [10.06, 6.06, 15.94, 6.94], "texture": "#1"},
				"east": {"uv": [10.06, 6.06, 10.94, 6.94], "texture": "#1"},
				"south": {"uv": [10.06, 6.06, 15.94, 6.94], "texture": "#1"},
				"west": {"uv": [10.06, 6.06, 10.94, 6.94], "texture": "#1"},
				"up": {"uv": [10.06, 0.06, 10.94, 5.94], "rotation": 90, "texture": "#1"},
				"down": {"uv": [10.06, 0.06, 10.94, 5.94], "rotation": 270, "texture": "#1"}
			}
		},
		{
			"name": "stuff",
			"from": [13.677, 9.10434, 9.68678],
			"to": [13.927, 11.10434, 11.68678],
			"rotation": {"angle": -22.5, "axis": "z", "origin": [12.53594, 7.45225, 9.72273]},
			"faces": {
				"north": {"uv": [8.985, 2.875, 8.515, 2.765], "rotation": 90, "texture": "#4"},
				"east": {"uv": [8.985, 3.235, 8.515, 2.765], "rotation": 180, "texture": "#4"},
				"south": {"uv": [8.985, 2.875, 8.515, 2.765], "rotation": 270, "texture": "#4"},
				"west": {"uv": [8.985, 3.235, 8.515, 2.765], "texture": "#4"},
				"up": {"uv": [8.985, 2.875, 8.515, 2.765], "rotation": 270, "texture": "#4"},
				"down": {"uv": [8.985, 2.875, 8.515, 2.765], "rotation": 270, "texture": "#4"}
			}
		},
		{
			"name": "stuff",
			"from": [13.177, 5.10434, 10.18678],
			"to": [13.927, 9.10434, 11.18678],
			"rotation": {"angle": -22.5, "axis": "z", "origin": [12.53594, 7.45225, 9.72273]},
			"faces": {
				"north": {"uv": [7.735, 9.485, 7.515, 8.515], "texture": "#4"},
				"east": {"uv": [7.735, 9.485, 7.515, 8.515], "texture": "#4"},
				"south": {"uv": [7.735, 9.485, 7.515, 8.515], "texture": "#4"},
				"west": {"uv": [7.735, 9.485, 7.515, 8.515], "texture": "#4"},
				"up": {"uv": [7.735, 9.485, 7.515, 8.515], "texture": "#4"},
				"down": {"uv": [7.735, 9.485, 7.515, 8.515], "texture": "#4"}
			}
		},
		{
			"name": "stuff",
			"from": [12.677, 7.85434, 8.68678],
			"to": [12.927, 9.85434, 10.68678],
			"rotation": {"angle": -22.5, "axis": "z", "origin": [12.53594, 7.45225, 9.72273]},
			"faces": {
				"north": {"uv": [8.985, 2.875, 8.515, 2.765], "rotation": 90, "texture": "#4"},
				"east": {"uv": [8.985, 3.235, 8.515, 2.765], "rotation": 180, "texture": "#4"},
				"south": {"uv": [8.985, 2.875, 8.515, 2.765], "rotation": 270, "texture": "#4"},
				"west": {"uv": [8.985, 3.235, 8.515, 2.765], "texture": "#4"},
				"up": {"uv": [8.985, 2.875, 8.515, 2.765], "rotation": 270, "texture": "#4"},
				"down": {"uv": [8.985, 2.875, 8.515, 2.765], "rotation": 270, "texture": "#4"}
			}
		},
		{
			"name": "stuff",
			"from": [12.177, 3.85434, 9.18678],
			"to": [12.927, 7.85434, 10.18678],
			"rotation": {"angle": -22.5, "axis": "z", "origin": [12.53594, 7.45225, 9.72273]},
			"faces": {
				"north": {"uv": [7.735, 9.485, 7.515, 8.515], "texture": "#4"},
				"east": {"uv": [7.735, 9.485, 7.515, 8.515], "texture": "#4"},
				"south": {"uv": [7.735, 9.485, 7.515, 8.515], "texture": "#4"},
				"west": {"uv": [7.735, 9.485, 7.515, 8.515], "texture": "#4"},
				"up": {"uv": [7.735, 9.485, 7.515, 8.515], "texture": "#4"},
				"down": {"uv": [7.735, 9.485, 7.515, 8.515], "texture": "#4"}
			}
		},
		{
			"name": "stuff",
			"from": [13.12009, 5.44433, 7.68678],
			"to": [13.87009, 8.44433, 8.68678],
			"rotation": {"angle": -22.5, "axis": "z", "origin": [12.53594, 7.45225, 9.72273]},
			"faces": {
				"north": {"uv": [7.735, 9.485, 7.515, 8.515], "texture": "#4"},
				"east": {"uv": [7.735, 9.485, 7.515, 8.515], "texture": "#4"},
				"south": {"uv": [7.735, 9.485, 7.515, 8.515], "texture": "#4"},
				"west": {"uv": [7.735, 9.485, 7.515, 8.515], "texture": "#4"},
				"up": {"uv": [7.735, 9.485, 7.515, 8.515], "texture": "#4"},
				"down": {"uv": [7.735, 9.485, 7.515, 8.515], "texture": "#4"}
			}
		},
		{
			"name": "stuff",
			"from": [13.62009, 9.39433, 8.68678],
			"to": [13.87009, 10.39433, 9.18678],
			"rotation": {"angle": -22.5, "axis": "z", "origin": [12.53594, 7.45225, 9.72273]},
			"faces": {
				"north": {"uv": [8.485, 3.485, 8.375, 3.265], "rotation": 90, "texture": "#4"},
				"east": {"uv": [8.485, 3.485, 8.375, 3.265], "rotation": 180, "texture": "#4"},
				"south": {"uv": [7.265, 3.015, 7.265, 2.94], "rotation": 270, "texture": "#4"},
				"west": {"uv": [8.625, 2.985, 8.515, 2.765], "texture": "#4"},
				"up": {"uv": [7.265, 3.015, 7.265, 2.94], "rotation": 270, "texture": "#4"},
				"down": {"uv": [0.515, 0.265, 0.515, 0.265], "rotation": 270, "texture": "#4"}
			}
		},
		{
			"name": "stuff",
			"from": [13.62009, 9.39433, 7.93118],
			"to": [13.87009, 10.39433, 8.43118],
			"rotation": {"angle": -22.5, "axis": "z", "origin": [12.53594, 7.45225, 9.72273]},
			"faces": {
				"north": {"uv": [8.485, 3.485, 8.375, 3.265], "rotation": 90, "texture": "#4"},
				"east": {"uv": [8.485, 3.485, 8.375, 3.265], "rotation": 180, "texture": "#4"},
				"south": {"uv": [7.265, 3.015, 7.265, 2.94], "rotation": 270, "texture": "#4"},
				"west": {"uv": [8.625, 2.985, 8.515, 2.765], "texture": "#4"},
				"up": {"uv": [7.265, 3.015, 7.265, 2.94], "rotation": 270, "texture": "#4"},
				"down": {"uv": [0.515, 0.265, 0.515, 0.265], "rotation": 270, "texture": "#4"}
			}
		},
		{
			"name": "stuff",
			"from": [13.62009, 9.39433, 7.18678],
			"to": [13.87009, 10.39433, 7.68678],
			"rotation": {"angle": -22.5, "axis": "z", "origin": [12.53594, 7.45225, 9.72273]},
			"faces": {
				"north": {"uv": [8.735, 2.875, 8.515, 2.765], "rotation": 90, "texture": "#4"},
				"east": {"uv": [8.485, 3.485, 8.375, 3.265], "rotation": 180, "texture": "#4"},
				"south": {"uv": [7.265, 3.015, 7.265, 2.94], "rotation": 270, "texture": "#4"},
				"west": {"uv": [8.485, 3.485, 8.375, 3.265], "texture": "#4"},
				"up": {"uv": [7.265, 3.015, 7.265, 2.94], "rotation": 270, "texture": "#4"},
				"down": {"uv": [0.515, 0.265, 0.515, 0.265], "rotation": 270, "texture": "#4"}
			}
		},
		{
			"name": "stuff",
			"from": [13.62009, 8.44433, 7.18678],
			"to": [13.87009, 9.39433, 9.18678],
			"rotation": {"angle": -22.5, "axis": "z", "origin": [12.53594, 7.45225, 9.72273]},
			"faces": {
				"north": {"uv": [8.7375, 2.875, 8.515, 2.765], "rotation": 90, "texture": "#4"},
				"east": {"uv": [8.985, 2.9875, 8.515, 2.765], "rotation": 180, "texture": "#4"},
				"south": {"uv": [7.265, 3.015, 7.265, 2.94], "rotation": 270, "texture": "#4"},
				"west": {"uv": [8.985, 2.9875, 8.515, 2.765], "texture": "#4"},
				"up": {"uv": [8.985, 2.875, 8.515, 2.765], "rotation": 270, "texture": "#4"},
				"down": {"uv": [8.985, 2.875, 8.515, 2.765], "rotation": 270, "texture": "#4"}
			}
		},
		{
			"name": "stuff",
			"from": [10.90211, 4.68275, 10.31599],
			"to": [11.90211, 8.68275, 11.06599],
			"rotation": {"angle": 22.5, "axis": "x", "origin": [12.53594, 7.45225, 9.72273]},
			"faces": {
				"north": {"uv": [7.735, 9.485, 7.515, 8.515], "texture": "#4"},
				"east": {"uv": [7.735, 9.485, 7.515, 8.515], "texture": "#4"},
				"south": {"uv": [7.735, 9.485, 7.515, 8.515], "texture": "#4"},
				"west": {"uv": [7.735, 9.485, 7.515, 8.515], "texture": "#4"},
				"up": {"uv": [7.735, 9.485, 7.515, 8.515], "texture": "#4"},
				"down": {"uv": [7.735, 9.485, 7.515, 8.515], "texture": "#4"}
			}
		},
		{
			"name": "stuff",
			"from": [10.40211, 9.63275, 10.81599],
			"to": [10.90211, 10.63275, 11.06599],
			"rotation": {"angle": 22.5, "axis": "x", "origin": [12.53594, 7.45225, 9.72273]},
			"faces": {
				"north": {"uv": [8.625, 2.985, 8.515, 2.765], "texture": "#4"},
				"east": {"uv": [8.485, 3.485, 8.375, 3.265], "rotation": 90, "texture": "#4"},
				"south": {"uv": [8.485, 3.485, 8.375, 3.265], "rotation": 180, "texture": "#4"},
				"west": {"uv": [7.265, 3.015, 7.265, 2.94], "rotation": 270, "texture": "#4"},
				"up": {"uv": [7.265, 3.015, 7.265, 2.94], "texture": "#4"},
				"down": {"uv": [0.515, 0.265, 0.515, 0.265], "rotation": 180, "texture": "#4"}
			}
		},
		{
			"name": "stuff",
			"from": [11.15771, 9.63275, 10.81599],
			"to": [11.65771, 10.63275, 11.06599],
			"rotation": {"angle": 22.5, "axis": "x", "origin": [12.53594, 7.45225, 9.72273]},
			"faces": {
				"north": {"uv": [8.625, 2.985, 8.515, 2.765], "texture": "#4"},
				"east": {"uv": [8.485, 3.485, 8.375, 3.265], "rotation": 90, "texture": "#4"},
				"south": {"uv": [8.485, 3.485, 8.375, 3.265], "rotation": 180, "texture": "#4"},
				"west": {"uv": [7.265, 3.015, 7.265, 2.94], "rotation": 270, "texture": "#4"},
				"up": {"uv": [7.265, 3.015, 7.265, 2.94], "texture": "#4"},
				"down": {"uv": [0.515, 0.265, 0.515, 0.265], "rotation": 180, "texture": "#4"}
			}
		},
		{
			"name": "stuff",
			"from": [11.90211, 9.63275, 10.81599],
			"to": [12.40211, 10.63275, 11.06599],
			"rotation": {"angle": 22.5, "axis": "x", "origin": [12.53594, 7.45225, 9.72273]},
			"faces": {
				"north": {"uv": [8.485, 3.485, 8.375, 3.265], "texture": "#4"},
				"east": {"uv": [8.735, 2.875, 8.515, 2.765], "rotation": 90, "texture": "#4"},
				"south": {"uv": [8.485, 3.485, 8.375, 3.265], "rotation": 180, "texture": "#4"},
				"west": {"uv": [7.265, 3.015, 7.265, 2.94], "rotation": 270, "texture": "#4"},
				"up": {"uv": [7.265, 3.015, 7.265, 2.94], "texture": "#4"},
				"down": {"uv": [0.515, 0.265, 0.515, 0.265], "rotation": 180, "texture": "#4"}
			}
		},
		{
			"name": "stuff",
			"from": [10.40211, 8.68275, 10.81599],
			"to": [12.40211, 9.63275, 11.06599],
			"rotation": {"angle": 22.5, "axis": "x", "origin": [12.53594, 7.45225, 9.72273]},
			"faces": {
				"north": {"uv": [8.985, 2.9875, 8.515, 2.765], "texture": "#4"},
				"east": {"uv": [8.7375, 2.875, 8.515, 2.765], "rotation": 90, "texture": "#4"},
				"south": {"uv": [8.985, 2.9875, 8.515, 2.765], "rotation": 180, "texture": "#4"},
				"west": {"uv": [7.265, 3.015, 7.265, 2.94], "rotation": 270, "texture": "#4"},
				"up": {"uv": [8.985, 2.875, 8.515, 2.765], "texture": "#4"},
				"down": {"uv": [8.985, 2.875, 8.515, 2.765], "rotation": 180, "texture": "#4"}
			}
		},
		{
			"from": [11.00867, 5.48414, 7.57061],
			"to": [12.00867, 10.48414, 8.57061],
			"rotation": {"angle": -22.5, "axis": "x", "origin": [12.53594, 7.70225, 9.72273]},
			"faces": {
				"north": {"uv": [4.06, 3.06, 4.94, 7.94], "texture": "#3"},
				"east": {"uv": [4.06, 3.06, 4.94, 7.94], "texture": "#3"},
				"south": {"uv": [4.06, 3.06, 4.94, 7.94], "texture": "#3"},
				"west": {"uv": [4.06, 3.06, 4.94, 7.94], "texture": "#3"},
				"up": {"uv": [4.06, 3.06, 4.94, 3.94], "rotation": 90, "texture": "#3"},
				"down": {"uv": [4.06, 3.06, 4.94, 3.94], "rotation": 270, "texture": "#3"}
			}
		},
		{
			"from": [10.09, 5.3298, 9.56946],
			"to": [11.09, 10.3298, 10.56946],
			"rotation": {"angle": 22.5, "axis": "z", "origin": [12.53594, 7.70225, 9.72273]},
			"faces": {
				"north": {"uv": [13.06, 3.06, 13.94, 7.94], "texture": "#3"},
				"east": {"uv": [13.06, 3.06, 13.94, 7.94], "texture": "#3"},
				"south": {"uv": [13.06, 3.06, 13.94, 7.94], "texture": "#3"},
				"west": {"uv": [13.06, 3.06, 13.94, 7.94], "texture": "#3"},
				"up": {"uv": [13.06, 3.06, 13.94, 3.94], "rotation": 90, "texture": "#3"},
				"down": {"uv": [13.06, 3.06, 13.94, 3.94], "rotation": 270, "texture": "#3"}
			}
		}
	],
	"display": {
		"thirdperson_righthand": {
			"rotation": [70, 0, 0],
			"translation": [-6, 5.5, 3]
		},
		"firstperson_righthand": {
			"translation": [-1.25, 0.75, 0]
		},
		"ground": {
			"translation": [0, 4, 0]
		},
		"gui": {
			"rotation": [24, 24, 0],
			"translation": [-1, 4, 0]
		},
		"fixed": {
			"rotation": [-90, 0, 0],
			"translation": [0, 0, -15],
			"scale": [2, 2, 2]
		}
	},
	"groups": [
		{
			"name": "group",
			"origin": [0, 0, 0],
			"color": 0,
			"children": [
				0,
				1,
				2,
				3,
				4,
				5,
				{
					"name": "stuff",
					"origin": [2.4, 0, -2],
					"color": 1,
					"children": [
						{
							"name": "random",
							"origin": [7.88268, 8.28323, 10.37868],
							"color": 0,
							"children": [6, 7]
						},
						{
							"name": "rollingpin",
							"origin": [4, 4, 11],
							"color": 0,
							"children": [8, 9, 10]
						},
						{
							"name": "spoon",
							"origin": [0, 0, 0],
							"color": 0,
							"children": [11, 12]
						},
						{
							"name": "spoon",
							"origin": [0, 0, 0],
							"color": 0,
							"children": [13, 14]
						},
						{
							"name": "knife",
							"origin": [8, 0, 8],
							"color": 0,
							"children": [15, 16]
						}
					]
				}
			]
		},
		{
			"name": "group",
			"origin": [0, 0, 0],
			"color": 0,
			"children": [
				17,
				18,
				19,
				20,
				21,
				22,
				{
					"name": "stuff",
					"origin": [2.4, 0, -2],
					"color": 1,
					"children": [
						{
							"name": "spoon",
							"origin": [8.11349, 13.63577, 8.05089],
							"color": 0,
							"children": [23, 24]
						},
						{
							"name": "spoon",
							"origin": [8.11349, 13.63577, 8.05089],
							"color": 0,
							"children": [25, 26]
						},
						{
							"name": "fork",
							"origin": [8.11349, 13.63577, 8.05089],
							"color": 0,
							"children": [27, 28, 29, 30, 31]
						},
						{
							"name": "fork",
							"origin": [8.11349, 13.63577, 8.05089],
							"color": 0,
							"children": [32, 33, 34, 35, 36]
						},
						{
							"name": "random",
							"origin": [7.88268, 8.28323, 10.37868],
							"color": 0,
							"children": [37, 38]
						}
					]
				}
			]
		}
	]
}