{
	"credit": "Made with Blockbench",
	"texture_size": [32, 32],
	"textures": {
		"2": "document"
	},
	"elements": [
		{
			"from": [4, 0, 9],
			"to": [12, 11, 9.5],
			"faces": {
				"north": {"uv": [4, 0, 8, 5.5], "texture": "#2"},
				"east": {"uv": [0, 5.5, 0.25, 11], "texture": "#2"},
				"south": {"uv": [0, 0, 4, 5.5], "texture": "#2"},
				"west": {"uv": [0.5, 5.5, 0.75, 11], "texture": "#2"},
				"up": {"uv": [5, 5.75, 1, 5.5], "texture": "#2"},
				"down": {"uv": [9, 5.5, 5, 5.75], "texture": "#2"}
			}
		}
	],
	"display": {
		"thirdperson_righthand": {
			"rotation": [4, -180, 0],
			"translation": [0, 6, 1],
			"scale": [0.86, 0.9, 0.56]
		},
		"thirdperson_lefthand": {
			"rotation": [0, -180, 0],
			"translation": [0.25, 6.75, 1.5],
			"scale": [0.9, 0.9, 0.9]
		},
		"firstperson_righthand": {
			"rotation": [0, 141, 0],
			"translation": [2, 4.75, 0],
			"scale": [0.9, 0.9, 0.9]
		},
		"firstperson_lefthand": {
			"rotation": [0, 141, 0],
			"translation": [1.5, 5, 0.75],
			"scale": [0.84, 0.91, 0.9]
		},
		"ground": {
			"rotation": [90, 0, 0],
			"translation": [0, -2, 0]
		},
		"gui": {
			"rotation": [0, 180, 0],
			"translation": [0, 3, 0],
			"scale": [1.2, 1.2, 1.2]
		},
		"head": {
			"translation": [0, 2.75, -8]
		},
		"fixed": {
			"rotation": [-2, 0, 0],
			"translation": [0, 4.25, -2.75],
			"scale": [1.79, 1.5, 1.73]
		}
	}
}