{
	"credit": "Made with Blockbench",
	"textures": {
		"1": "smoking_pipe"
	},
	"elements": [
		{
			"from": [8.3, 1.90856, 2.76947],
			"to": [8.3, 7.90856, 8.76947],
			"rotation": {"angle": 0, "axis": "y", "origin": [8.25, 3.69396, 9.15499]},
			"faces": {
				"north": {"uv": [16, 10, 16, 16], "texture": "#1"},
				"east": {"uv": [9, 9, 16, 16], "texture": "#1"},
				"south": {"uv": [16, 10, 16, 16], "texture": "#1"},
				"west": {"uv": [0, 9, 7, 16], "texture": "#1"},
				"up": {"uv": [16, 16, 16, 10], "texture": "#1"},
				"down": {"uv": [16, 10, 16, 16], "texture": "#1"}
			}
		},
		{
			"from": [7.8, 0.9, 9.7],
			"to": [8.8, 6.9, 9.7],
			"rotation": {"angle": 22.5, "axis": "x", "origin": [8.25, 3.79396, 8.85499]},
			"faces": {
				"north": {"uv": [6, 0, 7, 6], "texture": "#1"},
				"east": {"uv": [0, 0, 0, 6], "texture": "#1"},
				"south": {"uv": [6, 3, 7, 9], "texture": "#1"},
				"west": {"uv": [0, 0, 0, 6], "texture": "#1"},
				"up": {"uv": [1, 0, 0, 0], "texture": "#1"},
				"down": {"uv": [1, 0, 0, 0], "texture": "#1"}
			}
		},
		{
			"from": [7.2, 0.27982, 6.4856],
			"to": [9.4, 2.27982, 8.5856],
			"rotation": {"angle": 0, "axis": "y", "origin": [8.25, 3.69396, 9.15499]},
			"faces": {
				"north": {"uv": [11, 0, 9, 2], "rotation": 180, "texture": "#1"},
				"east": {"uv": [7, 2, 9, 4], "rotation": 270, "texture": "#1"},
				"south": {"uv": [9, 9, 7, 7], "texture": "#1"},
				"west": {"uv": [7, 6, 9, 8], "rotation": 90, "texture": "#1"},
				"up": {"uv": [12, 2, 16, 6], "rotation": 180, "texture": "#1"},
				"down": {"uv": [7, 4, 9, 6], "texture": "#1"}
			}
		},
		{
			"from": [7.8, 6.33919, 10.82431],
			"to": [8.8, 6.33919, 12.22431],
			"rotation": {"angle": 0, "axis": "y", "origin": [8.25, 5.93853, 7.89144]},
			"faces": {
				"north": {"uv": [1, 0, 0, 0], "rotation": 180, "texture": "#1"},
				"east": {"uv": [0, 0, 0, 1], "rotation": 270, "texture": "#1"},
				"south": {"uv": [1, 0, 0, 0], "texture": "#1"},
				"west": {"uv": [0, 0, 0, 1], "rotation": 90, "texture": "#1"},
				"up": {"uv": [6, 5, 7, 7], "rotation": 180, "texture": "#1"},
				"down": {"uv": [6, 6, 7, 8], "texture": "#1"}
			}
		}
	],
	"display": {
		"thirdperson_righthand": {
			"rotation": [-18, 0, 0],
			"translation": [-0.75, 1.75, -3]
		},
		"thirdperson_lefthand": {
			"rotation": [-18, 0, 0],
			"translation": [0, 1, -3]
		},
		"firstperson_righthand": {
			"translation": [1, 6.25, 0],
			"scale": [1.18, 1.18, 1]
		},
		"firstperson_lefthand": {
			"rotation": [0, 9, 0],
			"translation": [1.5, 5.25, 0]
		},
		"ground": {
			"translation": [0, 7, 0],
			"scale": [1.4, 1.4, 1.4]
		},
		"gui": {
			"rotation": [0, 114, 0],
			"translation": [-0.5, 5.5, 0],
			"scale": [1.73, 1.42, 1.33]
		},
		"head": {
			"rotation": [0, -13, 0],
			"translation": [1.75, -2.25, -11.25],
			"scale": [1.4, 1.4, 1.4]
		},
		"fixed": {
			"rotation": [0, 84, 0],
			"translation": [0.75, 4, -0.5],
			"scale": [1.15, 1.25, 1.17]
		}
	},
	"groups": [
		{
			"name": "bone2",
			"origin": [0, 0, 0],
			"color": 0,
			"children": [
				0,
				{
					"name": "bone",
					"origin": [0.3, 6.75822, 2.65263],
					"color": 0,
					"children": [1, 2, 3]
				}
			]
		}
	]
}