{
	"credit": "Made with Blockbench",
	"texture_size": [32, 32],
	"textures": {
		"1": "block/bearbread",
		"particle": "block/bearbread"
	},
	"elements": [
		{
			"name": "plate",
			"from": [4.99365, 0, 4.99082],
			"to": [10.99365, 1, 10.99082],
			"rotation": {"angle": 0, "axis": "y", "origin": [8, 2.6272, 8]},
			"faces": {
				"north": {"uv": [9.016, 10.016, 11.984, 10.484], "texture": "#1"},
				"east": {"uv": [6.016, 10.016, 8.984, 10.484], "texture": "#1"},
				"south": {"uv": [3.016, 10.016, 5.984, 10.484], "texture": "#1"},
				"west": {"uv": [0.016, 10.016, 2.984, 10.484], "texture": "#1"},
				"up": {"uv": [5.984, 9.984, 3.016, 7.016], "rotation": 180, "texture": "#1"},
				"down": {"uv": [8.984, 7.016, 6.016, 9.984], "rotation": 180, "texture": "#1"}
			}
		},
		{
			"name": "plate",
			"from": [2.99365, 0.4, 4.99082],
			"to": [4.99365, 1.4, 10.99082],
			"rotation": {"angle": 0, "axis": "y", "origin": [8, 2.6272, 8]},
			"faces": {
				"north": {"uv": [3.016, 15.516, 3.984, 15.984], "texture": "#1"},
				"east": {"uv": [0.016, 15.516, 2.984, 15.984], "texture": "#1"},
				"south": {"uv": [7.016, 15.516, 7.984, 15.984], "texture": "#1"},
				"west": {"uv": [4.016, 15.516, 6.984, 15.984], "texture": "#1"},
				"up": {"uv": [3.984, 15.484, 3.016, 12.516], "texture": "#1"},
				"down": {"uv": [4.984, 12.516, 4.016, 15.484], "texture": "#1"}
			}
		},
		{
			"name": "plate",
			"from": [2.99365, 0.4, 10.99082],
			"to": [12.99365, 1.4, 12.99082],
			"rotation": {"angle": 0, "axis": "y", "origin": [8, 2.6272, 8]},
			"faces": {
				"north": {"uv": [11.016, 12.016, 15.984, 12.484], "texture": "#1"},
				"east": {"uv": [10.016, 12.016, 10.984, 12.484], "texture": "#1"},
				"south": {"uv": [5.016, 12.016, 9.984, 12.484], "texture": "#1"},
				"west": {"uv": [4.016, 12.016, 4.984, 12.484], "texture": "#1"},
				"up": {"uv": [9.984, 11.984, 5.016, 11.016], "rotation": 180, "texture": "#1"},
				"down": {"uv": [14.984, 11.016, 10.016, 11.984], "rotation": 180, "texture": "#1"}
			}
		},
		{
			"name": "plate",
			"from": [10.99365, 0.4, 4.99082],
			"to": [12.99365, 1.4, 10.99082],
			"rotation": {"angle": 0, "axis": "y", "origin": [8, 2.6272, 8]},
			"faces": {
				"north": {"uv": [7.016, 15.516, 7.984, 15.984], "texture": "#1"},
				"east": {"uv": [4.016, 15.516, 6.984, 15.984], "texture": "#1"},
				"south": {"uv": [3.016, 15.516, 3.984, 15.984], "texture": "#1"},
				"west": {"uv": [0.016, 15.516, 2.984, 15.984], "texture": "#1"},
				"up": {"uv": [3.984, 15.484, 3.016, 12.516], "rotation": 180, "texture": "#1"},
				"down": {"uv": [4.984, 12.516, 4.016, 15.484], "rotation": 180, "texture": "#1"}
			}
		},
		{
			"name": "plate",
			"from": [2.99365, 0.4, 2.99082],
			"to": [12.99365, 1.4, 4.99082],
			"rotation": {"angle": 0, "axis": "y", "origin": [8, 2.6272, 8]},
			"faces": {
				"north": {"uv": [11.016, 12.016, 15.984, 12.484], "texture": "#1"},
				"east": {"uv": [10.016, 12.016, 10.984, 12.484], "texture": "#1"},
				"south": {"uv": [5.016, 12.016, 9.984, 12.484], "texture": "#1"},
				"west": {"uv": [4.016, 12.016, 4.984, 12.484], "texture": "#1"},
				"up": {"uv": [9.984, 11.984, 5.016, 11.016], "rotation": 180, "texture": "#1"},
				"down": {"uv": [14.984, 11.016, 10.016, 11.984], "rotation": 180, "texture": "#1"}
			}
		},
		{
			"name": "face",
			"from": [6.99365, 3.4, 6.59082],
			"to": [8.99365, 4.4, 7.59082],
			"rotation": {"angle": 0, "axis": "y", "origin": [8, 2.6272, 8]},
			"faces": {
				"north": {"uv": [8.016, 0.516, 8.984, 0.984], "texture": "#1"},
				"east": {"uv": [7.516, 0.516, 7.984, 0.984], "texture": "#1"},
				"south": {"uv": [6.516, 0.516, 7.484, 0.984], "texture": "#1"},
				"west": {"uv": [6.016, 0.516, 6.484, 0.984], "texture": "#1"},
				"up": {"uv": [7.484, 0.484, 6.516, 0.016], "rotation": 180, "texture": "#1"},
				"down": {"uv": [8.484, 0.016, 7.516, 0.484], "rotation": 180, "texture": "#1"}
			}
		},
		{
			"name": "face",
			"from": [9.19365, 3.8, 7.29082],
			"to": [9.69365, 4.3, 7.79082],
			"rotation": {"angle": 0, "axis": "y", "origin": [8, 2.6272, 8]},
			"faces": {
				"north": {"uv": [11.016, 0.516, 11.016, 0.516], "texture": "#1"},
				"east": {"uv": [11.016, 0.516, 11.016, 0.516], "texture": "#1"},
				"south": {"uv": [11.016, 0.516, 11.016, 0.516], "texture": "#1"},
				"west": {"uv": [11.016, 0.516, 11.016, 0.516], "texture": "#1"},
				"up": {"uv": [11.016, 0.516, 11.016, 0.516], "rotation": 180, "texture": "#1"},
				"down": {"uv": [11.016, 0.516, 11.016, 0.516], "rotation": 180, "texture": "#1"}
			}
		},
		{
			"name": "face",
			"from": [8.70036, 4, 7.35202],
			"to": [9.20036, 4.5, 7.55202],
			"rotation": {"angle": 45, "axis": "y", "origin": [8, 2.6272, 8]},
			"faces": {
				"north": {"uv": [11.016, 0.516, 11.016, 0.516], "texture": "#1"},
				"east": {"uv": [11.016, 0.516, 11.016, 0.516], "texture": "#1"},
				"south": {"uv": [11.016, 0.516, 11.016, 0.516], "texture": "#1"},
				"west": {"uv": [11.016, 0.516, 11.016, 0.516], "texture": "#1"},
				"up": {"uv": [11.016, 0.516, 11.016, 0.516], "rotation": 270, "texture": "#1"},
				"down": {"uv": [11.016, 0.516, 11.016, 0.516], "rotation": 90, "texture": "#1"}
			}
		},
		{
			"name": "face",
			"from": [7.79365, 4, 6.99082],
			"to": [8.29365, 4.5, 7.49082],
			"rotation": {"angle": 0, "axis": "y", "origin": [8, 2.6272, 8]},
			"faces": {
				"north": {"uv": [11.016, 0.516, 11.016, 0.516], "texture": "#1"},
				"east": {"uv": [11.016, 0.516, 11.016, 0.516], "texture": "#1"},
				"south": {"uv": [11.016, 0.516, 11.016, 0.516], "texture": "#1"},
				"west": {"uv": [11.016, 0.516, 11.016, 0.516], "texture": "#1"},
				"up": {"uv": [11.016, 0.516, 11.016, 0.516], "rotation": 180, "texture": "#1"},
				"down": {"uv": [11.016, 0.516, 11.016, 0.516], "rotation": 180, "texture": "#1"}
			}
		},
		{
			"name": "face",
			"from": [8.51454, 4, 6.82413],
			"to": [8.71454, 4.5, 7.32413],
			"rotation": {"angle": 45, "axis": "y", "origin": [8, 2.6272, 8]},
			"faces": {
				"north": {"uv": [11.016, 0.516, 11.016, 0.516], "texture": "#1"},
				"east": {"uv": [11.016, 0.516, 11.016, 0.516], "texture": "#1"},
				"south": {"uv": [11.016, 0.516, 11.016, 0.516], "texture": "#1"},
				"west": {"uv": [11.016, 0.516, 11.016, 0.516], "texture": "#1"},
				"up": {"uv": [11.016, 0.516, 11.016, 0.516], "rotation": 180, "texture": "#1"},
				"down": {"uv": [11.016, 0.516, 11.016, 0.516], "rotation": 180, "texture": "#1"}
			}
		},
		{
			"name": "face",
			"from": [6.29365, 3.8, 7.29082],
			"to": [6.79365, 4.3, 7.79082],
			"rotation": {"angle": 0, "axis": "y", "origin": [8, 2.6272, 8]},
			"faces": {
				"north": {"uv": [11.016, 0.516, 11.016, 0.516], "texture": "#1"},
				"east": {"uv": [11.016, 0.516, 11.016, 0.516], "texture": "#1"},
				"south": {"uv": [11.016, 0.516, 11.016, 0.516], "texture": "#1"},
				"west": {"uv": [11.016, 0.516, 11.016, 0.516], "texture": "#1"},
				"up": {"uv": [11.016, 0.516, 11.016, 0.516], "rotation": 180, "texture": "#1"},
				"down": {"uv": [11.016, 0.516, 11.016, 0.516], "rotation": 180, "texture": "#1"}
			}
		},
		{
			"name": "body",
			"from": [5.99365, 3.2, 5.49082],
			"to": [9.99365, 4.2, 9.49082],
			"rotation": {"angle": 0, "axis": "y", "origin": [8, 2.6272, 8]},
			"faces": {
				"north": {"uv": [6.016, 2.016, 7.984, 2.484], "texture": "#1"},
				"east": {"uv": [4.016, 2.016, 5.984, 2.484], "texture": "#1"},
				"south": {"uv": [2.016, 2.016, 3.984, 2.484], "texture": "#1"},
				"west": {"uv": [0.016, 2.016, 1.984, 2.484], "texture": "#1"},
				"up": {"uv": [3.984, 1.984, 2.016, 0.016], "rotation": 180, "texture": "#1"},
				"down": {"uv": [5.984, 0.016, 4.016, 1.984], "rotation": 180, "texture": "#1"}
			}
		},
		{
			"name": "body",
			"from": [7.502, 1.099, 8.98901],
			"to": [9.502, 2.099, 10.98901],
			"shade": false,
			"rotation": {"angle": 45, "axis": "y", "origin": [8, 2.6272, 8]},
			"faces": {
				"north": {"uv": [2.984, 6.016, 2.016, 6.484], "texture": "#1"},
				"east": {"uv": [3.984, 6.016, 3.016, 6.484], "texture": "#1"},
				"south": {"uv": [0.984, 6.016, 0.016, 6.484], "texture": "#1"},
				"west": {"uv": [1.984, 6.016, 1.016, 6.484], "texture": "#1"},
				"up": {"uv": [1.016, 5.984, 1.984, 5.016], "rotation": 270, "texture": "#1"},
				"down": {"uv": [2.016, 5.016, 2.984, 5.984], "rotation": 90, "texture": "#1"}
			}
		},
		{
			"name": "body",
			"from": [7.502, 3.099, 8.98901],
			"to": [9.502, 4.099, 10.98901],
			"shade": false,
			"rotation": {"angle": 45, "axis": "y", "origin": [8, 2.6272, 8]},
			"faces": {
				"north": {"uv": [2.984, 6.016, 2.016, 6.484], "texture": "#1"},
				"east": {"uv": [3.984, 6.016, 3.016, 6.484], "texture": "#1"},
				"south": {"uv": [0.984, 6.016, 0.016, 6.484], "texture": "#1"},
				"west": {"uv": [1.984, 6.016, 1.016, 6.484], "texture": "#1"},
				"up": {"uv": [1.016, 5.984, 1.984, 5.016], "rotation": 270, "texture": "#1"},
				"down": {"uv": [2.016, 5.016, 2.984, 5.984], "rotation": 90, "texture": "#1"}
			}
		},
		{
			"name": "body",
			"from": [5.002, 3.099, 6.48901],
			"to": [7.002, 4.099, 8.48901],
			"rotation": {"angle": 45, "axis": "y", "origin": [8, 2.6272, 8]},
			"faces": {
				"north": {"uv": [3.016, 6.016, 3.984, 6.484], "texture": "#1"},
				"east": {"uv": [2.016, 6.016, 2.984, 6.484], "texture": "#1"},
				"south": {"uv": [1.016, 6.016, 1.984, 6.484], "texture": "#1"},
				"west": {"uv": [0.016, 6.016, 0.984, 6.484], "texture": "#1"},
				"up": {"uv": [1.984, 5.984, 1.016, 5.016], "rotation": 180, "texture": "#1"},
				"down": {"uv": [2.984, 5.016, 2.016, 5.984], "rotation": 180, "texture": "#1"}
			}
		},
		{
			"name": "body",
			"from": [5.002, 1.099, 6.48901],
			"to": [7.002, 2.099, 8.48901],
			"rotation": {"angle": 45, "axis": "y", "origin": [8, 2.6272, 8]},
			"faces": {
				"north": {"uv": [3.016, 6.016, 3.984, 6.484], "texture": "#1"},
				"east": {"uv": [2.016, 6.016, 2.984, 6.484], "texture": "#1"},
				"south": {"uv": [1.016, 6.016, 1.984, 6.484], "texture": "#1"},
				"west": {"uv": [0.016, 6.016, 0.984, 6.484], "texture": "#1"},
				"up": {"uv": [1.984, 5.984, 1.016, 5.016], "rotation": 180, "texture": "#1"},
				"down": {"uv": [2.984, 5.016, 2.016, 5.984], "rotation": 180, "texture": "#1"}
			}
		},
		{
			"name": "body",
			"from": [5.99365, 1.2, 5.49082],
			"to": [9.99365, 2.2, 9.49082],
			"rotation": {"angle": 0, "axis": "y", "origin": [8, 2.6272, 8]},
			"faces": {
				"north": {"uv": [6.016, 2.016, 7.984, 2.484], "texture": "#1"},
				"east": {"uv": [4.016, 2.016, 5.984, 2.484], "texture": "#1"},
				"south": {"uv": [2.016, 2.016, 3.984, 2.484], "texture": "#1"},
				"west": {"uv": [0.016, 2.016, 1.984, 2.484], "texture": "#1"},
				"up": {"uv": [3.984, 1.984, 2.016, 0.016], "rotation": 180, "texture": "#1"},
				"down": {"uv": [5.984, 0.016, 4.016, 1.984], "rotation": 180, "texture": "#1"}
			}
		},
		{
			"name": "cream",
			"from": [7.502, 2.099, 8.98901],
			"to": [9.502, 3.099, 10.98901],
			"rotation": {"angle": 45, "axis": "y", "origin": [8, 2.6272, 8]},
			"faces": {
				"north": {"uv": [2.016, 4.516, 2.984, 4.984], "texture": "#1"},
				"east": {"uv": [5.016, 4.516, 5.984, 4.984], "texture": "#1"},
				"south": {"uv": [4.016, 4.516, 4.984, 4.984], "texture": "#1"},
				"west": {"uv": [3.016, 4.516, 3.984, 4.984], "texture": "#1"},
				"up": {"uv": [3.984, 4.484, 3.016, 3.516], "rotation": 270, "texture": "#1"},
				"down": {"uv": [4.984, 3.516, 4.016, 4.484], "rotation": 90, "texture": "#1"}
			}
		},
		{
			"name": "cream",
			"from": [5.99365, 2.2, 5.49082],
			"to": [9.99365, 3.2, 9.49082],
			"rotation": {"angle": 0, "axis": "y", "origin": [8, 2.6272, 8]},
			"faces": {
				"north": {"uv": [6.016, 4.516, 7.984, 4.984], "texture": "#1"},
				"east": {"uv": [4.016, 4.516, 5.984, 4.984], "texture": "#1"},
				"south": {"uv": [2.016, 4.516, 3.984, 4.984], "texture": "#1"},
				"west": {"uv": [0.016, 4.516, 1.984, 4.984], "texture": "#1"},
				"up": {"uv": [3.984, 4.484, 2.016, 2.516], "rotation": 180, "texture": "#1"},
				"down": {"uv": [5.984, 2.516, 4.016, 4.484], "rotation": 180, "texture": "#1"}
			}
		},
		{
			"name": "cream",
			"from": [5.002, 2.099, 6.48901],
			"to": [7.002, 3.099, 8.48901],
			"rotation": {"angle": 45, "axis": "y", "origin": [8, 2.6272, 8]},
			"faces": {
				"north": {"uv": [5.016, 4.516, 5.984, 4.984], "texture": "#1"},
				"east": {"uv": [4.016, 4.516, 4.984, 4.984], "texture": "#1"},
				"south": {"uv": [3.016, 4.516, 3.984, 4.984], "texture": "#1"},
				"west": {"uv": [2.016, 4.516, 2.984, 4.984], "texture": "#1"},
				"up": {"uv": [3.984, 4.484, 3.016, 3.516], "rotation": 180, "texture": "#1"},
				"down": {"uv": [4.984, 3.516, 4.016, 4.484], "rotation": 180, "texture": "#1"}
			}
		}
	],
	"display": {
		"thirdperson_righthand": {
			"rotation": [65, 0, 0],
			"translation": [-6, 5, 5.75]
		},
		"firstperson_righthand": {
			"translation": [-9, 4.5, -1]
		},
		"gui": {
			"rotation": [-137.88, -50.53, 179.23],
			"translation": [0, 4.5, 0]
		},
		"fixed": {
			"rotation": [-90, 0, 0],
			"translation": [0, 0, -15],
			"scale": [2, 2, 2]
		}
	},
	"groups": [
		{
			"name": "bearbread1",
			"origin": [0, 0, 0],
			"color": 0,
			"children": [
				{
					"name": "plate",
					"origin": [0, 0, 0],
					"color": 1,
					"children": [0, 1, 2, 3, 4]
				},
				{
					"name": "face",
					"origin": [0, 0, 0],
					"color": 2,
					"children": [5, 6, 7, 8, 9, 10]
				},
				{
					"name": "body",
					"origin": [0, 0, 0],
					"color": 3,
					"children": [
						11,
						12,
						13,
						14,
						15,
						16,
						{
							"name": "cream",
							"origin": [0, 0, 0],
							"color": 4,
							"children": [17, 18, 19]
						}
					]
				}
			]
		}
	]
}