{
	"credit": "Made with Blockbench",
	"textures": {
		"1": "block/flour1",
		"2": "block/eggcarton1_base",
		"particle": "block/flour1"
	},
	"elements": [
		{
			"from": [7.97026, 5.65094, 7.12737],
			"to": [15.81026, 9.01094, 8.24737],
			"rotation": {"angle": 0, "axis": "x", "origin": [11.89026, 8.45094, 10.48737]},
			"faces": {
				"north": {"uv": [3.06, 1.06, 10.84, 3.94], "texture": "#2"},
				"east": {"uv": [7.06, 3.06, 7.92, 5.94], "texture": "#2"},
				"south": {"uv": [3.06, 1.06, 10.84, 3.94], "texture": "#2"},
				"west": {"uv": [7.06, 3.06, 7.92, 5.94], "texture": "#2"},
				"up": {"uv": [13.84, 7.94, 6.06, 7.06], "texture": "#2"},
				"down": {"uv": [12.94, 7.94, 6.06, 7.06], "texture": "#2"}
			}
		},
		{
			"from": [9.09026, 5.11652, 7.8129],
			"to": [14.69026, 7.35652, 10.0529],
			"rotation": {"angle": -22.5, "axis": "x", "origin": [11.89026, 6.23652, 8.9329]},
			"faces": {
				"north": {"uv": [3.758, 8.258, 4.992, 8.742], "texture": "#1"},
				"east": {"uv": [7.758, 9.008, 8.242, 9.492], "texture": "#1"},
				"south": {"uv": [5.008, 8.258, 6.242, 8.742], "texture": "#1"},
				"west": {"uv": [8.258, 9.008, 8.742, 9.492], "texture": "#1"},
				"up": {"uv": [7.492, 8.742, 6.258, 8.258], "texture": "#1"},
				"down": {"uv": [8.742, 8.258, 7.508, 8.742], "texture": "#1"}
			}
		},
		{
			"from": [9.09026, 5.45987, 9.53904],
			"to": [14.69026, 7.69987, 14.01904],
			"rotation": {"angle": 0, "axis": "x", "origin": [11.89026, 6.01987, 11.21904]},
			"faces": {
				"north": {"uv": [0.008, 8.508, 1.242, 8.992], "texture": "#1"},
				"east": {"uv": [3.508, 6.008, 4.492, 6.492], "texture": "#1"},
				"south": {"uv": [1.258, 8.508, 2.492, 8.992], "texture": "#1"},
				"west": {"uv": [2.508, 7.008, 3.492, 7.492], "texture": "#1"},
				"up": {"uv": [5.992, 7.742, 4.758, 6.758], "texture": "#1"},
				"down": {"uv": [7.242, 6.758, 6.008, 7.742], "texture": "#1"}
			}
		},
		{
			"from": [14.69026, 5.65094, 8.24737],
			"to": [15.81026, 9.01094, 13.84737],
			"rotation": {"angle": 0, "axis": "x", "origin": [11.89026, 8.45094, 10.48737]},
			"faces": {
				"north": {"uv": [2.008, 9.258, 2.242, 9.992], "texture": "#2"},
				"east": {"uv": [4.06, 3.06, 8.9, 5.96], "texture": "#2"},
				"south": {"uv": [2.258, 9.258, 2.492, 9.992], "texture": "#2"},
				"west": {"uv": [4.06, 3.06, 8.9, 5.96], "texture": "#2"},
				"up": {"uv": [5.87, 10.9, 5.06, 6.1], "texture": "#2"},
				"down": {"uv": [6.12, 10.9, 5.06, 6.1], "texture": "#2"}
			}
		},
		{
			"from": [7.97026, 5.65094, 13.84737],
			"to": [15.81026, 9.01094, 14.96737],
			"rotation": {"angle": 0, "axis": "x", "origin": [11.89026, 8.45094, 10.48737]},
			"faces": {
				"north": {"uv": [3.06, 1.06, 10.84, 4.11], "texture": "#2"},
				"east": {"uv": [6.06, 3.06, 6.92, 5.94], "texture": "#2"},
				"south": {"uv": [3.06, 1.06, 10.84, 3.94], "texture": "#2"},
				"west": {"uv": [6.06, 3.06, 6.92, 5.94], "texture": "#2"},
				"up": {"uv": [12.94, 7.94, 6.06, 7.06], "texture": "#2"},
				"down": {"uv": [12.94, 7.94, 6.06, 7.06], "texture": "#2"}
			}
		},
		{
			"from": [7.97026, 5.65094, 8.24737],
			"to": [9.09026, 9.01094, 13.84737],
			"rotation": {"angle": 0, "axis": "x", "origin": [11.89026, 8.45094, 10.48737]},
			"faces": {
				"north": {"uv": [3.008, 9.258, 3.242, 9.992], "texture": "#2"},
				"east": {"uv": [4.06, 3.06, 8.9, 5.96], "texture": "#2"},
				"south": {"uv": [3.258, 9.258, 3.492, 9.992], "texture": "#2"},
				"west": {"uv": [4.06, 3.06, 8.9, 5.96], "texture": "#2"},
				"up": {"uv": [5.87, 10.9, 5.06, 6.1], "texture": "#2"},
				"down": {"uv": [5.87, 10.9, 5.06, 6.1], "texture": "#2"}
			}
		},
		{
			"from": [8.53026, 1.09275, 7.73718],
			"to": [15.25026, 6.81275, 14.45718],
			"rotation": {"angle": 0, "axis": "y", "origin": [-1.54974, 0.09275, 1.01718]},
			"faces": {
				"north": {"uv": [7.06, 0.1, 12.97, 5.97], "texture": "#2"},
				"east": {"uv": [7.06, 0.1, 12.97, 5.97], "texture": "#2"},
				"south": {"uv": [7.06, 0.1, 12.97, 5.97], "texture": "#2"},
				"west": {"uv": [7.06, 0.1, 12.97, 5.97], "texture": "#2"},
				"up": {"uv": [0.06, 0.06, 6.72, 5.72], "texture": "#2"},
				"down": {"uv": [0.06, 0.06, 6.72, 5.72], "texture": "#2"}
			}
		},
		{
			"from": [8.25026, 0.09275, 7.45718],
			"to": [15.81026, 2.33275, 14.73718],
			"rotation": {"angle": 0, "axis": "y", "origin": [-10.50974, 0.09275, -2.34282]},
			"faces": {
				"north": {"uv": [5.06, 3.06, 11.94, 4.99], "texture": "#2"},
				"east": {"uv": [5.06, 3.06, 11.94, 4.99], "texture": "#2"},
				"south": {"uv": [5.06, 3.06, 11.94, 4.99], "texture": "#2"},
				"west": {"uv": [5.06, 3.06, 11.94, 4.99], "texture": "#2"},
				"up": {"uv": [5.06, 4.06, 11.94, 10.94], "texture": "#2"},
				"down": {"uv": [5.06, 4.06, 11.94, 10.94], "texture": "#2"}
			}
		},
		{
			"from": [10.21026, 0.09275, 14.73718],
			"to": [14.69026, 1.21275, 15.85718],
			"rotation": {"angle": 0, "axis": "y", "origin": [-10.50974, 0.09275, -2.34282]},
			"faces": {
				"north": {"uv": [6.06, 5.06, 9.98, 6.12], "texture": "#2"},
				"east": {"uv": [9.06, 5.06, 9.87, 6.12], "texture": "#2"},
				"south": {"uv": [6.06, 5.06, 9.98, 6.12], "texture": "#2"},
				"west": {"uv": [6.06, 5.06, 6.87, 6.12], "texture": "#2"},
				"up": {"uv": [6.06, 5.06, 9.98, 6.12], "texture": "#2"},
				"down": {"uv": [6.06, 5.06, 9.98, 6.12], "texture": "#2"}
			}
		},
		{
			"from": [8.25026, 2.956, 14.66395],
			"to": [15.53026, 4.076, 14.66395],
			"rotation": {"angle": 0, "axis": "x", "origin": [11.79711, 3.35934, 9.78336]},
			"faces": {
				"north": {"uv": [0.008, 9.008, 1.742, 9.242], "texture": "#1"},
				"east": {"uv": [-1.06, 0.008, -2.06, 0.242], "texture": "#1"},
				"south": {"uv": [9.008, 1.508, 10.742, 1.742], "texture": "#1"},
				"west": {"uv": [-1.06, 0.008, -2.06, 0.242], "texture": "#1"},
				"up": {"uv": [1.742, -1.06, 0.008, -2.06], "texture": "#1"},
				"down": {"uv": [1.742, -1.06, 0.008, -2.06], "texture": "#1"}
			}
		},
		{
			"from": [15.53026, 2.426, 7.38507],
			"to": [15.53026, 3.546, 14.66507],
			"rotation": {"angle": 0, "axis": "x", "origin": [11.79711, 3.35934, 9.78336]},
			"faces": {
				"north": {"uv": [-1.06, 0.008, -2.06, 0.242], "texture": "#1"},
				"east": {"uv": [1.758, 9.008, 3.492, 9.242], "texture": "#1"},
				"south": {"uv": [-1.06, 0.008, -2.06, 0.242], "texture": "#1"},
				"west": {"uv": [9.008, 1.758, 10.742, 1.992], "texture": "#1"},
				"up": {"uv": [-1.06, 1.742, -2.06, 0.008], "texture": "#1"},
				"down": {"uv": [-1.06, 0.008, -2.06, 1.742], "texture": "#1"}
			}
		},
		{
			"from": [8.25026, 2.426, 7.38507],
			"to": [8.25026, 3.546, 14.66507],
			"rotation": {"angle": 0, "axis": "x", "origin": [8.99711, 3.35934, 9.78336]},
			"faces": {
				"north": {"uv": [-1.06, 0.008, -2.06, 0.242], "texture": "#1"},
				"east": {"uv": [9.008, 2.008, 10.742, 2.242], "texture": "#1"},
				"south": {"uv": [-1.06, 0.008, -2.06, 0.242], "texture": "#1"},
				"west": {"uv": [3.508, 9.008, 5.242, 9.242], "texture": "#1"},
				"up": {"uv": [-1.06, 1.742, -2.06, 0.008], "texture": "#1"},
				"down": {"uv": [-1.06, 0.008, -2.06, 1.742], "texture": "#1"}
			}
		},
		{
			"from": [13.29138, 1.586, 7.21707],
			"to": [14.41138, 3.826, 7.21707],
			"rotation": {"angle": 0, "axis": "y", "origin": [4.33138, 2.706, 2.90507]},
			"faces": {
				"north": {"uv": [9.258, 3.258, 9.492, 3.742], "texture": "#1"},
				"east": {"uv": [-1.06, 0.008, -2.06, 0.492], "texture": "#1"},
				"south": {"uv": [4.508, 9.258, 4.742, 9.742], "texture": "#1"},
				"west": {"uv": [-1.06, 0.008, -2.06, 0.492], "texture": "#1"},
				"up": {"uv": [0.242, -1.06, 0.008, -2.06], "texture": "#1"},
				"down": {"uv": [0.242, -1.06, 0.008, -2.06], "texture": "#1"}
			}
		},
		{
			"from": [12.17138, 0.466, 6.99307],
			"to": [13.29138, 1.586, 6.99307],
			"rotation": {"angle": 0, "axis": "y", "origin": [4.33138, 1.586, 2.90507]},
			"faces": {
				"north": {"uv": [2.508, 7.508, 2.742, 7.742], "texture": "#1"},
				"east": {"uv": [-1.06, 0.008, -2.06, 0.242], "texture": "#1"},
				"south": {"uv": [2.758, 7.508, 2.992, 7.742], "texture": "#1"},
				"west": {"uv": [-1.06, 0.008, -2.06, 0.242], "texture": "#1"},
				"up": {"uv": [0.242, -1.06, 0.008, -2.06], "texture": "#1"},
				"down": {"uv": [0.242, -1.06, 0.008, -2.06], "texture": "#1"}
			}
		},
		{
			"from": [8.25138, 0.242, 7.10507],
			"to": [9.37138, 3.602, 7.10507],
			"rotation": {"angle": 0, "axis": "y", "origin": [3.77138, 2.706, 3.07307]},
			"faces": {
				"north": {"uv": [3.508, 9.258, 3.742, 9.992], "texture": "#1"},
				"east": {"uv": [-1.06, 0.008, -2.06, 0.742], "texture": "#1"},
				"south": {"uv": [3.758, 9.258, 3.992, 9.992], "texture": "#1"},
				"west": {"uv": [-1.06, 0.008, -2.06, 0.742], "texture": "#1"},
				"up": {"uv": [0.242, -1.06, 0.008, -2.06], "texture": "#1"},
				"down": {"uv": [0.242, -1.06, 0.008, -2.06], "texture": "#1"}
			}
		},
		{
			"from": [9.37138, 0.578, 3.74507],
			"to": [10.49138, 0.578, 7.10507],
			"rotation": {"angle": 0, "axis": "x", "origin": [8.81138, 2.146, 5.14507]},
			"faces": {
				"north": {"uv": [0.008, -1.06, 0.242, -2.06], "texture": "#1"},
				"east": {"uv": [0.008, -1.06, 0.742, -2.06], "texture": "#1"},
				"south": {"uv": [0.008, -1.06, 0.242, -2.06], "texture": "#1"},
				"west": {"uv": [0.008, -1.06, 0.742, -2.06], "texture": "#1"},
				"up": {"uv": [4.242, 9.992, 4.008, 9.258], "texture": "#1"},
				"down": {"uv": [4.492, 9.258, 4.258, 9.992], "texture": "#1"}
			}
		},
		{
			"from": [14.41138, 2.706, 7.38507],
			"to": [15.53138, 3.826, 7.38507],
			"rotation": {"angle": 0, "axis": "y", "origin": [4.33138, 1.586, 2.90507]},
			"faces": {
				"north": {"uv": [3.008, 7.508, 3.242, 7.742], "texture": "#1"},
				"east": {"uv": [-1.06, 0.008, -2.06, 0.242], "texture": "#1"},
				"south": {"uv": [3.258, 7.508, 3.492, 7.742], "texture": "#1"},
				"west": {"uv": [-1.06, 0.008, -2.06, 0.242], "texture": "#1"},
				"up": {"uv": [0.242, -1.06, 0.008, -2.06], "texture": "#1"},
				"down": {"uv": [0.242, -1.06, 0.008, -2.06], "texture": "#1"}
			}
		},
		{
			"from": [0.16475, 6.41628, 3.18584],
			"to": [8.00475, 9.77628, 4.30584],
			"rotation": {"angle": -22.5, "axis": "x", "origin": [4.08475, 9.21628, 6.54584]},
			"faces": {
				"north": {"uv": [3.06, 1.06, 10.84, 3.94], "texture": "#2"},
				"east": {"uv": [7.06, 3.06, 7.92, 5.94], "texture": "#2"},
				"south": {"uv": [3.06, 1.06, 10.84, 3.94], "texture": "#2"},
				"west": {"uv": [7.06, 3.06, 7.92, 5.94], "texture": "#2"},
				"up": {"uv": [13.84, 7.94, 6.06, 7.06], "texture": "#2"},
				"down": {"uv": [12.94, 7.94, 6.06, 7.06], "texture": "#2"}
			}
		},
		{
			"from": [1.27975, 5.13192, 4.72177],
			"to": [6.87975, 7.37192, 6.96177],
			"rotation": {"angle": -22.5, "axis": "x", "origin": [4.07975, 6.25192, 5.84177]},
			"faces": {
				"north": {"uv": [3.758, 8.258, 4.992, 8.742], "texture": "#1"},
				"east": {"uv": [7.758, 9.008, 8.242, 9.492], "texture": "#1"},
				"south": {"uv": [5.008, 8.258, 6.242, 8.742], "texture": "#1"},
				"west": {"uv": [8.258, 9.008, 8.742, 9.492], "texture": "#1"},
				"up": {"uv": [7.492, 8.742, 6.258, 8.258], "texture": "#1"},
				"down": {"uv": [8.742, 8.258, 7.508, 8.742], "texture": "#1"}
			}
		},
		{
			"from": [1.27975, 5.47527, 6.44791],
			"to": [6.87975, 7.71527, 10.92791],
			"rotation": {"angle": 0, "axis": "x", "origin": [4.07975, 6.03527, 8.12791]},
			"faces": {
				"north": {"uv": [0.008, 8.508, 1.242, 8.992], "texture": "#1"},
				"east": {"uv": [3.508, 6.008, 4.492, 6.492], "texture": "#1"},
				"south": {"uv": [1.258, 8.508, 2.492, 8.992], "texture": "#1"},
				"west": {"uv": [2.508, 7.008, 3.492, 7.492], "texture": "#1"},
				"up": {"uv": [5.992, 7.742, 4.758, 6.758], "texture": "#1"},
				"down": {"uv": [7.242, 6.758, 6.008, 7.742], "texture": "#1"}
			}
		},
		{
			"from": [6.88475, 6.41628, 4.30584],
			"to": [8.00475, 9.77628, 9.90584],
			"rotation": {"angle": -22.5, "axis": "x", "origin": [4.08475, 9.21628, 6.54584]},
			"faces": {
				"north": {"uv": [2.008, 9.258, 2.242, 9.992], "texture": "#2"},
				"east": {"uv": [4.06, 3.06, 8.9, 5.96], "texture": "#2"},
				"south": {"uv": [2.258, 9.258, 2.492, 9.992], "texture": "#2"},
				"west": {"uv": [4.06, 3.06, 8.9, 5.96], "texture": "#2"},
				"up": {"uv": [5.87, 10.9, 5.06, 6.1], "texture": "#2"},
				"down": {"uv": [6.12, 10.9, 5.06, 6.1], "texture": "#2"}
			}
		},
		{
			"from": [0.16475, 6.41628, 9.90584],
			"to": [8.00475, 9.77628, 11.02584],
			"rotation": {"angle": -22.5, "axis": "x", "origin": [4.08475, 9.21628, 6.54584]},
			"faces": {
				"north": {"uv": [3.06, 1.06, 10.84, 4.11], "texture": "#2"},
				"east": {"uv": [6.06, 3.06, 6.92, 5.94], "texture": "#2"},
				"south": {"uv": [3.06, 1.06, 10.84, 3.94], "texture": "#2"},
				"west": {"uv": [6.06, 3.06, 6.92, 5.94], "texture": "#2"},
				"up": {"uv": [12.94, 7.94, 6.06, 7.06], "texture": "#2"},
				"down": {"uv": [12.94, 7.94, 6.06, 7.06], "texture": "#2"}
			}
		},
		{
			"from": [0.16475, 6.41628, 4.30584],
			"to": [1.28475, 9.77628, 9.90584],
			"rotation": {"angle": -22.5, "axis": "x", "origin": [4.08475, 9.21628, 6.54584]},
			"faces": {
				"north": {"uv": [3.008, 9.258, 3.242, 9.992], "texture": "#2"},
				"east": {"uv": [4.06, 3.06, 8.9, 5.96], "texture": "#2"},
				"south": {"uv": [3.258, 9.258, 3.492, 9.992], "texture": "#2"},
				"west": {"uv": [4.06, 3.06, 8.9, 5.96], "texture": "#2"},
				"up": {"uv": [5.87, 10.9, 5.06, 6.1], "texture": "#2"},
				"down": {"uv": [5.87, 10.9, 5.06, 6.1], "texture": "#2"}
			}
		},
		{
			"from": [0.71975, 1.10815, 4.64605],
			"to": [7.43975, 8.82815, 11.36605],
			"rotation": {"angle": 0, "axis": "y", "origin": [-9.36025, 0.10815, -2.07395]},
			"faces": {
				"north": {"uv": [7.06, 5.1, 12.97, 12.97], "texture": "#2"},
				"east": {"uv": [7.06, 5.1, 12.97, 12.97], "texture": "#2"},
				"south": {"uv": [7.06, 5.1, 12.97, 12.97], "texture": "#2"},
				"west": {"uv": [7.06, 5.1, 12.97, 12.97], "texture": "#2"},
				"up": {"uv": [0.06, 0.06, 6.72, 5.72], "texture": "#2"},
				"down": {"uv": [0.06, 0.06, 6.72, 5.72], "texture": "#2"}
			}
		},
		{
			"from": [0.43975, 0.10815, 4.36605],
			"to": [7.99975, 2.34815, 11.64605],
			"rotation": {"angle": 0, "axis": "y", "origin": [-18.32025, 0.10815, -5.43395]},
			"faces": {
				"north": {"uv": [5.06, 3.06, 11.94, 4.99], "texture": "#2"},
				"east": {"uv": [5.06, 3.06, 11.94, 4.99], "texture": "#2"},
				"south": {"uv": [5.06, 3.06, 11.94, 4.99], "texture": "#2"},
				"west": {"uv": [5.06, 3.06, 11.94, 4.99], "texture": "#2"},
				"up": {"uv": [5.06, 4.06, 11.94, 10.94], "texture": "#2"},
				"down": {"uv": [5.06, 4.06, 11.94, 10.94], "texture": "#2"}
			}
		},
		{
			"from": [2.39975, 0.10815, 11.64605],
			"to": [6.87975, 1.22815, 12.76605],
			"rotation": {"angle": 0, "axis": "y", "origin": [-18.32025, 0.10815, -5.43395]},
			"faces": {
				"north": {"uv": [6.06, 5.06, 9.98, 6.12], "texture": "#2"},
				"east": {"uv": [9.06, 5.06, 9.87, 6.12], "texture": "#2"},
				"south": {"uv": [6.06, 5.06, 9.98, 6.12], "texture": "#2"},
				"west": {"uv": [6.06, 5.06, 6.87, 6.12], "texture": "#2"},
				"up": {"uv": [6.06, 5.06, 9.98, 6.12], "texture": "#2"},
				"down": {"uv": [6.06, 5.06, 9.98, 6.12], "texture": "#2"}
			}
		},
		{
			"from": [0.44085, 4.4555, 5.26979],
			"to": [7.59085, 5.5555, 5.26979],
			"rotation": {"angle": -22.5, "axis": "x", "origin": [3.92418, 2.89717, 6.3421]},
			"faces": {
				"north": {"uv": [8.508, 7.508, 10.242, 7.742], "texture": "#1"},
				"east": {"uv": [-1.06, 0.008, -2.06, 0.242], "texture": "#1"},
				"south": {"uv": [8.508, 7.758, 10.242, 7.992], "texture": "#1"},
				"west": {"uv": [-1.06, 0.008, -2.06, 0.242], "texture": "#1"},
				"up": {"uv": [1.742, -1.06, 0.008, -2.06], "texture": "#1"},
				"down": {"uv": [1.742, -1.06, 0.008, -2.06], "texture": "#1"}
			}
		},
		{
			"from": [0.43975, 4.6664, 12.92784],
			"to": [7.58975, 5.7664, 12.92784],
			"rotation": {"angle": -22.5, "axis": "x", "origin": [3.92308, 3.10806, 6.85125]},
			"faces": {
				"north": {"uv": [8.508, 8.008, 10.242, 8.242], "texture": "#1"},
				"east": {"uv": [-1.06, 0.008, -2.06, 0.242], "texture": "#1"},
				"south": {"uv": [2.508, 8.758, 4.242, 8.992], "texture": "#1"},
				"west": {"uv": [-1.06, 0.008, -2.06, 0.242], "texture": "#1"},
				"up": {"uv": [1.742, -1.06, 0.008, -2.06], "texture": "#1"},
				"down": {"uv": [1.742, -1.06, 0.008, -2.06], "texture": "#1"}
			}
		},
		{
			"from": [0.43975, 4.6664, 5.22894],
			"to": [0.43975, 5.7664, 12.92894],
			"rotation": {"angle": -22.5, "axis": "x", "origin": [3.92308, 3.10806, 6.85125]},
			"faces": {
				"north": {"uv": [-1.06, 0.008, -2.06, 0.242], "texture": "#1"},
				"east": {"uv": [8.758, 2.508, 10.492, 2.742], "texture": "#1"},
				"south": {"uv": [-1.06, 0.008, -2.06, 0.242], "texture": "#1"},
				"west": {"uv": [8.758, 2.758, 10.492, 2.992], "texture": "#1"},
				"up": {"uv": [-1.06, 1.742, -2.06, 0.008], "texture": "#1"},
				"down": {"uv": [-1.06, 0.008, -2.06, 1.742], "texture": "#1"}
			}
		},
		{
			"from": [7.58975, 4.6664, 5.22894],
			"to": [7.58975, 5.7664, 12.92894],
			"rotation": {"angle": -22.5, "axis": "x", "origin": [3.92308, 3.10806, 6.85125]},
			"faces": {
				"north": {"uv": [-1.06, 0.008, -2.06, 0.242], "texture": "#1"},
				"east": {"uv": [8.758, 3.008, 10.492, 3.242], "texture": "#1"},
				"south": {"uv": [-1.06, 0.008, -2.06, 0.242], "texture": "#1"},
				"west": {"uv": [4.258, 8.758, 5.992, 8.992], "texture": "#1"},
				"up": {"uv": [-1.06, 1.742, -2.06, 0.008], "texture": "#1"},
				"down": {"uv": [-1.06, 0.008, -2.06, 1.742], "texture": "#1"}
			}
		},
		{
			"from": [3.73975, 4.3914, 4.78894],
			"to": [4.83975, 5.4914, 4.78894],
			"rotation": {"angle": -22.5, "axis": "x", "origin": [3.92308, 3.10806, 6.85125]},
			"faces": {
				"north": {"uv": [3.008, 6.008, 3.242, 6.242], "texture": "#1"},
				"east": {"uv": [-1.06, 0.008, -2.06, 0.242], "texture": "#1"},
				"south": {"uv": [3.258, 6.008, 3.492, 6.242], "texture": "#1"},
				"west": {"uv": [-1.06, 0.008, -2.06, 0.242], "texture": "#1"},
				"up": {"uv": [0.242, -1.06, 0.008, -2.06], "texture": "#1"},
				"down": {"uv": [0.242, -1.06, 0.008, -2.06], "texture": "#1"}
			}
		},
		{
			"from": [1.53975, 0.2414, 11.71894],
			"to": [5.93975, 1.3414, 12.81894],
			"rotation": {"angle": 0, "axis": "y", "origin": [-9.18525, 1.0914, -1.75606]},
			"faces": {
				"north": {"uv": [7.758, 5.258, 8.9455, 5.508], "texture": "#1"},
				"east": {"uv": [7.758, 5.258, 8.133, 5.508], "texture": "#1"},
				"south": {"uv": [7.758, 5.258, 8.758, 5.508], "texture": "#1"},
				"west": {"uv": [7.758, 5.258, 8.133, 5.508], "texture": "#1"},
				"up": {"uv": [7.758, 5.258, 8.758, 5.508], "texture": "#1"},
				"down": {"uv": [7.758, 5.258, 8.9455, 5.508], "texture": "#1"}
			}
		},
		{
			"from": [2.63975, 5.4914, 4.51394],
			"to": [3.73975, 6.5914, 4.51394],
			"rotation": {"angle": -22.5, "axis": "x", "origin": [3.92308, 3.10806, 6.85125]},
			"faces": {
				"north": {"uv": [4.008, 6.508, 4.242, 6.742], "texture": "#1"},
				"east": {"uv": [-1.06, 0.008, -2.06, 0.242], "texture": "#1"},
				"south": {"uv": [4.258, 6.508, 4.492, 6.742], "texture": "#1"},
				"west": {"uv": [-1.06, 0.008, -2.06, 0.242], "texture": "#1"},
				"up": {"uv": [0.242, -1.06, 0.008, -2.06], "texture": "#1"},
				"down": {"uv": [0.242, -1.06, 0.008, -2.06], "texture": "#1"}
			}
		},
		{
			"from": [4.28975, 0.6253, 2.09394],
			"to": [10.88975, 0.6253, 7.59394],
			"rotation": {"angle": -22.5, "axis": "y", "origin": [7.58975, 0.2953, 3.0106]},
			"faces": {
				"north": {"uv": [0.008, -1.06, 1.492, -2.06], "texture": "#1"},
				"east": {"uv": [0.008, -1.06, 1.242, -2.06], "texture": "#1"},
				"south": {"uv": [0.008, -1.06, 1.492, -2.06], "texture": "#1"},
				"west": {"uv": [0.008, -1.06, 1.242, -2.06], "texture": "#1"},
				"up": {"uv": [5.992, 4.242, 4.508, 3.008], "texture": "#1"}
			}
		},
		{
			"from": [4.28975, 0.2953, 2.09394],
			"to": [10.88975, 0.2953, 7.59394],
			"rotation": {"angle": -22.5, "axis": "y", "origin": [7.58975, 0.2953, 3.0106]},
			"faces": {
				"north": {"uv": [0.008, -1.06, 1.492, -2.06], "texture": "#1"},
				"east": {"uv": [0.008, -1.06, 1.242, -2.06], "texture": "#1"},
				"south": {"uv": [0.008, -1.06, 1.492, -2.06], "texture": "#1"},
				"west": {"uv": [0.008, -1.06, 1.242, -2.06], "texture": "#1"},
				"up": {"uv": [4.492, 4.742, 3.008, 3.508], "texture": "#1"}
			}
		},
		{
			"from": [0.98975, 0.2953, -2.30606],
			"to": [2.08975, 0.2953, -1.20606],
			"rotation": {"angle": 45, "axis": "y", "origin": [5.93975, 0.2953, 1.54394]},
			"faces": {
				"north": {"uv": [0.008, -1.06, 1.492, -2.06], "texture": "#1"},
				"east": {"uv": [0.008, -1.06, 1.242, -2.06], "texture": "#1"},
				"south": {"uv": [0.008, -1.06, 1.492, -2.06], "texture": "#1"},
				"west": {"uv": [0.008, -1.06, 1.242, -2.06], "texture": "#1"},
				"up": {"uv": [3.492, 3.742, 3.258, 3.508], "texture": "#1"}
			}
		},
		{
			"from": [10.88975, 0.5153, 2.09394],
			"to": [11.98975, 0.5153, 3.19394],
			"rotation": {"angle": -22.5, "axis": "y", "origin": [7.58975, 0.2953, 3.0106]},
			"faces": {
				"north": {"uv": [0.008, -1.06, 1.492, -2.06], "texture": "#1"},
				"east": {"uv": [0.008, -1.06, 1.242, -2.06], "texture": "#1"},
				"south": {"uv": [0.008, -1.06, 1.492, -2.06], "texture": "#1"},
				"west": {"uv": [0.008, -1.06, 1.242, -2.06], "texture": "#1"},
				"up": {"uv": [3.492, 3.742, 3.258, 3.508], "texture": "#1"}
			}
		},
		{
			"from": [11.98975, 0.2953, 2.09394],
			"to": [13.08975, 0.2953, 3.19394],
			"rotation": {"angle": -45, "axis": "y", "origin": [12.53975, 0.2953, 4.84394]},
			"faces": {
				"north": {"uv": [0.008, -1.06, 1.492, -2.06], "texture": "#1"},
				"east": {"uv": [0.008, -1.06, 1.242, -2.06], "texture": "#1"},
				"south": {"uv": [0.008, -1.06, 1.492, -2.06], "texture": "#1"},
				"west": {"uv": [0.008, -1.06, 1.242, -2.06], "texture": "#1"},
				"up": {"uv": [3.492, 3.742, 3.258, 3.508], "texture": "#1"}
			}
		},
		{
			"from": [1.31475, 7.53595, 4.25253],
			"to": [6.81475, 9.73595, 6.45253],
			"rotation": {"angle": -45, "axis": "x", "origin": [4.06475, 8.63595, 5.90253]},
			"faces": {
				"north": {"uv": [6.008, 7.758, 7.242, 8.242], "texture": "#1"},
				"east": {"uv": [9.008, 6.258, 9.492, 6.742], "texture": "#1"},
				"south": {"uv": [7.758, 6.258, 8.992, 6.742], "texture": "#1"},
				"west": {"uv": [7.258, 9.008, 7.742, 9.492], "texture": "#1"},
				"up": {"uv": [9.492, 0.492, 8.258, 0.008], "texture": "#1"},
				"down": {"uv": [9.492, 0.508, 8.258, 0.992], "texture": "#1"}
			}
		},
		{
			"from": [1.31475, 7.60268, 5.51362],
			"to": [6.81475, 9.80268, 9.91362],
			"rotation": {"angle": 0, "axis": "x", "origin": [4.06475, 8.15268, 8.26362]},
			"faces": {
				"north": {"uv": [8.258, 1.008, 9.492, 1.492], "texture": "#1"},
				"east": {"uv": [3.508, 3.008, 4.492, 3.492], "texture": "#1"},
				"south": {"uv": [2.508, 8.258, 3.742, 8.742], "texture": "#1"},
				"west": {"uv": [5.008, 2.508, 5.992, 2.992], "texture": "#1"},
				"up": {"uv": [7.742, 2.492, 6.508, 1.508], "texture": "#1"},
				"down": {"uv": [4.742, 6.758, 3.508, 7.742], "texture": "#1"}
			}
		}
	],
	"display": {
		"thirdperson_righthand": {
			"rotation": [65, 0, 0],
			"translation": [-6.5, 7.25, 3.25]
		},
		"firstperson_righthand": {
			"translation": [-8.25, 0, 0]
		},
		"ground": {
			"translation": [0, 4, 0]
		},
		"gui": {
			"rotation": [-150.25, -36.75, 180],
			"translation": [0.75, 3, 0]
		},
		"fixed": {
			"rotation": [-90, 0, 0],
			"translation": [0, 0, -15],
			"scale": [2, 2, 2]
		}
	},
	"groups": [
		{
			"name": "left",
			"origin": [12, 6.46268, 8.45552],
			"color": 0,
			"children": [
				0,
				1,
				2,
				3,
				4,
				5,
				6,
				7,
				8,
				{
					"name": "rope",
					"origin": [8, 8, 8],
					"color": 0,
					"children": [9, 10, 11, 12, 13, 14, 15, 16]
				}
			]
		},
		{
			"name": "right",
			"origin": [12, 6.46268, 8.45552],
			"color": 0,
			"children": [
				17,
				18,
				19,
				20,
				21,
				22,
				23,
				24,
				25,
				{
					"name": "rope",
					"origin": [8, 8, 8],
					"color": 0,
					"children": [26, 27, 28, 29, 30, 31, 32]
				},
				33,
				34,
				35,
				36,
				37,
				38,
				39
			]
		}
	]
}