{
	"credit": "Made with Blockbench",
	"textures": {
		"0": "block/coffee1grape",
		"particle": "block/coffee1grape"
	},
	"elements": [
		{
			"name": "cup",
			"from": [1.65531, 1.6, 10.17527],
			"to": [2.95531, 4.4, 11.17527],
			"rotation": {"angle": 22.5, "axis": "y", "origin": [4.81597, 2.57895, 10.66624]},
			"faces": {
				"north": {"uv": [4.032, 0.032, 5.968, 3.968], "texture": "#0"},
				"east": {"uv": [11.032, 10.032, 11.968, 12.968], "texture": "#0"},
				"south": {"uv": [5.968, 0.032, 4.032, 3.968], "texture": "#0"},
				"west": {"uv": [5.032, 0.032, 5.968, 3.968], "texture": "#0"},
				"up": {"uv": [5.968, 0.968, 4.032, 0.032], "texture": "#0"},
				"down": {"uv": [5.968, 0.968, 4.032, 0.032], "texture": "#0"}
			}
		},
		{
			"name": "cup",
			"from": [3.9821, 1, 9.67527],
			"to": [5.9821, 4, 11.67527],
			"rotation": {"angle": 22.5, "axis": "y", "origin": [4.81597, 2.57895, 10.66624]},
			"faces": {
				"north": {"uv": [9.968, 1.968, 8.032, 0.032], "texture": "#0"},
				"east": {"uv": [9.968, 1.968, 8.032, 0.032], "texture": "#0"},
				"south": {"uv": [9.968, 1.968, 8.032, 0.032], "texture": "#0"},
				"west": {"uv": [9.968, 1.968, 8.032, 0.032], "texture": "#0"},
				"up": {"uv": [9.968, 1.968, 8.032, 0.032], "texture": "#0"},
				"down": {"uv": [9.968, 1.968, 8.032, 0.032], "texture": "#0"}
			}
		},
		{
			"name": "cup",
			"from": [1.9821, 0, 7.67527],
			"to": [7.9821, 1, 13.67527],
			"rotation": {"angle": 22.5, "axis": "y", "origin": [4.81597, 2.57895, 10.66624]},
			"faces": {
				"north": {"uv": [6.032, 10.032, 11.968, 10.968], "texture": "#0"},
				"east": {"uv": [6.032, 10.032, 11.968, 10.968], "texture": "#0"},
				"south": {"uv": [6.032, 10.032, 11.968, 10.968], "texture": "#0"},
				"west": {"uv": [6.032, 10.032, 11.968, 10.968], "texture": "#0"},
				"up": {"uv": [0.032, 10.032, 5.968, 15.968], "texture": "#0"},
				"down": {"uv": [0.032, 10.032, 5.968, 15.968], "texture": "#0"}
			}
		},
		{
			"name": "body",
			"from": [5.95531, 1, 9.67527],
			"to": [6.95531, 5, 11.67527],
			"rotation": {"angle": 22.5, "axis": "y", "origin": [4.81597, 2.57895, 10.66624]},
			"faces": {
				"north": {"uv": [10.032, 9.032, 10.968, 12.968], "texture": "#0"},
				"east": {"uv": [1.032, 0.032, 2.968, 3.968], "texture": "#0"},
				"south": {"uv": [11.032, 0.032, 11.968, 3.968], "texture": "#0"},
				"west": {"uv": [1.032, 0, 2.968, 3.936], "texture": "#0"},
				"up": {"uv": [3.968, 2.968, 3.032, 1.032], "texture": "#0"},
				"down": {"uv": [4.968, 12.032, 4.032, 13.968], "texture": "#0"}
			}
		},
		{
			"name": "body",
			"from": [2.95531, 1, 9.67527],
			"to": [3.95531, 5, 11.67527],
			"rotation": {"angle": 22.5, "axis": "y", "origin": [4.81597, 2.57895, 10.66624]},
			"faces": {
				"north": {"uv": [0.032, 0.032, 0.968, 3.968], "texture": "#0"},
				"east": {"uv": [1.032, 0.032, 2.968, 3.968], "texture": "#0"},
				"south": {"uv": [3.032, 0.032, 3.968, 3.968], "texture": "#0"},
				"west": {"uv": [1.032, 0.032, 2.968, 3.968], "texture": "#0"},
				"up": {"uv": [3.968, 2.968, 3.032, 1.032], "texture": "#0"},
				"down": {"uv": [1.968, 2.032, 1.032, 3.968], "texture": "#0"}
			}
		},
		{
			"name": "body",
			"from": [2.95531, 1, 8.67527],
			"to": [6.95531, 5, 9.67527],
			"rotation": {"angle": 22.5, "axis": "y", "origin": [4.81597, 2.57895, 10.66624]},
			"faces": {
				"north": {"uv": [0.032, 0.032, 3.968, 3.968], "texture": "#0"},
				"east": {"uv": [1.032, 0.032, 1.968, 3.968], "texture": "#0"},
				"south": {"uv": [0.032, 0.032, 3.968, 3.968], "texture": "#0"},
				"west": {"uv": [0.032, 0.032, 0.968, 3.968], "texture": "#0"},
				"up": {"uv": [4.968, 10.968, 1.032, 10.032], "texture": "#0"},
				"down": {"uv": [12.968, 4.032, 9.032, 4.968], "texture": "#0"}
			}
		},
		{
			"name": "body",
			"from": [2.95531, 1, 11.67527],
			"to": [6.95531, 5, 12.67527],
			"rotation": {"angle": 22.5, "axis": "y", "origin": [4.81597, 2.57895, 10.66624]},
			"faces": {
				"north": {"uv": [0.032, 0.032, 3.968, 3.968], "texture": "#0"},
				"east": {"uv": [0.032, 0.032, 0.968, 3.968], "texture": "#0"},
				"south": {"uv": [0.032, 0.032, 3.968, 3.968], "texture": "#0"},
				"west": {"uv": [3.032, 0.032, 3.968, 3.968], "texture": "#0"},
				"up": {"uv": [4.968, 10.968, 1.032, 10.032], "texture": "#0"},
				"down": {"uv": [12.968, 6.032, 9.032, 6.968], "texture": "#0"}
			}
		},
		{
			"from": [3.12892, 1.6396, 8.56098],
			"to": [3.84972, 2.3604, 8.56098],
			"rotation": {"angle": 22.5, "axis": "y", "origin": [4.81597, 2.57895, 10.66624]},
			"faces": {
				"north": {"uv": [1.032, 6.032, 1.968, 6.968], "texture": "#0"},
				"east": {"uv": [0.032, 0.032, 0.032, 0.968], "texture": "#0"},
				"south": {"uv": [0, 0, 0, 0], "texture": "#0"},
				"west": {"uv": [0.032, 0.032, 0.032, 0.968], "texture": "#0"},
				"up": {"uv": [0.032, 0.032, 0.968, 0.032], "texture": "#0"},
				"down": {"uv": [0.032, 0.032, 0.968, 0.032], "texture": "#0"}
			}
		},
		{
			"from": [5.29132, 2.3396, 8.56098],
			"to": [6.01212, 3.0604, 8.56098],
			"rotation": {"angle": 22.5, "axis": "y", "origin": [4.81597, 2.57895, 10.66624]},
			"faces": {
				"north": {"uv": [0.032, 6.032, 0.968, 6.968], "texture": "#0"},
				"east": {"uv": [0.032, 0.032, 0.032, 0.968], "texture": "#0"},
				"south": {"uv": [0, 0, 0, 0], "texture": "#0"},
				"west": {"uv": [0.032, 0.032, 0.032, 0.968], "texture": "#0"},
				"up": {"uv": [0.032, 0.032, 0.968, 0.032], "texture": "#0"},
				"down": {"uv": [0.032, 0.032, 0.968, 0.032], "texture": "#0"}
			}
		},
		{
			"from": [4.57052, 1.6188, 8.56098],
			"to": [5.29132, 2.3396, 8.56098],
			"rotation": {"angle": 22.5, "axis": "y", "origin": [4.81597, 2.57895, 10.66624]},
			"faces": {
				"north": {"uv": [0.032, 7.032, 0.968, 7.968], "texture": "#0"},
				"east": {"uv": [0.032, 0.032, 0.032, 0.968], "texture": "#0"},
				"south": {"uv": [0, 0, 0, 0], "texture": "#0"},
				"west": {"uv": [0.032, 0.032, 0.032, 0.968], "texture": "#0"},
				"up": {"uv": [0.032, 0.032, 0.968, 0.032], "texture": "#0"},
				"down": {"uv": [0.032, 0.032, 0.968, 0.032], "texture": "#0"}
			}
		},
		{
			"from": [3.84972, 2.3396, 8.56098],
			"to": [4.57052, 3.0604, 8.56098],
			"rotation": {"angle": 22.5, "axis": "y", "origin": [4.81597, 2.57895, 10.66624]},
			"faces": {
				"north": {"uv": [0.032, 6.032, 0.968, 6.968], "texture": "#0"},
				"east": {"uv": [0.032, 0.032, 0.032, 0.968], "texture": "#0"},
				"south": {"uv": [0, 0, 0, 0], "texture": "#0"},
				"west": {"uv": [0.032, 0.032, 0.032, 0.968], "texture": "#0"},
				"up": {"uv": [0.032, 0.032, 0.968, 0.032], "texture": "#0"},
				"down": {"uv": [0.032, 0.032, 0.968, 0.032], "texture": "#0"}
			}
		},
		{
			"from": [6.01212, 2.3396, 8.56098],
			"to": [6.73292, 3.0604, 8.56098],
			"rotation": {"angle": 22.5, "axis": "y", "origin": [4.81597, 2.57895, 10.66624]},
			"faces": {
				"north": {"uv": [2.032, 6.032, 2.968, 6.968], "texture": "#0"},
				"east": {"uv": [0.032, 0.032, 0.032, 0.968], "texture": "#0"},
				"south": {"uv": [0, 0, 0, 0], "texture": "#0"},
				"west": {"uv": [0.032, 0.032, 0.032, 0.968], "texture": "#0"},
				"up": {"uv": [0.032, 0.032, 0.968, 0.032], "texture": "#0"},
				"down": {"uv": [0.032, 0.032, 0.968, 0.032], "texture": "#0"}
			}
		},
		{
			"from": [5.29132, 3.0604, 8.56098],
			"to": [6.01212, 3.7812, 8.56098],
			"rotation": {"angle": 22.5, "axis": "y", "origin": [4.81597, 2.57895, 10.66624]},
			"faces": {
				"north": {"uv": [1.032, 6.032, 1.968, 6.968], "texture": "#0"},
				"east": {"uv": [0.032, 0.032, 0.032, 0.968], "texture": "#0"},
				"south": {"uv": [0, 0, 0, 0], "texture": "#0"},
				"west": {"uv": [0.032, 0.032, 0.032, 0.968], "texture": "#0"},
				"up": {"uv": [0.032, 0.032, 0.968, 0.032], "texture": "#0"},
				"down": {"uv": [0.032, 0.032, 0.968, 0.032], "texture": "#0"}
			}
		},
		{
			"from": [6.05239, 1.6396, 12.76098],
			"to": [6.77319, 2.3604, 12.76098],
			"rotation": {"angle": 22.5, "axis": "y", "origin": [4.81597, 2.57895, 10.66624]},
			"faces": {
				"north": {"uv": [0, 0, 0, 0], "texture": "#0"},
				"east": {"uv": [0.032, 0.032, 0.032, 0.968], "texture": "#0"},
				"south": {"uv": [1.032, 6.032, 1.968, 6.968], "texture": "#0"},
				"west": {"uv": [0.032, 0.032, 0.032, 0.968], "texture": "#0"},
				"up": {"uv": [0.032, 0.032, 0.968, 0.032], "rotation": 180, "texture": "#0"},
				"down": {"uv": [0.032, 0.032, 0.968, 0.032], "rotation": 180, "texture": "#0"}
			}
		},
		{
			"from": [3.88999, 2.3396, 12.76098],
			"to": [4.61079, 3.0604, 12.76098],
			"rotation": {"angle": 22.5, "axis": "y", "origin": [4.81597, 2.57895, 10.66624]},
			"faces": {
				"north": {"uv": [0, 0, 0, 0], "texture": "#0"},
				"east": {"uv": [0.032, 0.032, 0.032, 0.968], "texture": "#0"},
				"south": {"uv": [0.032, 6.032, 0.968, 6.968], "texture": "#0"},
				"west": {"uv": [0.032, 0.032, 0.032, 0.968], "texture": "#0"},
				"up": {"uv": [0.032, 0.032, 0.968, 0.032], "rotation": 180, "texture": "#0"},
				"down": {"uv": [0.032, 0.032, 0.968, 0.032], "rotation": 180, "texture": "#0"}
			}
		},
		{
			"from": [4.61079, 1.6188, 12.76098],
			"to": [5.33159, 2.3396, 12.76098],
			"rotation": {"angle": 22.5, "axis": "y", "origin": [4.81597, 2.57895, 10.66624]},
			"faces": {
				"north": {"uv": [0, 0, 0, 0], "texture": "#0"},
				"east": {"uv": [0.032, 0.032, 0.032, 0.968], "texture": "#0"},
				"south": {"uv": [0.032, 7.032, 0.968, 7.968], "texture": "#0"},
				"west": {"uv": [0.032, 0.032, 0.032, 0.968], "texture": "#0"},
				"up": {"uv": [0.032, 0.032, 0.968, 0.032], "rotation": 180, "texture": "#0"},
				"down": {"uv": [0.032, 0.032, 0.968, 0.032], "rotation": 180, "texture": "#0"}
			}
		},
		{
			"from": [5.33159, 2.3396, 12.76098],
			"to": [6.05239, 3.0604, 12.76098],
			"rotation": {"angle": 22.5, "axis": "y", "origin": [4.81597, 2.57895, 10.66624]},
			"faces": {
				"north": {"uv": [0, 0, 0, 0], "texture": "#0"},
				"east": {"uv": [0.032, 0.032, 0.032, 0.968], "texture": "#0"},
				"south": {"uv": [0.032, 6.032, 0.968, 6.968], "texture": "#0"},
				"west": {"uv": [0.032, 0.032, 0.032, 0.968], "texture": "#0"},
				"up": {"uv": [0.032, 0.032, 0.968, 0.032], "rotation": 180, "texture": "#0"},
				"down": {"uv": [0.032, 0.032, 0.968, 0.032], "rotation": 180, "texture": "#0"}
			}
		},
		{
			"from": [3.16919, 2.3396, 12.76098],
			"to": [3.88999, 3.0604, 12.76098],
			"rotation": {"angle": 22.5, "axis": "y", "origin": [4.81597, 2.57895, 10.66624]},
			"faces": {
				"north": {"uv": [0, 0, 0, 0], "texture": "#0"},
				"east": {"uv": [0.032, 0.032, 0.032, 0.968], "texture": "#0"},
				"south": {"uv": [2.032, 6.032, 2.968, 6.968], "texture": "#0"},
				"west": {"uv": [0.032, 0.032, 0.032, 0.968], "texture": "#0"},
				"up": {"uv": [0.032, 0.032, 0.968, 0.032], "rotation": 180, "texture": "#0"},
				"down": {"uv": [0.032, 0.032, 0.968, 0.032], "rotation": 180, "texture": "#0"}
			}
		},
		{
			"from": [3.88999, 3.0604, 12.76098],
			"to": [4.61079, 3.7812, 12.76098],
			"rotation": {"angle": 22.5, "axis": "y", "origin": [4.81597, 2.57895, 10.66624]},
			"faces": {
				"north": {"uv": [0, 0, 0, 0], "texture": "#0"},
				"east": {"uv": [0.032, 0.032, 0.032, 0.968], "texture": "#0"},
				"south": {"uv": [1.032, 6.032, 1.968, 6.968], "texture": "#0"},
				"west": {"uv": [0.032, 0.032, 0.032, 0.968], "texture": "#0"},
				"up": {"uv": [0.032, 0.032, 0.968, 0.032], "rotation": 180, "texture": "#0"},
				"down": {"uv": [0.032, 0.032, 0.968, 0.032], "rotation": 180, "texture": "#0"}
			}
		},
		{
			"name": "cup",
			"from": [13.22909, 1.6, 4.23572],
			"to": [14.52909, 4.4, 5.23572],
			"rotation": {"angle": 0, "axis": "y", "origin": [11.36843, 2.57895, 4.74475]},
			"faces": {
				"north": {"uv": [5.968, 0.032, 4.032, 3.968], "texture": "#0"},
				"east": {"uv": [5.032, 0.032, 5.968, 3.968], "texture": "#0"},
				"south": {"uv": [4.032, 0.032, 5.968, 3.968], "texture": "#0"},
				"west": {"uv": [11.032, 10.032, 11.968, 12.968], "texture": "#0"},
				"up": {"uv": [5.968, 0.968, 4.032, 0.032], "rotation": 180, "texture": "#0"},
				"down": {"uv": [5.968, 0.968, 4.032, 0.032], "rotation": 180, "texture": "#0"}
			}
		},
		{
			"name": "cup",
			"from": [10.2023, 1, 3.73572],
			"to": [12.2023, 4, 5.73572],
			"rotation": {"angle": 0, "axis": "y", "origin": [11.36843, 2.57895, 4.74475]},
			"faces": {
				"north": {"uv": [9.968, 1.968, 8.032, 0.032], "texture": "#0"},
				"east": {"uv": [9.968, 1.968, 8.032, 0.032], "texture": "#0"},
				"south": {"uv": [9.968, 1.968, 8.032, 0.032], "texture": "#0"},
				"west": {"uv": [9.968, 1.968, 8.032, 0.032], "texture": "#0"},
				"up": {"uv": [9.968, 1.968, 8.032, 0.032], "rotation": 180, "texture": "#0"},
				"down": {"uv": [9.968, 1.968, 8.032, 0.032], "rotation": 180, "texture": "#0"}
			}
		},
		{
			"name": "cup",
			"from": [8.2023, 0, 1.73572],
			"to": [14.2023, 1, 7.73572],
			"rotation": {"angle": 0, "axis": "y", "origin": [11.36843, 2.57895, 4.74475]},
			"faces": {
				"north": {"uv": [6.032, 10.032, 11.968, 10.968], "texture": "#0"},
				"east": {"uv": [6.032, 10.032, 11.968, 10.968], "texture": "#0"},
				"south": {"uv": [6.032, 10.032, 11.968, 10.968], "texture": "#0"},
				"west": {"uv": [6.032, 10.032, 11.968, 10.968], "texture": "#0"},
				"up": {"uv": [0.032, 10.032, 5.968, 15.968], "rotation": 180, "texture": "#0"},
				"down": {"uv": [0.032, 10.032, 5.968, 15.968], "rotation": 180, "texture": "#0"}
			}
		},
		{
			"name": "body",
			"from": [9.22909, 1, 3.73572],
			"to": [10.22909, 5, 5.73572],
			"rotation": {"angle": 0, "axis": "y", "origin": [11.36843, 2.57895, 4.74475]},
			"faces": {
				"north": {"uv": [11.032, 0.032, 11.968, 3.968], "texture": "#0"},
				"east": {"uv": [1.032, 0, 2.968, 3.936], "texture": "#0"},
				"south": {"uv": [10.032, 9.032, 10.968, 12.968], "texture": "#0"},
				"west": {"uv": [1.032, 0.032, 2.968, 3.968], "texture": "#0"},
				"up": {"uv": [3.968, 2.968, 3.032, 1.032], "rotation": 180, "texture": "#0"},
				"down": {"uv": [4.968, 12.032, 4.032, 13.968], "rotation": 180, "texture": "#0"}
			}
		},
		{
			"name": "body",
			"from": [12.22909, 1, 3.73572],
			"to": [13.22909, 5, 5.73572],
			"rotation": {"angle": 0, "axis": "y", "origin": [11.36843, 2.57895, 4.74475]},
			"faces": {
				"north": {"uv": [3.032, 0.032, 3.968, 3.968], "texture": "#0"},
				"east": {"uv": [1.032, 0.032, 2.968, 3.968], "texture": "#0"},
				"south": {"uv": [0.032, 0.032, 0.968, 3.968], "texture": "#0"},
				"west": {"uv": [1.032, 0.032, 2.968, 3.968], "texture": "#0"},
				"up": {"uv": [3.968, 2.968, 3.032, 1.032], "rotation": 180, "texture": "#0"},
				"down": {"uv": [1.968, 2.032, 1.032, 3.968], "rotation": 180, "texture": "#0"}
			}
		},
		{
			"name": "body",
			"from": [9.22909, 1, 5.73572],
			"to": [13.22909, 5, 6.73572],
			"rotation": {"angle": 0, "axis": "y", "origin": [11.36843, 2.57895, 4.74475]},
			"faces": {
				"north": {"uv": [0.032, 0.032, 3.968, 3.968], "texture": "#0"},
				"east": {"uv": [0.032, 0.032, 0.968, 3.968], "texture": "#0"},
				"south": {"uv": [0.032, 0.032, 3.968, 3.968], "texture": "#0"},
				"west": {"uv": [1.032, 0.032, 1.968, 3.968], "texture": "#0"},
				"up": {"uv": [4.968, 10.968, 1.032, 10.032], "rotation": 180, "texture": "#0"},
				"down": {"uv": [12.968, 4.032, 9.032, 4.968], "rotation": 180, "texture": "#0"}
			}
		},
		{
			"name": "body",
			"from": [9.22909, 1, 2.73572],
			"to": [13.22909, 5, 3.73572],
			"rotation": {"angle": 0, "axis": "y", "origin": [11.36843, 2.57895, 4.74475]},
			"faces": {
				"north": {"uv": [0.032, 0.032, 3.968, 3.968], "texture": "#0"},
				"east": {"uv": [3.032, 0.032, 3.968, 3.968], "texture": "#0"},
				"south": {"uv": [0.032, 0.032, 3.968, 3.968], "texture": "#0"},
				"west": {"uv": [0.032, 0.032, 0.968, 3.968], "texture": "#0"},
				"up": {"uv": [4.968, 10.968, 1.032, 10.032], "rotation": 180, "texture": "#0"},
				"down": {"uv": [12.968, 6.032, 9.032, 6.968], "rotation": 180, "texture": "#0"}
			}
		},
		{
			"from": [12.33468, 1.6396, 6.85001],
			"to": [13.05548, 2.3604, 6.85001],
			"rotation": {"angle": 0, "axis": "y", "origin": [11.36843, 2.57895, 4.74475]},
			"faces": {
				"north": {"uv": [0, 0, 0, 0], "texture": "#0"},
				"east": {"uv": [0.032, 0.032, 0.032, 0.968], "texture": "#0"},
				"south": {"uv": [1.032, 6.032, 1.968, 6.968], "texture": "#0"},
				"west": {"uv": [0.032, 0.032, 0.032, 0.968], "texture": "#0"},
				"up": {"uv": [0.032, 0.032, 0.968, 0.032], "rotation": 180, "texture": "#0"},
				"down": {"uv": [0.032, 0.032, 0.968, 0.032], "rotation": 180, "texture": "#0"}
			}
		},
		{
			"from": [10.17228, 2.3396, 6.85001],
			"to": [10.89308, 3.0604, 6.85001],
			"rotation": {"angle": 0, "axis": "y", "origin": [11.36843, 2.57895, 4.74475]},
			"faces": {
				"north": {"uv": [0, 0, 0, 0], "texture": "#0"},
				"east": {"uv": [0.032, 0.032, 0.032, 0.968], "texture": "#0"},
				"south": {"uv": [0.032, 6.032, 0.968, 6.968], "texture": "#0"},
				"west": {"uv": [0.032, 0.032, 0.032, 0.968], "texture": "#0"},
				"up": {"uv": [0.032, 0.032, 0.968, 0.032], "rotation": 180, "texture": "#0"},
				"down": {"uv": [0.032, 0.032, 0.968, 0.032], "rotation": 180, "texture": "#0"}
			}
		},
		{
			"from": [10.89308, 1.6188, 6.85001],
			"to": [11.61388, 2.3396, 6.85001],
			"rotation": {"angle": 0, "axis": "y", "origin": [11.36843, 2.57895, 4.74475]},
			"faces": {
				"north": {"uv": [0, 0, 0, 0], "texture": "#0"},
				"east": {"uv": [0.032, 0.032, 0.032, 0.968], "texture": "#0"},
				"south": {"uv": [0.032, 7.032, 0.968, 7.968], "texture": "#0"},
				"west": {"uv": [0.032, 0.032, 0.032, 0.968], "texture": "#0"},
				"up": {"uv": [0.032, 0.032, 0.968, 0.032], "rotation": 180, "texture": "#0"},
				"down": {"uv": [0.032, 0.032, 0.968, 0.032], "rotation": 180, "texture": "#0"}
			}
		},
		{
			"from": [11.61388, 2.3396, 6.85001],
			"to": [12.33468, 3.0604, 6.85001],
			"rotation": {"angle": 0, "axis": "y", "origin": [11.36843, 2.57895, 4.74475]},
			"faces": {
				"north": {"uv": [0, 0, 0, 0], "texture": "#0"},
				"east": {"uv": [0.032, 0.032, 0.032, 0.968], "texture": "#0"},
				"south": {"uv": [0.032, 6.032, 0.968, 6.968], "texture": "#0"},
				"west": {"uv": [0.032, 0.032, 0.032, 0.968], "texture": "#0"},
				"up": {"uv": [0.032, 0.032, 0.968, 0.032], "rotation": 180, "texture": "#0"},
				"down": {"uv": [0.032, 0.032, 0.968, 0.032], "rotation": 180, "texture": "#0"}
			}
		},
		{
			"from": [9.45148, 2.3396, 6.85001],
			"to": [10.17228, 3.0604, 6.85001],
			"rotation": {"angle": 0, "axis": "y", "origin": [11.36843, 2.57895, 4.74475]},
			"faces": {
				"north": {"uv": [0, 0, 0, 0], "texture": "#0"},
				"east": {"uv": [0.032, 0.032, 0.032, 0.968], "texture": "#0"},
				"south": {"uv": [2.032, 6.032, 2.968, 6.968], "texture": "#0"},
				"west": {"uv": [0.032, 0.032, 0.032, 0.968], "texture": "#0"},
				"up": {"uv": [0.032, 0.032, 0.968, 0.032], "rotation": 180, "texture": "#0"},
				"down": {"uv": [0.032, 0.032, 0.968, 0.032], "rotation": 180, "texture": "#0"}
			}
		},
		{
			"from": [10.17228, 3.0604, 6.85001],
			"to": [10.89308, 3.7812, 6.85001],
			"rotation": {"angle": 0, "axis": "y", "origin": [11.36843, 2.57895, 4.74475]},
			"faces": {
				"north": {"uv": [0, 0, 0, 0], "texture": "#0"},
				"east": {"uv": [0.032, 0.032, 0.032, 0.968], "texture": "#0"},
				"south": {"uv": [1.032, 6.032, 1.968, 6.968], "texture": "#0"},
				"west": {"uv": [0.032, 0.032, 0.032, 0.968], "texture": "#0"},
				"up": {"uv": [0.032, 0.032, 0.968, 0.032], "rotation": 180, "texture": "#0"},
				"down": {"uv": [0.032, 0.032, 0.968, 0.032], "rotation": 180, "texture": "#0"}
			}
		},
		{
			"from": [9.41121, 1.6396, 2.65001],
			"to": [10.13201, 2.3604, 2.65001],
			"rotation": {"angle": 0, "axis": "y", "origin": [11.36843, 2.57895, 4.74475]},
			"faces": {
				"north": {"uv": [1.032, 6.032, 1.968, 6.968], "texture": "#0"},
				"east": {"uv": [0.032, 0.032, 0.032, 0.968], "texture": "#0"},
				"south": {"uv": [0, 0, 0, 0], "texture": "#0"},
				"west": {"uv": [0.032, 0.032, 0.032, 0.968], "texture": "#0"},
				"up": {"uv": [0.032, 0.032, 0.968, 0.032], "texture": "#0"},
				"down": {"uv": [0.032, 0.032, 0.968, 0.032], "texture": "#0"}
			}
		},
		{
			"from": [11.57361, 2.3396, 2.65001],
			"to": [12.29441, 3.0604, 2.65001],
			"rotation": {"angle": 0, "axis": "y", "origin": [11.36843, 2.57895, 4.74475]},
			"faces": {
				"north": {"uv": [0.032, 6.032, 0.968, 6.968], "texture": "#0"},
				"east": {"uv": [0.032, 0.032, 0.032, 0.968], "texture": "#0"},
				"south": {"uv": [0, 0, 0, 0], "texture": "#0"},
				"west": {"uv": [0.032, 0.032, 0.032, 0.968], "texture": "#0"},
				"up": {"uv": [0.032, 0.032, 0.968, 0.032], "texture": "#0"},
				"down": {"uv": [0.032, 0.032, 0.968, 0.032], "texture": "#0"}
			}
		},
		{
			"from": [10.85281, 1.6188, 2.65001],
			"to": [11.57361, 2.3396, 2.65001],
			"rotation": {"angle": 0, "axis": "y", "origin": [11.36843, 2.57895, 4.74475]},
			"faces": {
				"north": {"uv": [0.032, 7.032, 0.968, 7.968], "texture": "#0"},
				"east": {"uv": [0.032, 0.032, 0.032, 0.968], "texture": "#0"},
				"south": {"uv": [0, 0, 0, 0], "texture": "#0"},
				"west": {"uv": [0.032, 0.032, 0.032, 0.968], "texture": "#0"},
				"up": {"uv": [0.032, 0.032, 0.968, 0.032], "texture": "#0"},
				"down": {"uv": [0.032, 0.032, 0.968, 0.032], "texture": "#0"}
			}
		},
		{
			"from": [10.13201, 2.3396, 2.65001],
			"to": [10.85281, 3.0604, 2.65001],
			"rotation": {"angle": 0, "axis": "y", "origin": [11.36843, 2.57895, 4.74475]},
			"faces": {
				"north": {"uv": [0.032, 6.032, 0.968, 6.968], "texture": "#0"},
				"east": {"uv": [0.032, 0.032, 0.032, 0.968], "texture": "#0"},
				"south": {"uv": [0, 0, 0, 0], "texture": "#0"},
				"west": {"uv": [0.032, 0.032, 0.032, 0.968], "texture": "#0"},
				"up": {"uv": [0.032, 0.032, 0.968, 0.032], "texture": "#0"},
				"down": {"uv": [0.032, 0.032, 0.968, 0.032], "texture": "#0"}
			}
		},
		{
			"from": [12.29441, 2.3396, 2.65001],
			"to": [13.01521, 3.0604, 2.65001],
			"rotation": {"angle": 0, "axis": "y", "origin": [11.36843, 2.57895, 4.74475]},
			"faces": {
				"north": {"uv": [2.032, 6.032, 2.968, 6.968], "texture": "#0"},
				"east": {"uv": [0.032, 0.032, 0.032, 0.968], "texture": "#0"},
				"south": {"uv": [0, 0, 0, 0], "texture": "#0"},
				"west": {"uv": [0.032, 0.032, 0.032, 0.968], "texture": "#0"},
				"up": {"uv": [0.032, 0.032, 0.968, 0.032], "texture": "#0"},
				"down": {"uv": [0.032, 0.032, 0.968, 0.032], "texture": "#0"}
			}
		},
		{
			"from": [11.57361, 3.0604, 2.65001],
			"to": [12.29441, 3.7812, 2.65001],
			"rotation": {"angle": 0, "axis": "y", "origin": [11.36843, 2.57895, 4.74475]},
			"faces": {
				"north": {"uv": [1.032, 6.032, 1.968, 6.968], "texture": "#0"},
				"east": {"uv": [0.032, 0.032, 0.032, 0.968], "texture": "#0"},
				"south": {"uv": [0, 0, 0, 0], "texture": "#0"},
				"west": {"uv": [0.032, 0.032, 0.032, 0.968], "texture": "#0"},
				"up": {"uv": [0.032, 0.032, 0.968, 0.032], "texture": "#0"},
				"down": {"uv": [0.032, 0.032, 0.968, 0.032], "texture": "#0"}
			}
		}
	],
	"display": {
		"thirdperson_righthand": {
			"rotation": [64.67, -28.75, -1.35],
			"translation": [-6.5, 5, 6]
		},
		"firstperson_righthand": {
			"rotation": [-172.05, 48.42, 172.44],
			"translation": [1.75, 2.5, -6.75]
		},
		"ground": {
			"translation": [0, 4, 0]
		},
		"gui": {
			"rotation": [9.56, -6.69, -0.04],
			"translation": [-0.25, 5.25, 0]
		},
		"fixed": {
			"rotation": [-90, 0, 0],
			"translation": [0, 0, -15],
			"scale": [2, 2, 2]
		}
	},
	"groups": [
		{
			"name": "cup",
			"origin": [-0.4, 1, 0.1],
			"color": 0,
			"children": [
				0,
				1,
				2,
				{
					"name": "body",
					"origin": [-0.91603, 1, 1.20622],
					"color": 1,
					"children": [3, 4, 5, 6]
				},
				{
					"name": "group",
					"origin": [0, 0, 0],
					"color": 0,
					"children": [7, 8, 9, 10, 11, 12]
				},
				{
					"name": "group",
					"origin": [0, 0, 0],
					"color": 0,
					"children": [13, 14, 15, 16, 17, 18]
				}
			]
		},
		{
			"name": "cup",
			"origin": [-0.4, 1, 0.1],
			"color": 0,
			"children": [
				19,
				20,
				21,
				{
					"name": "body",
					"origin": [-0.91603, 1, 1.20622],
					"color": 1,
					"children": [22, 23, 24, 25]
				},
				{
					"name": "group",
					"origin": [0, 0, 0],
					"color": 0,
					"children": [26, 27, 28, 29, 30, 31]
				},
				{
					"name": "group",
					"origin": [0, 0, 0],
					"color": 0,
					"children": [32, 33, 34, 35, 36, 37]
				}
			]
		}
	]
}