{
	"credit": "Made with Blockbench",
	"textures": {
		"3": "block/coffee1blue"
	},
	"elements": [
		{
			"name": "cup",
			"from": [1.67092, 1.6, 7.51429],
			"to": [2.97092, 4.4, 8.51429],
			"rotation": {"angle": 0, "axis": "y", "origin": [8, 2.57143, 8]},
			"faces": {
				"north": {"uv": [4.032, 0.032, 5.968, 3.968], "texture": "#3"},
				"east": {"uv": [11.032, 10.032, 11.968, 12.968], "texture": "#3"},
				"south": {"uv": [5.968, 0.032, 4.032, 3.968], "texture": "#3"},
				"west": {"uv": [5.032, 0.032, 5.968, 3.968], "texture": "#3"},
				"up": {"uv": [5.968, 0.968, 4.032, 0.032], "texture": "#3"},
				"down": {"uv": [5.968, 0.968, 4.032, 0.032], "texture": "#3"}
			}
		},
		{
			"name": "cup",
			"from": [3.99771, 1, 7.01429],
			"to": [5.99771, 4, 9.01429],
			"rotation": {"angle": 0, "axis": "y", "origin": [8, 2.57143, 8]},
			"faces": {
				"north": {"uv": [9.968, 1.968, 8.032, 0.032], "texture": "#3"},
				"east": {"uv": [9.968, 1.968, 8.032, 0.032], "texture": "#3"},
				"south": {"uv": [9.968, 1.968, 8.032, 0.032], "texture": "#3"},
				"west": {"uv": [9.968, 1.968, 8.032, 0.032], "texture": "#3"},
				"up": {"uv": [9.968, 1.968, 8.032, 0.032], "texture": "#3"},
				"down": {"uv": [9.968, 1.968, 8.032, 0.032], "texture": "#3"}
			}
		},
		{
			"name": "cup",
			"from": [1.99771, 0, 5.01429],
			"to": [7.99771, 1, 11.01429],
			"rotation": {"angle": 0, "axis": "y", "origin": [8, 2.57143, 8]},
			"faces": {
				"north": {"uv": [6.032, 10.032, 11.968, 10.968], "texture": "#3"},
				"east": {"uv": [6.032, 10.032, 11.968, 10.968], "texture": "#3"},
				"south": {"uv": [6.032, 10.032, 11.968, 10.968], "texture": "#3"},
				"west": {"uv": [6.032, 10.032, 11.968, 10.968], "texture": "#3"},
				"up": {"uv": [0.032, 10.032, 5.968, 15.968], "texture": "#3"},
				"down": {"uv": [0.032, 10.032, 5.968, 15.968], "texture": "#3"}
			}
		},
		{
			"name": "body",
			"from": [5.97092, 1, 7.01429],
			"to": [6.97092, 5, 9.01429],
			"rotation": {"angle": 0, "axis": "y", "origin": [8, 2.57143, 8]},
			"faces": {
				"north": {"uv": [10.032, 9.032, 10.968, 12.968], "texture": "#3"},
				"east": {"uv": [1.032, 0.032, 2.968, 3.968], "texture": "#3"},
				"south": {"uv": [11.032, 0.032, 11.968, 3.968], "texture": "#3"},
				"west": {"uv": [1.032, 0, 2.968, 3.936], "texture": "#3"},
				"up": {"uv": [3.968, 3.968, 3.032, 2.032], "texture": "#3"},
				"down": {"uv": [4.968, 12.032, 4.032, 13.968], "texture": "#3"}
			}
		},
		{
			"name": "body",
			"from": [2.97092, 1, 7.01429],
			"to": [3.97092, 5, 9.01429],
			"rotation": {"angle": 0, "axis": "y", "origin": [8, 2.57143, 8]},
			"faces": {
				"north": {"uv": [0.032, 0.032, 0.968, 3.968], "texture": "#3"},
				"east": {"uv": [1.032, 0.032, 2.968, 3.968], "texture": "#3"},
				"south": {"uv": [3.032, 0.032, 3.968, 3.968], "texture": "#3"},
				"west": {"uv": [1.032, 0.032, 2.968, 3.968], "texture": "#3"},
				"up": {"uv": [2.968, 3.968, 2.032, 2.032], "texture": "#3"},
				"down": {"uv": [1.968, 2.032, 1.032, 3.968], "texture": "#3"}
			}
		},
		{
			"name": "body",
			"from": [2.97092, 1, 6.01429],
			"to": [6.97092, 5, 7.01429],
			"rotation": {"angle": 0, "axis": "y", "origin": [8, 2.57143, 8]},
			"faces": {
				"north": {"uv": [0.032, 0.032, 3.968, 3.968], "texture": "#3"},
				"east": {"uv": [3.032, 0.032, 3.968, 3.968], "texture": "#3"},
				"south": {"uv": [0.032, 0.032, 3.968, 3.968], "texture": "#3"},
				"west": {"uv": [0.032, 0.032, 0.968, 3.968], "texture": "#3"},
				"up": {"uv": [3.968, 0.968, 0.032, 0.032], "texture": "#3"},
				"down": {"uv": [12.968, 4.032, 9.032, 4.968], "texture": "#3"}
			}
		},
		{
			"name": "body",
			"from": [2.97092, 1, 9.01429],
			"to": [6.97092, 5, 10.01429],
			"rotation": {"angle": 0, "axis": "y", "origin": [8, 2.57143, 8]},
			"faces": {
				"north": {"uv": [0.032, 0.032, 3.968, 3.968], "texture": "#3"},
				"east": {"uv": [0.032, 0.032, 0.968, 3.968], "texture": "#3"},
				"south": {"uv": [0.032, 0.032, 3.968, 3.968], "texture": "#3"},
				"west": {"uv": [3.032, 0.032, 3.968, 3.968], "texture": "#3"},
				"up": {"uv": [3.968, 0.968, 0.032, 0.032], "texture": "#3"},
				"down": {"uv": [12.968, 6.032, 9.032, 6.968], "texture": "#3"}
			}
		}
	],
	"display": {
		"thirdperson_righthand": {
			"rotation": [-116.35, 49.68, -177.04],
			"translation": [-3.5, 6.75, 3.25]
		},
		"firstperson_righthand": {
			"rotation": [-162.57, 72.16, 161.76],
			"translation": [1.5, 2.5, -6.75]
		},
		"ground": {
			"translation": [0, 4, 0]
		},
		"gui": {
			"rotation": [12.57, 34.06, 0.22],
			"translation": [3, 5.25, 0]
		},
		"fixed": {
			"rotation": [-90, 0, 0],
			"translation": [0, 0, -15],
			"scale": [2, 2, 2]
		}
	},
	"groups": [
		{
			"name": "cup",
			"origin": [-0.4, 1, 0.1],
			"color": 0,
			"children": [
				0,
				1,
				2,
				{
					"name": "body",
					"origin": [-0.91603, 1, 1.20622],
					"color": 1,
					"children": [3, 4, 5, 6]
				}
			]
		}
	]
}