{
	"credit": "Made with Blockbench",
	"textures": {
		"0": "block/Hananacraft archive/stripped_oak_log_a",
		"2": "block/Hananacraft archive/plaid2_brown",
		"3": "block/bread2",
		"4": "block/bread2_layer",
		"particle": "block/Hananacraft archive/stripped_oak_log_a"
	},
	"elements": [
		{
			"from": [14, 0, 4],
			"to": [15, 1, 12],
			"rotation": {"angle": 0, "axis": "y", "origin": [7.95424, 2.6272, 7.99654]},
			"faces": {
				"north": {"uv": [0.06, 0.06, 0.94, 0.94], "texture": "#0"},
				"east": {"uv": [0.06, 0.06, 7.94, 0.94], "texture": "#0"},
				"south": {"uv": [4.06, 3.06, 4.94, 3.94], "texture": "#0"},
				"west": {"uv": [3.06, 0.06, 10.94, 0.94], "texture": "#0"},
				"up": {"uv": [6.94, 11.94, 6.06, 4.06], "texture": "#0"},
				"down": {"uv": [6.94, 10.94, 6.06, 3.06], "texture": "#0"}
			}
		},
		{
			"from": [1, 0, 4],
			"to": [2, 1, 12],
			"rotation": {"angle": 0, "axis": "y", "origin": [7.95424, 2.6272, 7.99654]},
			"faces": {
				"north": {"uv": [7.06, 4.06, 7.94, 4.94], "texture": "#0"},
				"east": {"uv": [7.06, 4.06, 7.94, 11.94], "texture": "#0"},
				"south": {"uv": [7.06, 4.06, 7.94, 4.94], "texture": "#0"},
				"west": {"uv": [4.06, 7.06, 11.94, 7.94], "texture": "#0"},
				"up": {"uv": [7.94, 11.94, 7.06, 4.06], "texture": "#0"},
				"down": {"uv": [7.94, 11.94, 7.06, 4.06], "texture": "#0"}
			}
		},
		{
			"from": [2, 0, 4],
			"to": [14, 1, 5],
			"rotation": {"angle": 0, "axis": "y", "origin": [7.95424, 2.6272, 7.99654]},
			"faces": {
				"north": {"uv": [0.06, 0.06, 11.94, 0.94], "texture": "#0"},
				"east": {"uv": [0.06, 0.06, 0.94, 0.94], "texture": "#0"},
				"south": {"uv": [0.06, 0.06, 11.94, 0.94], "texture": "#0"},
				"west": {"uv": [0.06, 0.06, 0.94, 0.94], "texture": "#0"},
				"up": {"uv": [13.94, 9.94, 2.06, 9.06], "texture": "#0"},
				"down": {"uv": [11.94, 0.94, 0.06, 0.06], "texture": "#0"}
			}
		},
		{
			"from": [2, 0, 5],
			"to": [14, 0.75, 6],
			"rotation": {"angle": 0, "axis": "y", "origin": [7.95424, 2.6272, 7.99654]},
			"faces": {
				"north": {"uv": [0.06, 0.06, 11.94, 0.75], "texture": "#0"},
				"east": {"uv": [0.06, 0.06, 0.94, 0.75], "texture": "#0"},
				"south": {"uv": [0.06, 0.06, 11.94, 0.75], "texture": "#0"},
				"west": {"uv": [0.06, 0.06, 0.94, 0.75], "texture": "#0"},
				"up": {"uv": [0.94, 13.94, 0.06, 2.06], "rotation": 90, "texture": "#0"},
				"down": {"uv": [14.94, 8.94, 3.06, 8.06], "texture": "#0"}
			}
		},
		{
			"from": [2, 0, 10],
			"to": [14, 0.75, 11],
			"rotation": {"angle": 0, "axis": "y", "origin": [7.95424, 2.6272, 7.99654]},
			"faces": {
				"north": {"uv": [0.06, 0.06, 11.94, 0.75], "texture": "#0"},
				"east": {"uv": [0.06, 0.06, 0.94, 0.75], "texture": "#0"},
				"south": {"uv": [0.06, 0.06, 11.94, 0.75], "texture": "#0"},
				"west": {"uv": [0.06, 0.06, 0.94, 0.75], "texture": "#0"},
				"up": {"uv": [0.94, 13.94, 0.06, 2.06], "rotation": 90, "texture": "#0"},
				"down": {"uv": [14.94, 6.94, 3.06, 6.06], "texture": "#0"}
			}
		},
		{
			"from": [2, 0, 6],
			"to": [3, 0.75, 10],
			"rotation": {"angle": 0, "axis": "y", "origin": [7.95424, 2.6272, 7.99654]},
			"faces": {
				"north": {"uv": [0.06, 0.06, 0.94, 0.75], "texture": "#0"},
				"east": {"uv": [0.06, 0.06, 3.94, 0.75], "texture": "#0"},
				"south": {"uv": [0.06, 0.06, 0.94, 0.75], "texture": "#0"},
				"west": {"uv": [0.06, 0.06, 3.94, 0.75], "texture": "#0"},
				"up": {"uv": [0.94, 7.94, 0.06, 4.06], "texture": "#0"},
				"down": {"uv": [6.94, 8.94, 6.06, 5.06], "texture": "#0"}
			}
		},
		{
			"from": [13, 0, 6],
			"to": [14, 0.75, 10],
			"rotation": {"angle": 0, "axis": "y", "origin": [7.95424, 2.6272, 7.99654]},
			"faces": {
				"north": {"uv": [0.06, 0.06, 0.94, 0.75], "texture": "#0"},
				"east": {"uv": [0.06, 0.06, 3.94, 0.75], "texture": "#0"},
				"south": {"uv": [0.06, 0.06, 0.94, 0.75], "texture": "#0"},
				"west": {"uv": [0.06, 0.06, 3.94, 0.75], "texture": "#0"},
				"up": {"uv": [0.94, 10.94, 0.06, 7.06], "texture": "#0"},
				"down": {"uv": [7.94, 9.94, 7.06, 6.06], "texture": "#0"}
			}
		},
		{
			"from": [2, 0, 11],
			"to": [14, 1, 12],
			"rotation": {"angle": 0, "axis": "y", "origin": [7.95424, 2.6272, 7.99654]},
			"faces": {
				"north": {"uv": [2.06, 4.06, 13.94, 4.94], "texture": "#0"},
				"east": {"uv": [2.06, 4.06, 13.94, 4.94], "texture": "#0"},
				"south": {"uv": [2.06, 4.06, 13.94, 4.94], "texture": "#0"},
				"west": {"uv": [2.06, 4.06, 13.94, 4.94], "texture": "#0"},
				"up": {"uv": [14.94, 3.94, 3.06, 3.06], "texture": "#0"},
				"down": {"uv": [13.94, 4.94, 2.06, 4.06], "texture": "#0"}
			}
		},
		{
			"from": [3, 0, 6],
			"to": [13, 1, 10],
			"rotation": {"angle": 0, "axis": "y", "origin": [7.95424, 2.6272, 7.99654]},
			"faces": {
				"north": {"uv": [4.06, 4.06, 13.94, 4.94], "texture": "#0"},
				"east": {"uv": [0.06, 0.06, 3.94, 0.94], "texture": "#0"},
				"south": {"uv": [0.06, 0.06, 9.94, 0.94], "texture": "#0"},
				"west": {"uv": [0.06, 0.06, 3.94, 0.94], "texture": "#0"},
				"up": {"uv": [12.94, 9.94, 3.06, 6.06], "texture": "#0"},
				"down": {"uv": [12.94, 9.94, 3.06, 6.06], "texture": "#0"}
			}
		},
		{
			"from": [6.84522, 1.2, 5.73322],
			"to": [12.84522, 1.2, 11.73322],
			"rotation": {"angle": 22.5, "axis": "y", "origin": [7.95424, 2.6272, 7.99654]},
			"faces": {
				"north": {"uv": [0.06, 0.06, 5.94, 0.06], "texture": "#2"},
				"east": {"uv": [0.06, 0.06, 5.94, 0.06], "texture": "#2"},
				"south": {"uv": [0.06, 0.06, 5.94, 0.06], "texture": "#2"},
				"west": {"uv": [0.06, 0.06, 5.94, 0.06], "texture": "#2"},
				"up": {"uv": [7.94, 7.94, 0.06, 0.06], "rotation": 90, "texture": "#2"},
				"down": {"uv": [5.94, 5.94, 0.06, 0.06], "rotation": 270, "texture": "#2"}
			}
		},
		{
			"from": [2.66644, 1.08667, 9.90507],
			"to": [6.71394, 3.11042, 10.57965],
			"rotation": {"angle": 22.5, "axis": "y", "origin": [4.87251, 2.71338, 7.97248]},
			"faces": {
				"north": {"uv": [6.06, 1.06, 11.94, 3.94], "texture": "#3"},
				"east": {"uv": [9.06, 1.06, 9.94, 3.94], "texture": "#3"},
				"south": {"uv": [6.06, 1.06, 11.94, 3.94], "texture": "#3"},
				"west": {"uv": [8.06, 1.06, 8.94, 3.94], "texture": "#3"},
				"up": {"uv": [5.94, 5.06, 0.06, 5.94], "texture": "#3"},
				"down": {"uv": [6.06, 2.06, 6.94, 7.94], "rotation": 270, "texture": "#3"}
			}
		},
		{
			"from": [2.66644, 1.08667, 5.18298],
			"to": [6.71394, 3.11042, 5.85757],
			"rotation": {"angle": 22.5, "axis": "y", "origin": [4.87251, 2.71338, 7.97248]},
			"faces": {
				"north": {"uv": [6.06, 1.06, 11.94, 3.94], "texture": "#3"},
				"east": {"uv": [6.06, 1.06, 6.94, 3.94], "texture": "#3"},
				"south": {"uv": [6.06, 1.06, 11.94, 3.94], "texture": "#3"},
				"west": {"uv": [8.06, 1.06, 8.94, 3.94], "texture": "#3"},
				"up": {"uv": [5.94, 0.06, 0.06, 0.94], "texture": "#3"},
				"down": {"uv": [11.06, 2.06, 11.94, 7.94], "rotation": 270, "texture": "#3"}
			}
		},
		{
			"from": [1.99186, 1.09341, 5.85757],
			"to": [2.66644, 3.11716, 9.90507],
			"rotation": {"angle": 22.5, "axis": "y", "origin": [4.87251, 2.71338, 7.97248]},
			"faces": {
				"north": {"uv": [11.06, 1.06, 11.94, 3.94], "texture": "#3"},
				"east": {"uv": [6.06, 1.06, 10.94, 3.94], "texture": "#3"},
				"south": {"uv": [8.06, 1.06, 8.94, 3.94], "texture": "#3"},
				"west": {"uv": [6.06, 1.06, 11.94, 3.94], "texture": "#3"},
				"up": {"uv": [5.06, 0.06, 5.94, 5.94], "texture": "#3"},
				"down": {"uv": [8.06, 2.06, 8.94, 7.94], "texture": "#3"}
			}
		},
		{
			"from": [6.71394, 1.09341, 5.85757],
			"to": [7.38853, 3.11716, 9.90507],
			"rotation": {"angle": 22.5, "axis": "y", "origin": [4.87251, 2.71338, 7.97248]},
			"faces": {
				"north": {"uv": [6.06, 1.06, 6.94, 3.94], "texture": "#3"},
				"east": {"uv": [7.06, 1.06, 11.94, 3.94], "texture": "#3"},
				"south": {"uv": [7.06, 1.06, 7.94, 3.94], "texture": "#3"},
				"west": {"uv": [6.06, 1.06, 10.94, 3.94], "texture": "#3"},
				"up": {"uv": [0.06, 0.06, 0.94, 5.94], "texture": "#3"},
				"down": {"uv": [8.06, 2.06, 8.94, 7.94], "texture": "#3"}
			}
		},
		{
			"from": [2.66644, 1.10016, 5.85757],
			"to": [6.71394, 3.79849, 9.90507],
			"rotation": {"angle": 22.5, "axis": "y", "origin": [4.87251, 2.71338, 7.97248]},
			"faces": {
				"north": {"uv": [6.06, 0.06, 11.94, 3.94], "texture": "#3"},
				"east": {"uv": [6.06, 0.06, 11.94, 3.94], "texture": "#3"},
				"south": {"uv": [6.06, 0.06, 11.94, 3.94], "texture": "#3"},
				"west": {"uv": [6.06, 0.06, 11.94, 3.94], "texture": "#3"},
				"up": {"uv": [0.06, 0.06, 5.94, 5.94], "texture": "#3"},
				"down": {"uv": [6, 2, 12, 8], "texture": "#3"}
			}
		},
		{
			"name": "layer",
			"from": [2.66644, 3.93341, 5.85757],
			"to": [6.71394, 3.93341, 9.90507],
			"rotation": {"angle": 22.5, "axis": "y", "origin": [4.87251, 2.71338, 7.97248]},
			"faces": {
				"north": {"uv": [0, 0, 0, 0], "rotation": 180, "texture": "#4"},
				"east": {"uv": [0, 0, 0, 0], "rotation": 270, "texture": "#4"},
				"south": {"uv": [0, 0, 0, 0], "texture": "#4"},
				"west": {"uv": [0, 0, 0, 0], "rotation": 90, "texture": "#4"},
				"up": {"uv": [0.06, 0.06, 5.94, 5.94], "texture": "#4"}
			}
		},
		{
			"name": "layer",
			"from": [2.66644, 4.20324, 5.85757],
			"to": [6.71394, 4.20324, 9.90507],
			"rotation": {"angle": 22.5, "axis": "y", "origin": [4.87251, 2.71338, 7.97248]},
			"faces": {
				"north": {"uv": [0, 0, 0, 0], "rotation": 180, "texture": "#4"},
				"east": {"uv": [0, 0, 0, 0], "rotation": 270, "texture": "#4"},
				"south": {"uv": [0, 0, 0, 0], "texture": "#4"},
				"west": {"uv": [0, 0, 0, 0], "rotation": 90, "texture": "#4"},
				"up": {"uv": [0.06, 6.06, 5.94, 11.94], "texture": "#4"}
			}
		},
		{
			"from": [9.26274, 1.14074, 10.4318],
			"to": [13.33547, 3.17711, 11.11059],
			"rotation": {"angle": 0, "axis": "z", "origin": [10.61114, 4.01592, 8.39544]},
			"faces": {
				"north": {"uv": [6.06, 1.06, 11.94, 3.94], "texture": "#3"},
				"east": {"uv": [9.06, 1.06, 9.94, 3.94], "texture": "#3"},
				"south": {"uv": [6.06, 1.06, 11.94, 3.94], "texture": "#3"},
				"west": {"uv": [8.06, 1.06, 8.94, 3.94], "texture": "#3"},
				"up": {"uv": [5.94, 5.06, 0.06, 5.94], "texture": "#3"},
				"down": {"uv": [6.06, 2.06, 6.94, 7.94], "rotation": 270, "texture": "#3"}
			}
		},
		{
			"from": [9.26274, 1.14074, 5.68029],
			"to": [13.33547, 3.17711, 6.35908],
			"rotation": {"angle": 0, "axis": "z", "origin": [10.61114, 4.01592, 8.39544]},
			"faces": {
				"north": {"uv": [6.06, 1.06, 11.94, 3.94], "texture": "#3"},
				"east": {"uv": [6.06, 1.06, 6.94, 3.94], "texture": "#3"},
				"south": {"uv": [6.06, 1.06, 11.94, 3.94], "texture": "#3"},
				"west": {"uv": [8.06, 1.06, 8.94, 3.94], "texture": "#3"},
				"up": {"uv": [5.94, 0.06, 0.06, 0.94], "texture": "#3"},
				"down": {"uv": [11.06, 2.06, 11.94, 7.94], "rotation": 270, "texture": "#3"}
			}
		},
		{
			"from": [8.58396, 1.14753, 6.35908],
			"to": [9.26274, 3.18389, 10.4318],
			"rotation": {"angle": 0, "axis": "z", "origin": [10.61114, 4.01592, 8.39544]},
			"faces": {
				"north": {"uv": [11.06, 1.06, 11.94, 3.94], "texture": "#3"},
				"east": {"uv": [6.06, 1.06, 10.94, 3.94], "texture": "#3"},
				"south": {"uv": [8.06, 1.06, 8.94, 3.94], "texture": "#3"},
				"west": {"uv": [6.06, 1.06, 11.94, 3.94], "texture": "#3"},
				"up": {"uv": [5.06, 0.06, 5.94, 5.94], "texture": "#3"},
				"down": {"uv": [8.06, 2.06, 8.94, 7.94], "texture": "#3"}
			}
		},
		{
			"from": [13.33547, 1.14753, 6.35908],
			"to": [14.01425, 3.18389, 10.4318],
			"rotation": {"angle": 0, "axis": "z", "origin": [10.61114, 4.01592, 8.39544]},
			"faces": {
				"north": {"uv": [6.06, 1.06, 6.94, 3.94], "texture": "#3"},
				"east": {"uv": [7.06, 1.06, 11.94, 3.94], "texture": "#3"},
				"south": {"uv": [7.06, 1.06, 7.94, 3.94], "texture": "#3"},
				"west": {"uv": [6.06, 1.06, 10.94, 3.94], "texture": "#3"},
				"up": {"uv": [0.06, 0.06, 0.94, 5.94], "texture": "#3"},
				"down": {"uv": [8.06, 2.06, 8.94, 7.94], "texture": "#3"}
			}
		},
		{
			"from": [9.26274, 1.15432, 6.35908],
			"to": [13.33547, 3.86947, 10.4318],
			"rotation": {"angle": 0, "axis": "z", "origin": [10.61114, 4.01592, 8.39544]},
			"faces": {
				"north": {"uv": [6.06, 0.06, 11.94, 3.94], "texture": "#3"},
				"east": {"uv": [6.06, 0.06, 11.94, 3.94], "texture": "#3"},
				"south": {"uv": [6.06, 0.06, 11.94, 3.94], "texture": "#3"},
				"west": {"uv": [6.06, 0.06, 11.94, 3.94], "texture": "#3"},
				"up": {"uv": [0.06, 0.06, 5.94, 5.94], "texture": "#3"},
				"down": {"uv": [6, 2, 12, 8], "texture": "#3"}
			}
		},
		{
			"name": "layer",
			"from": [9.26274, 4.00523, 6.35908],
			"to": [13.33547, 4.00523, 10.4318],
			"rotation": {"angle": 0, "axis": "z", "origin": [10.61114, 4.01592, 8.39544]},
			"faces": {
				"north": {"uv": [0, 0, 0, 0], "rotation": 180, "texture": "#4"},
				"east": {"uv": [0, 0, 0, 0], "rotation": 270, "texture": "#4"},
				"south": {"uv": [0, 0, 0, 0], "texture": "#4"},
				"west": {"uv": [0, 0, 0, 0], "rotation": 90, "texture": "#4"},
				"up": {"uv": [0.06, 0.06, 5.94, 5.94], "texture": "#4"},
				"down": {"uv": [0, 0, 0, 0], "texture": "#4"}
			}
		},
		{
			"name": "layer",
			"from": [9.26274, 4.27674, 6.35908],
			"to": [13.33547, 4.27674, 10.4318],
			"rotation": {"angle": 0, "axis": "z", "origin": [10.61114, 4.01592, 8.39544]},
			"faces": {
				"north": {"uv": [0, 0, 0, 0], "rotation": 180, "texture": "#4"},
				"east": {"uv": [0, 0, 0, 0], "rotation": 270, "texture": "#4"},
				"south": {"uv": [0, 0, 0, 0], "texture": "#4"},
				"west": {"uv": [0, 0, 0, 0], "rotation": 90, "texture": "#4"},
				"up": {"uv": [0.06, 6.06, 5.94, 11.94], "texture": "#4"},
				"down": {"uv": [0, 0, 0, 0], "texture": "#4"}
			}
		}
	],
	"display": {
		"thirdperson_righthand": {
			"rotation": [70, 0, 0],
			"translation": [-6, 5.5, 6.5]
		},
		"firstperson_righthand": {
			"translation": [-8.75, 5.25, 0]
		},
		"ground": {
			"translation": [0, 4, 0]
		},
		"gui": {
			"rotation": [30, 30, 0],
			"translation": [0, 5, 0]
		},
		"fixed": {
			"rotation": [-90, 0, 0],
			"translation": [0, 0, -15],
			"scale": [2, 2, 2]
		}
	},
	"groups": [
		{
			"name": "bearbreadtray",
			"origin": [0, 0, 0],
			"color": 0,
			"children": [
				{
					"name": "group",
					"origin": [0, 0, 0],
					"color": 0,
					"children": [0, 1, 2, 3, 4, 5, 6, 7, 8]
				},
				9
			]
		},
		{
			"name": "bread2",
			"origin": [8, 8, 8],
			"color": 0,
			"children": [10, 11, 12, 13, 14, 15, 16]
		},
		{
			"name": "bread2",
			"origin": [8, 8, 8],
			"color": 0,
			"children": [17, 18, 19, 20, 21, 22, 23]
		}
	]
}