{
	"credit": "Made with Blockbench",
	"texture_size": [32, 32],
	"textures": {
		"0": "vino"
	},
	"elements": [
		{
			"from": [6, 5, 7],
			"to": [9, 7, 10],
			"faces": {
				"north": {"uv": [4, 3.5, 5.5, 4.5], "texture": "#0"},
				"east": {"uv": [2.5, 3.5, 4, 4.5], "texture": "#0"},
				"south": {"uv": [7, 3.5, 8.5, 4.5], "texture": "#0"},
				"west": {"uv": [5.5, 3.5, 7, 4.5], "texture": "#0"},
				"up": {"uv": [5.5, 3.5, 4, 2], "texture": "#0"},
				"down": {"uv": [7, 2, 5.5, 3.5], "texture": "#0"}
			}
		},
		{
			"from": [6, 5, 6],
			"to": [9, 9, 7],
			"faces": {
				"north": {"uv": [8.5, 7.5, 10, 9.5], "texture": "#0"},
				"east": {"uv": [8, 7.5, 8.5, 9.5], "texture": "#0"},
				"south": {"uv": [10.5, 7.5, 12, 9.5], "texture": "#0"},
				"west": {"uv": [10, 7.5, 10.5, 9.5], "texture": "#0"},
				"up": {"uv": [10, 7.5, 8.5, 7], "texture": "#0"},
				"down": {"uv": [11.5, 7, 10, 7.5], "texture": "#0"}
			}
		},
		{
			"from": [6, 5, 10],
			"to": [9, 9, 11],
			"faces": {
				"north": {"uv": [4.5, 7.5, 6, 9.5], "texture": "#0"},
				"east": {"uv": [4, 7.5, 4.5, 9.5], "texture": "#0"},
				"south": {"uv": [6.5, 7.5, 8, 9.5], "texture": "#0"},
				"west": {"uv": [6, 7.5, 6.5, 9.5], "texture": "#0"},
				"up": {"uv": [6, 7.5, 4.5, 7], "texture": "#0"},
				"down": {"uv": [7.5, 7, 6, 7.5], "texture": "#0"}
			}
		},
		{
			"from": [9, 5, 7],
			"to": [10, 9, 10],
			"faces": {
				"north": {"uv": [8.5, 1.5, 9, 3.5], "texture": "#0"},
				"east": {"uv": [7, 1.5, 8.5, 3.5], "texture": "#0"},
				"south": {"uv": [10.5, 1.5, 11, 3.5], "texture": "#0"},
				"west": {"uv": [9, 1.5, 10.5, 3.5], "texture": "#0"},
				"up": {"uv": [9, 1.5, 8.5, 0], "texture": "#0"},
				"down": {"uv": [9.5, 0, 9, 1.5], "texture": "#0"}
			}
		},
		{
			"from": [5, 5, 7],
			"to": [6, 9, 10],
			"faces": {
				"north": {"uv": [1.5, 8, 2, 10], "texture": "#0"},
				"east": {"uv": [0, 8, 1.5, 10], "texture": "#0"},
				"south": {"uv": [3.5, 8, 4, 10], "texture": "#0"},
				"west": {"uv": [2, 8, 3.5, 10], "texture": "#0"},
				"up": {"uv": [2, 8, 1.5, 6.5], "texture": "#0"},
				"down": {"uv": [2.5, 6.5, 2, 8], "texture": "#0"}
			}
		},
		{
			"from": [6, 4, 7],
			"to": [9, 5, 10],
			"faces": {
				"north": {"uv": [6, 6.5, 7.5, 7], "texture": "#0"},
				"east": {"uv": [4.5, 6.5, 6, 7], "texture": "#0"},
				"south": {"uv": [9, 6.5, 10.5, 7], "texture": "#0"},
				"west": {"uv": [7.5, 6.5, 9, 7], "texture": "#0"},
				"up": {"uv": [7.5, 6.5, 6, 5], "texture": "#0"},
				"down": {"uv": [9, 5, 7.5, 6.5], "texture": "#0"}
			}
		},
		{
			"from": [7, 1, 8],
			"to": [8, 4, 9],
			"faces": {
				"north": {"uv": [9.5, 4, 10, 5.5], "texture": "#0"},
				"east": {"uv": [9, 4, 9.5, 5.5], "texture": "#0"},
				"south": {"uv": [10.5, 4, 11, 5.5], "texture": "#0"},
				"west": {"uv": [10, 4, 10.5, 5.5], "texture": "#0"},
				"up": {"uv": [10, 4, 9.5, 3.5], "texture": "#0"},
				"down": {"uv": [10.5, 3.5, 10, 4], "texture": "#0"}
			}
		},
		{
			"from": [6, 0, 7],
			"to": [9, 1, 10],
			"faces": {
				"north": {"uv": [1.5, 6, 3, 6.5], "texture": "#0"},
				"east": {"uv": [0, 6, 1.5, 6.5], "texture": "#0"},
				"south": {"uv": [4.5, 6, 6, 6.5], "texture": "#0"},
				"west": {"uv": [3, 6, 4.5, 6.5], "texture": "#0"},
				"up": {"uv": [3, 6, 1.5, 4.5], "texture": "#0"},
				"down": {"uv": [4.5, 4.5, 3, 6], "texture": "#0"}
			}
		}
	],
	"display": {
		"thirdperson_righthand": {
			"rotation": [18.5, 0, 0],
			"translation": [0, 3.25, 1.5],
			"scale": [0.75, 0.9, 0.75]
		},
		"thirdperson_lefthand": {
			"rotation": [21, 0, 0],
			"translation": [0, 2.5, 1.75],
			"scale": [0.75, 0.9, 0.75]
		},
		"firstperson_righthand": {
			"translation": [0, 6.25, 0]
		},
		"firstperson_lefthand": {
			"translation": [0, 6.25, 0]
		},
		"ground": {
			"translation": [0, 3.25, 0],
			"scale": [0.75, 0.9, 0.75]
		},
		"gui": {
			"rotation": [19.09, 33.97, -10.96],
			"translation": [0.75, 3.25, 0],
			"scale": [1.25, 1.4, 1.25]
		},
		"head": {
			"rotation": [-180, 0, 0],
			"translation": [1.5, 4.25, 1.5],
			"scale": [2.80664, 2.58984, 2.77344]
		},
		"fixed": {
			"rotation": [-90, 0, 0],
			"translation": [1, 0, -15.25],
			"scale": [1.75, 1.9, 1.75]
		}
	},
	"groups": [
		{
			"name": "group1",
			"origin": [8, 8, 8],
			"color": 0,
			"children": [0]
		},
		{
			"name": "group2",
			"origin": [8, 8, 8],
			"color": 0,
			"children": [1, 2, 3, 4, 5, 6, 7]
		}
	]
}