{
	"credit": "Made with Blockbench",
	"textures": {
		"0": "block/emptydisplaytray1",
		"1": "block/bread1",
		"2": "block/bread1_layer",
		"particle": "block/emptydisplaytray1"
	},
	"elements": [
		{
			"name": "tray",
			"from": [1, 0, 1],
			"to": [15, 1, 15],
			"rotation": {"angle": 0, "axis": "y", "origin": [8, 0, 8]},
			"faces": {
				"north": {"uv": [9.016, 6.516, 15.984, 6.984], "texture": "#0"},
				"east": {"uv": [2.516, 14.516, 7.984, 14.984], "texture": "#0"},
				"south": {"uv": [8.516, 2.516, 15.484, 2.984], "texture": "#0"},
				"west": {"uv": [2.516, 14.516, 7.984, 14.984], "texture": "#0"},
				"up": {"uv": [8.516, 2.016, 15.484, 7.484], "texture": "#0"},
				"down": {"uv": [8.516, 2.016, 15.484, 7.484], "texture": "#0"}
			}
		},
		{
			"name": "tag",
			"from": [10, -2.78686, 14.97237],
			"to": [14, -0.78686, 14.97237],
			"rotation": {"angle": -22.5, "axis": "x", "origin": [8, 0, 8]},
			"faces": {
				"north": {"uv": [0.016, 0.016, 1.984, 0.984], "texture": "#0"},
				"east": {"uv": [0.016, 0.016, 0.016, 0.016], "texture": "#0"},
				"south": {"uv": [0.016, 0.016, 1.984, 0.984], "texture": "#0"},
				"west": {"uv": [0.016, 0.016, 0.016, 0.016], "texture": "#0"},
				"up": {"uv": [0.016, 0.016, 0.016, 0.016], "texture": "#0"},
				"down": {"uv": [0.016, 0.016, 0.016, 0.016], "texture": "#0"}
			}
		},
		{
			"from": [7.33225, 0.9098, 8.21033],
			"to": [14.14855, 3.93927, 14.26927],
			"rotation": {"angle": 0, "axis": "y", "origin": [10.7404, 3.91043, 10.9898]},
			"faces": {
				"north": {"uv": [0.06, 8.06, 8.94, 11.94], "texture": "#1"},
				"east": {"uv": [0.06, 8.06, 7.94, 11.94], "texture": "#1"},
				"south": {"uv": [0.06, 8.06, 8.94, 11.94], "texture": "#1"},
				"west": {"uv": [0.06, 8.06, 7.94, 11.94], "texture": "#1"},
				"up": {"uv": [0.06, 0.06, 8.94, 7.94], "texture": "#1"},
				"down": {"uv": [4.06, 9.06, 8.94, 11.94], "texture": "#1"}
			}
		},
		{
			"from": [7.33225, 4.02704, 8.21033],
			"to": [14.14855, 4.02704, 14.26927],
			"rotation": {"angle": 0, "axis": "y", "origin": [10.7404, 3.91043, 10.9898]},
			"faces": {
				"up": {"uv": [0.06, 0.06, 8.94, 7.94], "texture": "#2"}
			}
		},
		{
			"from": [8.08961, 3.93927, 8.9677],
			"to": [13.39119, 4.69664, 13.5119],
			"rotation": {"angle": 0, "axis": "y", "origin": [10.7404, 3.91043, 10.9898]},
			"faces": {
				"north": {"uv": [2.06, 7.06, 8.94, 7.94], "texture": "#1"},
				"east": {"uv": [0.06, 7.06, 5.94, 7.94], "texture": "#1"},
				"south": {"uv": [0.06, 8.06, 6.94, 8.94], "texture": "#1"},
				"west": {"uv": [1.06, 0.06, 6.94, 0.94], "texture": "#1"},
				"up": {"uv": [1.06, 1.06, 7.94, 6.94], "texture": "#1"},
				"down": {"uv": [0.06, 0.06, 0.06, 0.06], "texture": "#1"}
			}
		},
		{
			"from": [8.08961, 4.87217, 8.9677],
			"to": [13.39119, 4.87217, 13.5119],
			"rotation": {"angle": 0, "axis": "y", "origin": [10.7404, 3.91043, 10.9898]},
			"faces": {
				"up": {"uv": [1.06, 1.06, 7.94, 6.94], "texture": "#2"}
			}
		},
		{
			"from": [2.06165, 0.9098, 2.11361],
			"to": [8.87796, 3.93927, 8.17255],
			"rotation": {"angle": 22.5, "axis": "y", "origin": [5.4698, 3.91043, 5.14308]},
			"faces": {
				"north": {"uv": [0.06, 8.06, 8.94, 11.94], "texture": "#1"},
				"east": {"uv": [0.06, 8.06, 7.94, 11.94], "texture": "#1"},
				"south": {"uv": [0.06, 8.06, 8.94, 11.94], "texture": "#1"},
				"west": {"uv": [0.06, 8.06, 7.94, 11.94], "texture": "#1"},
				"up": {"uv": [0.06, 0.06, 8.94, 7.94], "texture": "#1"},
				"down": {"uv": [4.06, 9.06, 8.94, 11.94], "texture": "#1"}
			}
		},
		{
			"from": [2.06165, 4.02704, 2.11361],
			"to": [8.87796, 4.02704, 8.17255],
			"rotation": {"angle": 22.5, "axis": "y", "origin": [5.4698, 3.91043, 5.14308]},
			"faces": {
				"up": {"uv": [0.06, 0.06, 8.94, 7.94], "texture": "#2"}
			}
		},
		{
			"from": [2.81902, 3.93927, 2.87098],
			"to": [8.12059, 4.69664, 7.41518],
			"rotation": {"angle": 22.5, "axis": "y", "origin": [5.4698, 3.91043, 5.14308]},
			"faces": {
				"north": {"uv": [2.06, 7.06, 8.94, 7.94], "texture": "#1"},
				"east": {"uv": [0.06, 7.06, 5.94, 7.94], "texture": "#1"},
				"south": {"uv": [0.06, 8.06, 6.94, 8.94], "texture": "#1"},
				"west": {"uv": [1.06, 0.06, 6.94, 0.94], "texture": "#1"},
				"up": {"uv": [1.06, 1.06, 7.94, 6.94], "texture": "#1"},
				"down": {"uv": [0.06, 0.06, 0.06, 0.06], "texture": "#1"}
			}
		},
		{
			"from": [2.81902, 4.87217, 2.87098],
			"to": [8.12059, 4.87217, 7.41518],
			"rotation": {"angle": 22.5, "axis": "y", "origin": [5.4698, 3.91043, 5.14308]},
			"faces": {
				"up": {"uv": [1.06, 1.06, 7.94, 6.94], "texture": "#2"}
			}
		}
	],
	"display": {
		"thirdperson_righthand": {
			"rotation": [65, 0, 0],
			"translation": [-6, 8.25, 4.5]
		},
		"firstperson_righthand": {
			"translation": [-8.5, 2.25, -5]
		},
		"ground": {
			"translation": [0, 4, 0]
		},
		"gui": {
			"rotation": [47, 24, 0],
			"translation": [0, 4, 0]
		},
		"fixed": {
			"rotation": [-90, 0, 0],
			"translation": [0, 0, -15],
			"scale": [2, 2, 2]
		}
	},
	"groups": [
		{
			"name": "tray",
			"origin": [0, 0, 0],
			"color": 0,
			"children": [
				0,
				{
					"name": "tag",
					"origin": [2.5, 1.40086, 8.72434],
					"color": 1,
					"children": [1]
				}
			]
		},
		{
			"name": "group",
			"origin": [0, 0, 0],
			"color": 0,
			"children": [2, 3, 4, 5]
		},
		{
			"name": "group",
			"origin": [0, 0, 0],
			"color": 0,
			"children": [6, 7, 8, 9]
		}
	]
}