{
	"credit": "Made with Blockbench",
	"textures": {
		"0": "block/emptydisplaytray1",
		"1": "block/bread3",
		"2": "block/bread3_layer",
		"particle": "block/emptydisplaytray1"
	},
	"elements": [
		{
			"name": "tray",
			"from": [1, 0, 1],
			"to": [15, 1, 15],
			"rotation": {"angle": 0, "axis": "y", "origin": [8, 0, 8]},
			"faces": {
				"north": {"uv": [9.016, 6.516, 15.984, 6.984], "texture": "#0"},
				"east": {"uv": [2.516, 14.516, 7.984, 14.984], "texture": "#0"},
				"south": {"uv": [8.516, 2.516, 15.484, 2.984], "texture": "#0"},
				"west": {"uv": [2.516, 14.516, 7.984, 14.984], "texture": "#0"},
				"up": {"uv": [8.516, 2.016, 15.484, 7.484], "texture": "#0"},
				"down": {"uv": [8.516, 2.016, 15.484, 7.484], "texture": "#0"}
			}
		},
		{
			"name": "tag",
			"from": [10, -2.78686, 14.97237],
			"to": [14, -0.78686, 14.97237],
			"rotation": {"angle": -22.5, "axis": "x", "origin": [8, 0, 8]},
			"faces": {
				"north": {"uv": [0.016, 0.016, 1.984, 0.984], "texture": "#0"},
				"east": {"uv": [0.016, 0.016, 0.016, 0.016], "texture": "#0"},
				"south": {"uv": [0.016, 0.016, 1.984, 0.984], "texture": "#0"},
				"west": {"uv": [0.016, 0.016, 0.016, 0.016], "texture": "#0"},
				"up": {"uv": [0.016, 0.016, 0.016, 0.016], "texture": "#0"},
				"down": {"uv": [0.016, 0.016, 0.016, 0.016], "texture": "#0"}
			}
		},
		{
			"from": [8.53, 1.03375, 0.6125],
			"to": [11.97, 3.61375, 13.5125],
			"rotation": {"angle": -22.5, "axis": "y", "origin": [8.25, 3, 8.0625]},
			"faces": {
				"north": {"uv": [1.06, 12.06, 4.94, 14.94], "rotation": 180, "texture": "#1"},
				"east": {"uv": [5.06, 0.06, 7.94, 14.94], "rotation": 270, "texture": "#1"},
				"south": {"uv": [1.06, 14.94, 4.94, 12.06], "texture": "#1"},
				"west": {"uv": [7.94, 0.06, 5.06, 14.94], "rotation": 90, "texture": "#1"},
				"up": {"uv": [12.06, 0.06, 15.94, 14.94], "rotation": 180, "texture": "#1"},
				"down": {"uv": [8.06, 0.06, 11.94, 14.94], "texture": "#1"}
			}
		},
		{
			"from": [8.272, 1.03375, 0.6125],
			"to": [8.272, 3.61375, 13.5125],
			"rotation": {"angle": -22.5, "axis": "y", "origin": [8.25, 3, 8.0625]},
			"faces": {
				"west": {"uv": [7.94, 0.06, 5.06, 14.94], "rotation": 90, "texture": "#2"}
			}
		},
		{
			"from": [12.228, 1.03375, 0.6125],
			"to": [12.228, 3.61375, 13.5125],
			"rotation": {"angle": -22.5, "axis": "y", "origin": [8.25, 3, 8.0625]},
			"faces": {
				"east": {"uv": [5.06, 0.06, 7.94, 14.94], "rotation": 270, "texture": "#2"}
			}
		},
		{
			"from": [8.53, 3.82875, 0.6125],
			"to": [11.97, 3.82875, 13.5125],
			"rotation": {"angle": -22.5, "axis": "y", "origin": [8.25, 3, 8.0625]},
			"faces": {
				"up": {"uv": [12.06, 0.06, 15.94, 14.94], "rotation": 180, "texture": "#2"}
			}
		},
		{
			"from": [3.78, 1.03375, 2.3625],
			"to": [7.22, 3.61375, 15.2625],
			"rotation": {"angle": -22.5, "axis": "y", "origin": [8, 3, 8.0625]},
			"faces": {
				"north": {"uv": [1.06, 12.06, 4.94, 14.94], "rotation": 180, "texture": "#1"},
				"east": {"uv": [5.06, 0.06, 7.94, 14.94], "rotation": 270, "texture": "#1"},
				"south": {"uv": [1.06, 14.94, 4.94, 12.06], "texture": "#1"},
				"west": {"uv": [7.94, 0.06, 5.06, 14.94], "rotation": 90, "texture": "#1"},
				"up": {"uv": [12.06, 0.06, 15.94, 14.94], "rotation": 180, "texture": "#1"},
				"down": {"uv": [8.06, 0.06, 11.94, 14.94], "texture": "#1"}
			}
		},
		{
			"from": [3.522, 1.03375, 2.3625],
			"to": [3.522, 3.61375, 15.2625],
			"rotation": {"angle": -22.5, "axis": "y", "origin": [8, 3, 8.0625]},
			"faces": {
				"west": {"uv": [7.94, 0.06, 5.06, 14.94], "rotation": 90, "texture": "#2"}
			}
		},
		{
			"from": [7.478, 1.03375, 2.3625],
			"to": [7.478, 3.61375, 15.2625],
			"rotation": {"angle": -22.5, "axis": "y", "origin": [8, 3, 8.0625]},
			"faces": {
				"east": {"uv": [5.06, 0.06, 7.94, 14.94], "rotation": 270, "texture": "#2"}
			}
		},
		{
			"from": [3.78, 3.82875, 2.3625],
			"to": [7.22, 3.82875, 15.2625],
			"rotation": {"angle": -22.5, "axis": "y", "origin": [8, 3, 8.0625]},
			"faces": {
				"up": {"uv": [12.06, 0.06, 15.94, 14.94], "rotation": 180, "texture": "#2"}
			}
		}
	],
	"display": {
		"thirdperson_righthand": {
			"rotation": [65, 0, 0],
			"translation": [-6, 8.25, 4.5]
		},
		"firstperson_righthand": {
			"translation": [-8.5, 2.25, -5]
		},
		"ground": {
			"translation": [0, 4, 0]
		},
		"gui": {
			"rotation": [47, 24, 0],
			"translation": [0, 4, 0]
		},
		"fixed": {
			"rotation": [-90, 0, 0],
			"translation": [0, 0, -15],
			"scale": [2, 2, 2]
		}
	},
	"groups": [
		{
			"name": "tray",
			"origin": [0, 0, 0],
			"color": 0,
			"children": [
				0,
				{
					"name": "tag",
					"origin": [2.5, 1.40086, 8.72434],
					"color": 1,
					"children": [1]
				}
			]
		},
		{
			"name": "bread3",
			"origin": [0, 0, 0],
			"color": 0,
			"children": [2, 3, 4, 5]
		},
		{
			"name": "bread3",
			"origin": [0, 0, 0],
			"color": 0,
			"children": [6, 7, 8, 9]
		}
	]
}