{
	"credit": "Made with Blockbench",
	"textures": {
		"0": "block/emptydisplaytray1",
		"1": "block/creammuffin1",
		"particle": "block/emptydisplaytray1"
	},
	"elements": [
		{
			"name": "tray",
			"from": [1, 0, 1],
			"to": [15, 1, 15],
			"rotation": {"angle": 0, "axis": "y", "origin": [8, 0, 8]},
			"faces": {
				"north": {"uv": [9.016, 6.516, 15.984, 6.984], "texture": "#0"},
				"east": {"uv": [2.516, 14.516, 7.984, 14.984], "texture": "#0"},
				"south": {"uv": [8.516, 2.516, 15.484, 2.984], "texture": "#0"},
				"west": {"uv": [2.516, 14.516, 7.984, 14.984], "texture": "#0"},
				"up": {"uv": [8.516, 2.016, 15.484, 7.484], "texture": "#0"},
				"down": {"uv": [8.516, 2.016, 15.484, 7.484], "texture": "#0"}
			}
		},
		{
			"name": "tag",
			"from": [10, -2.78686, 14.97237],
			"to": [14, -0.78686, 14.97237],
			"rotation": {"angle": -22.5, "axis": "x", "origin": [8, 0, 8]},
			"faces": {
				"north": {"uv": [0.016, 0.016, 1.984, 0.984], "texture": "#0"},
				"east": {"uv": [0.016, 0.016, 0.016, 0.016], "texture": "#0"},
				"south": {"uv": [0.016, 0.016, 1.984, 0.984], "texture": "#0"},
				"west": {"uv": [0.016, 0.016, 0.016, 0.016], "texture": "#0"},
				"up": {"uv": [0.016, 0.016, 0.016, 0.016], "texture": "#0"},
				"down": {"uv": [0.016, 0.016, 0.016, 0.016], "texture": "#0"}
			}
		},
		{
			"name": "bone",
			"from": [1.93395, 1.1, 2.6875],
			"to": [4.93395, 2.35, 5.6875],
			"rotation": {"angle": 0, "axis": "y", "origin": [3.43395, 3.30625, 4.25]},
			"faces": {
				"north": {"uv": [10.032, 11.032, 12.968, 12.968], "texture": "#1"},
				"east": {"uv": [0.032, 12.032, 2.968, 13.968], "texture": "#1"},
				"south": {"uv": [12.032, 8.032, 14.968, 9.968], "texture": "#1"},
				"west": {"uv": [7.032, 11.032, 9.968, 12.968], "texture": "#1"},
				"up": {"uv": [6.968, 2.968, 4.032, 0.032], "rotation": 270, "texture": "#1"},
				"down": {"uv": [6.968, 3.032, 4.032, 5.968], "rotation": 90, "texture": "#1"}
			}
		},
		{
			"name": "bone",
			"from": [1.63395, 2.35, 2.3875],
			"to": [5.23395, 4.35, 5.9875],
			"rotation": {"angle": 0, "axis": "y", "origin": [3.43395, 3.30625, 4.25]},
			"faces": {
				"north": {"uv": [7.032, 5.032, 10.968, 6.968], "texture": "#1"},
				"east": {"uv": [7.032, 7.032, 10.968, 8.968], "texture": "#1"},
				"south": {"uv": [0.032, 8.032, 3.968, 9.968], "texture": "#1"},
				"west": {"uv": [7.032, 3.032, 10.968, 4.968], "texture": "#1"},
				"up": {"uv": [3.968, 3.968, 0.032, 0.032], "rotation": 270, "texture": "#1"},
				"down": {"uv": [3.936, 4.032, 0.06, 7.968], "rotation": 90, "texture": "#1"}
			}
		},
		{
			"name": "bone",
			"from": [1.93395, 2.9, 2.6875],
			"to": [4.93395, 4.9, 5.6875],
			"rotation": {"angle": 0, "axis": "y", "origin": [3.43395, 3.30625, 4.25]},
			"faces": {
				"north": {"uv": [7.032, 9.032, 9.968, 10.968], "texture": "#1"},
				"east": {"uv": [0.032, 10.032, 2.968, 11.968], "texture": "#1"},
				"south": {"uv": [10.032, 0.032, 12.968, 1.968], "texture": "#1"},
				"west": {"uv": [4.032, 9.032, 6.968, 10.968], "texture": "#1"},
				"up": {"uv": [6.968, 8.968, 4.032, 6.032], "rotation": 270, "texture": "#1"},
				"down": {"uv": [9.968, 0.032, 7.032, 2.968], "rotation": 90, "texture": "#1"}
			}
		},
		{
			"name": "bone",
			"from": [2.43395, 3.25, 3.4375],
			"to": [4.43395, 5.25, 5.4375],
			"rotation": {"angle": 0, "axis": "y", "origin": [3.43395, 3.30625, 4.25]},
			"faces": {
				"north": {"uv": [11.032, 2.032, 12.968, 3.968], "texture": "#1"},
				"east": {"uv": [3.032, 11.032, 4.968, 12.968], "texture": "#1"},
				"south": {"uv": [11.032, 4.032, 12.968, 5.968], "texture": "#1"},
				"west": {"uv": [10.032, 9.032, 11.968, 10.968], "texture": "#1"},
				"up": {"uv": [6.968, 12.968, 5.032, 11.032], "rotation": 270, "texture": "#1"},
				"down": {"uv": [12.968, 6.032, 11.032, 7.968], "rotation": 90, "texture": "#1"}
			}
		},
		{
			"name": "bone",
			"from": [6.3375, 1.1, 3.5625],
			"to": [9.3375, 2.35, 6.5625],
			"rotation": {"angle": 22.5, "axis": "y", "origin": [7.5875, 3.30625, 4.75]},
			"faces": {
				"north": {"uv": [12.032, 8.032, 14.968, 9.968], "texture": "#1"},
				"east": {"uv": [7.032, 11.032, 9.968, 12.968], "texture": "#1"},
				"south": {"uv": [10.032, 11.032, 12.968, 12.968], "texture": "#1"},
				"west": {"uv": [0.032, 12.032, 2.968, 13.968], "texture": "#1"},
				"up": {"uv": [6.968, 2.968, 4.032, 0.032], "rotation": 90, "texture": "#1"},
				"down": {"uv": [6.968, 3.032, 4.032, 5.968], "rotation": 270, "texture": "#1"}
			}
		},
		{
			"name": "bone",
			"from": [6.0375, 2.35, 3.2625],
			"to": [9.6375, 4.35, 6.8625],
			"rotation": {"angle": 22.5, "axis": "y", "origin": [7.5875, 3.30625, 4.75]},
			"faces": {
				"north": {"uv": [0.032, 8.032, 3.968, 9.968], "texture": "#1"},
				"east": {"uv": [7.032, 3.032, 10.968, 4.968], "texture": "#1"},
				"south": {"uv": [7.032, 5.032, 10.968, 6.968], "texture": "#1"},
				"west": {"uv": [7.032, 7.032, 10.968, 8.968], "texture": "#1"},
				"up": {"uv": [3.968, 3.968, 0.032, 0.032], "rotation": 90, "texture": "#1"},
				"down": {"uv": [3.936, 4.032, 0.06, 7.968], "rotation": 270, "texture": "#1"}
			}
		},
		{
			"name": "bone",
			"from": [6.3375, 2.9, 3.5625],
			"to": [9.3375, 4.9, 6.5625],
			"rotation": {"angle": 22.5, "axis": "y", "origin": [7.5875, 3.30625, 4.75]},
			"faces": {
				"north": {"uv": [10.032, 0.032, 12.968, 1.968], "texture": "#1"},
				"east": {"uv": [4.032, 9.032, 6.968, 10.968], "texture": "#1"},
				"south": {"uv": [7.032, 9.032, 9.968, 10.968], "texture": "#1"},
				"west": {"uv": [0.032, 10.032, 2.968, 11.968], "texture": "#1"},
				"up": {"uv": [6.968, 8.968, 4.032, 6.032], "rotation": 90, "texture": "#1"},
				"down": {"uv": [9.968, 0.032, 7.032, 2.968], "rotation": 270, "texture": "#1"}
			}
		},
		{
			"name": "bone",
			"from": [6.8375, 3.25, 3.8125],
			"to": [8.8375, 5.25, 5.8125],
			"rotation": {"angle": 22.5, "axis": "y", "origin": [7.5875, 3.30625, 4.75]},
			"faces": {
				"north": {"uv": [11.032, 4.032, 12.968, 5.968], "texture": "#1"},
				"east": {"uv": [10.032, 9.032, 11.968, 10.968], "texture": "#1"},
				"south": {"uv": [11.032, 2.032, 12.968, 3.968], "texture": "#1"},
				"west": {"uv": [3.032, 11.032, 4.968, 12.968], "texture": "#1"},
				"up": {"uv": [6.968, 12.968, 5.032, 11.032], "rotation": 90, "texture": "#1"},
				"down": {"uv": [12.968, 6.032, 11.032, 7.968], "rotation": 270, "texture": "#1"}
			}
		},
		{
			"name": "bone",
			"from": [11.1, 1.1, 3],
			"to": [14.1, 2.35, 6],
			"rotation": {"angle": 0, "axis": "y", "origin": [7.7875, 3.30625, 4]},
			"faces": {
				"north": {"uv": [7.032, 11.032, 9.968, 12.968], "texture": "#1"},
				"east": {"uv": [10.032, 11.032, 12.968, 12.968], "texture": "#1"},
				"south": {"uv": [0.032, 12.032, 2.968, 13.968], "texture": "#1"},
				"west": {"uv": [12.032, 8.032, 14.968, 9.968], "texture": "#1"},
				"up": {"uv": [6.968, 2.968, 4.032, 0.032], "texture": "#1"},
				"down": {"uv": [6.968, 3.032, 4.032, 5.968], "texture": "#1"}
			}
		},
		{
			"name": "bone",
			"from": [10.8, 2.35, 2.7],
			"to": [14.4, 4.35, 6.3],
			"rotation": {"angle": 0, "axis": "y", "origin": [7.7875, 3.30625, 4]},
			"faces": {
				"north": {"uv": [7.032, 3.032, 10.968, 4.968], "texture": "#1"},
				"east": {"uv": [7.032, 5.032, 10.968, 6.968], "texture": "#1"},
				"south": {"uv": [7.032, 7.032, 10.968, 8.968], "texture": "#1"},
				"west": {"uv": [0.032, 8.032, 3.968, 9.968], "texture": "#1"},
				"up": {"uv": [3.968, 3.968, 0.032, 0.032], "texture": "#1"},
				"down": {"uv": [3.936, 4.032, 0.06, 7.968], "texture": "#1"}
			}
		},
		{
			"name": "bone",
			"from": [11.1, 2.9, 3],
			"to": [14.1, 4.9, 6],
			"rotation": {"angle": 0, "axis": "y", "origin": [7.7875, 3.30625, 4]},
			"faces": {
				"north": {"uv": [4.032, 9.032, 6.968, 10.968], "texture": "#1"},
				"east": {"uv": [7.032, 9.032, 9.968, 10.968], "texture": "#1"},
				"south": {"uv": [0.032, 10.032, 2.968, 11.968], "texture": "#1"},
				"west": {"uv": [10.032, 0.032, 12.968, 1.968], "texture": "#1"},
				"up": {"uv": [6.968, 8.968, 4.032, 6.032], "texture": "#1"},
				"down": {"uv": [9.968, 0.032, 7.032, 2.968], "texture": "#1"}
			}
		},
		{
			"name": "bone",
			"from": [11.35, 3.25, 3.5],
			"to": [13.35, 5.25, 5.5],
			"rotation": {"angle": 0, "axis": "y", "origin": [7.7875, 3.30625, 4]},
			"faces": {
				"north": {"uv": [10.032, 9.032, 11.968, 10.968], "texture": "#1"},
				"east": {"uv": [11.032, 2.032, 12.968, 3.968], "texture": "#1"},
				"south": {"uv": [3.032, 11.032, 4.968, 12.968], "texture": "#1"},
				"west": {"uv": [11.032, 4.032, 12.968, 5.968], "texture": "#1"},
				"up": {"uv": [6.968, 12.968, 5.032, 11.032], "texture": "#1"},
				"down": {"uv": [12.968, 6.032, 11.032, 7.968], "texture": "#1"}
			}
		},
		{
			"name": "bone",
			"from": [2, 1.1, 7],
			"to": [5, 2.35, 10],
			"rotation": {"angle": 45, "axis": "y", "origin": [3.9375, 3.30625, 8.5]},
			"faces": {
				"north": {"uv": [7.032, 11.032, 9.968, 12.968], "texture": "#1"},
				"east": {"uv": [10.032, 11.032, 12.968, 12.968], "texture": "#1"},
				"south": {"uv": [0.032, 12.032, 2.968, 13.968], "texture": "#1"},
				"west": {"uv": [12.032, 8.032, 14.968, 9.968], "texture": "#1"},
				"up": {"uv": [6.968, 2.968, 4.032, 0.032], "texture": "#1"},
				"down": {"uv": [6.968, 3.032, 4.032, 5.968], "texture": "#1"}
			}
		},
		{
			"name": "bone",
			"from": [1.7, 2.35, 6.7],
			"to": [5.3, 4.35, 10.3],
			"rotation": {"angle": 45, "axis": "y", "origin": [3.9375, 3.30625, 8.5]},
			"faces": {
				"north": {"uv": [7.032, 3.032, 10.968, 4.968], "texture": "#1"},
				"east": {"uv": [7.032, 5.032, 10.968, 6.968], "texture": "#1"},
				"south": {"uv": [7.032, 7.032, 10.968, 8.968], "texture": "#1"},
				"west": {"uv": [0.032, 8.032, 3.968, 9.968], "texture": "#1"},
				"up": {"uv": [3.968, 3.968, 0.032, 0.032], "texture": "#1"},
				"down": {"uv": [3.936, 4.032, 0.06, 7.968], "texture": "#1"}
			}
		},
		{
			"name": "bone",
			"from": [2, 2.9, 7],
			"to": [5, 4.9, 10],
			"rotation": {"angle": 45, "axis": "y", "origin": [3.9375, 3.30625, 8.5]},
			"faces": {
				"north": {"uv": [4.032, 9.032, 6.968, 10.968], "texture": "#1"},
				"east": {"uv": [7.032, 9.032, 9.968, 10.968], "texture": "#1"},
				"south": {"uv": [0.032, 10.032, 2.968, 11.968], "texture": "#1"},
				"west": {"uv": [10.032, 0.032, 12.968, 1.968], "texture": "#1"},
				"up": {"uv": [6.968, 8.968, 4.032, 6.032], "texture": "#1"},
				"down": {"uv": [9.968, 0.032, 7.032, 2.968], "texture": "#1"}
			}
		},
		{
			"name": "bone",
			"from": [2.25, 3.25, 7.5],
			"to": [4.25, 5.25, 9.5],
			"rotation": {"angle": 45, "axis": "y", "origin": [3.9375, 3.30625, 8.5]},
			"faces": {
				"north": {"uv": [10.032, 9.032, 11.968, 10.968], "texture": "#1"},
				"east": {"uv": [11.032, 2.032, 12.968, 3.968], "texture": "#1"},
				"south": {"uv": [3.032, 11.032, 4.968, 12.968], "texture": "#1"},
				"west": {"uv": [11.032, 4.032, 12.968, 5.968], "texture": "#1"},
				"up": {"uv": [6.968, 12.968, 5.032, 11.032], "texture": "#1"},
				"down": {"uv": [12.968, 6.032, 11.032, 7.968], "texture": "#1"}
			}
		},
		{
			"name": "bone",
			"from": [6.75, 1.1, 8.25],
			"to": [9.75, 2.35, 11.25],
			"rotation": {"angle": 0, "axis": "y", "origin": [7.9375, 0.20625, 8.5]},
			"faces": {
				"north": {"uv": [7.032, 11.032, 9.968, 12.968], "texture": "#1"},
				"east": {"uv": [10.032, 11.032, 12.968, 12.968], "texture": "#1"},
				"south": {"uv": [0.032, 12.032, 2.968, 13.968], "texture": "#1"},
				"west": {"uv": [12.032, 8.032, 14.968, 9.968], "texture": "#1"},
				"up": {"uv": [6.968, 2.968, 4.032, 0.032], "texture": "#1"},
				"down": {"uv": [6.968, 3.032, 4.032, 5.968], "texture": "#1"}
			}
		},
		{
			"name": "bone",
			"from": [6.45, 2.35, 7.95],
			"to": [10.05, 4.35, 11.55],
			"rotation": {"angle": 0, "axis": "y", "origin": [7.9375, 0.20625, 8.5]},
			"faces": {
				"north": {"uv": [7.032, 3.032, 10.968, 4.968], "texture": "#1"},
				"east": {"uv": [7.032, 5.032, 10.968, 6.968], "texture": "#1"},
				"south": {"uv": [7.032, 7.032, 10.968, 8.968], "texture": "#1"},
				"west": {"uv": [0.032, 8.032, 3.968, 9.968], "texture": "#1"},
				"up": {"uv": [3.968, 3.968, 0.032, 0.032], "texture": "#1"},
				"down": {"uv": [3.936, 4.032, 0.06, 7.968], "texture": "#1"}
			}
		},
		{
			"name": "bone",
			"from": [6.75, 2.9, 8.25],
			"to": [9.75, 4.9, 11.25],
			"rotation": {"angle": 0, "axis": "y", "origin": [7.9375, 0.20625, 8.5]},
			"faces": {
				"north": {"uv": [4.032, 9.032, 6.968, 10.968], "texture": "#1"},
				"east": {"uv": [7.032, 9.032, 9.968, 10.968], "texture": "#1"},
				"south": {"uv": [0.032, 10.032, 2.968, 11.968], "texture": "#1"},
				"west": {"uv": [10.032, 0.032, 12.968, 1.968], "texture": "#1"},
				"up": {"uv": [6.968, 8.968, 4.032, 6.032], "texture": "#1"},
				"down": {"uv": [9.968, 0.032, 7.032, 2.968], "texture": "#1"}
			}
		},
		{
			"name": "bone",
			"from": [7, 3.25, 8.75],
			"to": [9, 5.25, 10.75],
			"rotation": {"angle": 0, "axis": "y", "origin": [7.9375, 0.20625, 8.5]},
			"faces": {
				"north": {"uv": [10.032, 9.032, 11.968, 10.968], "texture": "#1"},
				"east": {"uv": [11.032, 2.032, 12.968, 3.968], "texture": "#1"},
				"south": {"uv": [3.032, 11.032, 4.968, 12.968], "texture": "#1"},
				"west": {"uv": [11.032, 4.032, 12.968, 5.968], "texture": "#1"},
				"up": {"uv": [6.968, 12.968, 5.032, 11.032], "texture": "#1"},
				"down": {"uv": [12.968, 6.032, 11.032, 7.968], "texture": "#1"}
			}
		},
		{
			"name": "bone",
			"from": [11.075, 1.1, 7.25],
			"to": [14.075, 2.35, 10.25],
			"rotation": {"angle": 0, "axis": "y", "origin": [12.4375, 3.30625, 9.5]},
			"faces": {
				"north": {"uv": [0.032, 12.032, 2.968, 13.968], "texture": "#1"},
				"east": {"uv": [12.032, 8.032, 14.968, 9.968], "texture": "#1"},
				"south": {"uv": [7.032, 11.032, 9.968, 12.968], "texture": "#1"},
				"west": {"uv": [10.032, 11.032, 12.968, 12.968], "texture": "#1"},
				"up": {"uv": [6.968, 2.968, 4.032, 0.032], "rotation": 180, "texture": "#1"},
				"down": {"uv": [6.968, 3.032, 4.032, 5.968], "rotation": 180, "texture": "#1"}
			}
		},
		{
			"name": "bone",
			"from": [10.775, 2.35, 6.95],
			"to": [14.375, 4.35, 10.55],
			"rotation": {"angle": 0, "axis": "y", "origin": [12.4375, 3.30625, 9.5]},
			"faces": {
				"north": {"uv": [7.032, 7.032, 10.968, 8.968], "texture": "#1"},
				"east": {"uv": [0.032, 8.032, 3.968, 9.968], "texture": "#1"},
				"south": {"uv": [7.032, 3.032, 10.968, 4.968], "texture": "#1"},
				"west": {"uv": [7.032, 5.032, 10.968, 6.968], "texture": "#1"},
				"up": {"uv": [3.968, 3.968, 0.032, 0.032], "rotation": 180, "texture": "#1"},
				"down": {"uv": [3.936, 4.032, 0.06, 7.968], "rotation": 180, "texture": "#1"}
			}
		},
		{
			"name": "bone",
			"from": [11.075, 2.9, 7.25],
			"to": [14.075, 4.9, 10.25],
			"rotation": {"angle": 0, "axis": "y", "origin": [12.4375, 3.30625, 9.5]},
			"faces": {
				"north": {"uv": [0.032, 10.032, 2.968, 11.968], "texture": "#1"},
				"east": {"uv": [10.032, 0.032, 12.968, 1.968], "texture": "#1"},
				"south": {"uv": [4.032, 9.032, 6.968, 10.968], "texture": "#1"},
				"west": {"uv": [7.032, 9.032, 9.968, 10.968], "texture": "#1"},
				"up": {"uv": [6.968, 8.968, 4.032, 6.032], "rotation": 180, "texture": "#1"},
				"down": {"uv": [9.968, 0.032, 7.032, 2.968], "rotation": 180, "texture": "#1"}
			}
		},
		{
			"name": "bone",
			"from": [11.825, 3.25, 7.75],
			"to": [13.825, 5.25, 9.75],
			"rotation": {"angle": 0, "axis": "y", "origin": [12.4375, 3.30625, 9.5]},
			"faces": {
				"north": {"uv": [3.032, 11.032, 4.968, 12.968], "texture": "#1"},
				"east": {"uv": [11.032, 4.032, 12.968, 5.968], "texture": "#1"},
				"south": {"uv": [10.032, 9.032, 11.968, 10.968], "texture": "#1"},
				"west": {"uv": [11.032, 2.032, 12.968, 3.968], "texture": "#1"},
				"up": {"uv": [6.968, 12.968, 5.032, 11.032], "rotation": 180, "texture": "#1"},
				"down": {"uv": [12.968, 6.032, 11.032, 7.968], "rotation": 180, "texture": "#1"}
			}
		}
	],
	"display": {
		"thirdperson_righthand": {
			"rotation": [65, 0, 0],
			"translation": [-6, 8.25, 4.5]
		},
		"firstperson_righthand": {
			"translation": [-8.5, 2.25, -5]
		},
		"ground": {
			"translation": [0, 4, 0]
		},
		"gui": {
			"rotation": [47, 24, 0],
			"translation": [0, 4, 0]
		},
		"fixed": {
			"rotation": [-90, 0, 0],
			"translation": [0, 0, -15],
			"scale": [2, 2, 2]
		}
	},
	"groups": [
		{
			"name": "tray",
			"origin": [0, 0, 0],
			"color": 0,
			"children": [
				0,
				{
					"name": "tag",
					"origin": [2.5, 1.40086, 8.72434],
					"color": 1,
					"children": [1]
				}
			]
		},
		{
			"name": "group",
			"origin": [8, 8, 8],
			"color": 0,
			"children": [
				{
					"name": "bone",
					"origin": [0, 0, 0],
					"color": 0,
					"children": [2, 3, 4, 5]
				},
				{
					"name": "bone",
					"origin": [0, 0, 0],
					"color": 0,
					"children": [6, 7, 8, 9]
				},
				{
					"name": "bone",
					"origin": [0, 0, 0],
					"color": 0,
					"children": [10, 11, 12, 13]
				}
			]
		},
		{
			"name": "group",
			"origin": [8, 8, 8],
			"color": 0,
			"children": [
				{
					"name": "bone",
					"origin": [0, 0, 0],
					"color": 0,
					"children": [14, 15, 16, 17]
				},
				{
					"name": "bone",
					"origin": [0, 0, 0],
					"color": 0,
					"children": [18, 19, 20, 21]
				},
				{
					"name": "bone",
					"origin": [0, 0, 0],
					"color": 0,
					"children": [22, 23, 24, 25]
				}
			]
		}
	]
}