{
	"credit": "Made with Blockbench",
	"texture_size": [32, 32],
	"textures": {
		"0": "block/emptydisplaytray1",
		"particle": "block/emptydisplaytray1"
	},
	"elements": [
		{
			"name": "tray",
			"from": [1, 0, 1],
			"to": [15, 1, 15],
			"rotation": {"angle": 0, "axis": "y", "origin": [8, 0, 8]},
			"faces": {
				"north": {"uv": [9.016, 6.516, 15.984, 6.984], "texture": "#0"},
				"east": {"uv": [2.516, 14.516, 7.984, 14.984], "texture": "#0"},
				"south": {"uv": [8.516, 2.516, 15.484, 2.984], "texture": "#0"},
				"west": {"uv": [2.516, 14.516, 7.984, 14.984], "texture": "#0"},
				"up": {"uv": [8.516, 2.016, 15.484, 7.484], "texture": "#0"},
				"down": {"uv": [8.516, 2.016, 15.484, 7.484], "texture": "#0"}
			}
		},
		{
			"name": "tag",
			"from": [10, -2.78686, 14.97237],
			"to": [14, -0.78686, 14.97237],
			"rotation": {"angle": -22.5, "axis": "x", "origin": [8, 0, 8]},
			"faces": {
				"north": {"uv": [0.016, 0.016, 1.984, 0.984], "texture": "#0"},
				"east": {"uv": [0.016, 0.016, 0.016, 0.016], "texture": "#0"},
				"south": {"uv": [0.016, 0.016, 1.984, 0.984], "texture": "#0"},
				"west": {"uv": [0.016, 0.016, 0.016, 0.016], "texture": "#0"},
				"up": {"uv": [0.016, 0.016, 0.016, 0.016], "texture": "#0"},
				"down": {"uv": [0.016, 0.016, 0.016, 0.016], "texture": "#0"}
			}
		}
	],
	"display": {
		"thirdperson_righthand": {
			"rotation": [65, 0, 0],
			"translation": [-6, 8.25, 4.5]
		},
		"firstperson_righthand": {
			"translation": [-8.5, 2.25, -5]
		},
		"ground": {
			"translation": [0, 4, 0]
		},
		"gui": {
			"rotation": [47, 24, 0],
			"translation": [0, 4, 0]
		},
		"fixed": {
			"rotation": [-90, 0, 0],
			"translation": [0, 0, -15],
			"scale": [2, 2, 2]
		}
	},
	"groups": [
		{
			"name": "tray",
			"origin": [0, 0, 0],
			"color": 0,
			"children": [
				0,
				{
					"name": "tag",
					"origin": [2.5, 1.40086, 8.72434],
					"color": 1,
					"children": [1]
				}
			]
		}
	]
}