{
	"credit": "Made with Blockbench",
	"texture_size": [4, 4],
	"textures": {
		"2": "./aggretsukoskirt",
		"4": "./aggretsukoarm1",
		"5": "./aggretsukohand1",
		"6": "./aggretsukoarm2",
		"7": "./aggretsukohand2",
		"9": "./aggretsukoear1",
		"10": "./aggrestukoear2",
		"11": "./aggrestukohead",
		"12": "./aggretsukoleg1",
		"13": "./aggretsukoleg2",
		"14": "./aggretsukobody",
		"15": "./aggretsukotail",
		"particle": "./aggretsukohead"
	},
	"elements": [
		{
			"from": [6.75, 0, 5.5],
			"to": [7.75, 1, 7],
			"faces": {
				"north": {"uv": [1, 2, 2, 3], "texture": "#12"},
				"east": {"uv": [0, 0, 2, 1], "texture": "#12"},
				"south": {"uv": [2, 2, 3, 3], "texture": "#12"},
				"west": {"uv": [0, 1, 2, 2], "texture": "#12"},
				"up": {"uv": [1, 4, 0, 2], "texture": "#12"},
				"down": {"uv": [3, 0, 2, 2], "texture": "#12"}
			}
		},
		{
			"from": [8.25, 0, 5.5],
			"to": [9.25, 1, 7],
			"faces": {
				"north": {"uv": [1, 2, 2, 3], "texture": "#13"},
				"east": {"uv": [0, 0, 2, 1], "texture": "#13"},
				"south": {"uv": [2, 2, 3, 3], "texture": "#13"},
				"west": {"uv": [0, 1, 2, 2], "texture": "#13"},
				"up": {"uv": [1, 4, 0, 2], "texture": "#13"},
				"down": {"uv": [3, 0, 2, 2], "texture": "#13"}
			}
		},
		{
			"from": [6.25, 0, 7],
			"to": [9.75, 1.25, 10],
			"faces": {
				"north": {"uv": [4, 0, 8, 1], "texture": "#2"},
				"east": {"uv": [4, 2, 7, 3], "texture": "#2"},
				"south": {"uv": [4, 1, 8, 2], "texture": "#2"},
				"west": {"uv": [4, 3, 7, 4], "texture": "#2"},
				"up": {"uv": [4, 3, 0, 0], "texture": "#2"},
				"down": {"uv": [4, 3, 0, 6], "texture": "#2"}
			}
		},
		{
			"from": [6.25, 1.25, 8],
			"to": [9.75, 3.5, 10],
			"faces": {
				"north": {"uv": [0, 0, 3.5, 2.5], "texture": "#14"},
				"east": {"uv": [4, 4, 6, 6.5], "texture": "#14"},
				"south": {"uv": [0, 3, 3.5, 5.5], "texture": "#14"},
				"west": {"uv": [0, 6, 2, 8.5], "texture": "#14"},
				"up": {"uv": [7.5, 2, 4, 0], "texture": "#14"},
				"down": {"uv": [7.5, 2, 4, 4], "texture": "#14"}
			}
		},
		{
			"from": [9.75, -2, 8.625],
			"to": [10.5, -0.5, 9.375],
			"rotation": {"angle": 22.5, "axis": "z", "origin": [0, 0, 0]},
			"faces": {
				"north": {"uv": [0, 0, 1, 2], "texture": "#4"},
				"east": {"uv": [1, 0, 2, 2], "texture": "#4"},
				"south": {"uv": [0, 2, 1, 4], "texture": "#4"},
				"west": {"uv": [2, 0, 3, 2], "texture": "#4"},
				"up": {"uv": [2, 3, 1, 2], "texture": "#4"},
				"down": {"uv": [3, 2, 2, 3], "texture": "#4"}
			}
		},
		{
			"from": [9.875, -2.75, 8.625],
			"to": [10.5, -2, 9.375],
			"rotation": {"angle": 22.5, "axis": "z", "origin": [0, 0, 0]},
			"faces": {
				"north": {"uv": [0, 0, 1, 1], "texture": "#5"},
				"east": {"uv": [0, 1, 1, 2], "texture": "#5"},
				"south": {"uv": [1, 0, 2, 1], "texture": "#5"},
				"west": {"uv": [1, 1, 2, 2], "texture": "#5"},
				"up": {"uv": [1, 3, 0, 2], "texture": "#5"},
				"down": {"uv": [3, 0, 2, 1], "texture": "#5"}
			}
		},
		{
			"from": [4.25, 4.125, 8.625],
			"to": [5, 5.625, 9.375],
			"rotation": {"angle": -22.5, "axis": "z", "origin": [0, 0, 0]},
			"faces": {
				"north": {"uv": [0, 0, 1, 2], "texture": "#6"},
				"east": {"uv": [1, 0, 2, 2], "texture": "#6"},
				"south": {"uv": [0, 2, 1, 4], "texture": "#6"},
				"west": {"uv": [2, 0, 3, 2], "texture": "#6"},
				"up": {"uv": [2, 3, 1, 2], "texture": "#6"},
				"down": {"uv": [3, 2, 2, 3], "texture": "#6"}
			}
		},
		{
			"from": [4.25, 3.375, 8.625],
			"to": [4.875, 4.125, 9.375],
			"rotation": {"angle": -22.5, "axis": "z", "origin": [0, 0, 0]},
			"faces": {
				"north": {"uv": [0, 0, 1, 1], "texture": "#7"},
				"east": {"uv": [0, 1, 1, 2], "texture": "#7"},
				"south": {"uv": [1, 0, 2, 1], "texture": "#7"},
				"west": {"uv": [1, 1, 2, 2], "texture": "#7"},
				"up": {"uv": [1, 3, 0, 2], "texture": "#7"},
				"down": {"uv": [3, 0, 2, 1], "texture": "#7"}
			}
		},
		{
			"from": [7.75, 0, 10],
			"to": [10.75, 1, 11],
			"faces": {
				"north": {"uv": [0, 0, 12, 4], "texture": "#15"},
				"east": {"uv": [12, 0, 16, 4], "texture": "#15"},
				"south": {"uv": [0, 4, 12, 8], "texture": "#15"},
				"west": {"uv": [12, 4, 16, 8], "texture": "#15"},
				"up": {"uv": [12, 12, 0, 8], "texture": "#15"},
				"down": {"uv": [12, 12, 0, 16], "texture": "#15"}
			}
		},
		{
			"from": [1, 7.625, 8.5],
			"to": [4, 10.625, 9.5],
			"rotation": {"angle": -22.5, "axis": "z", "origin": [0, 0, 0]},
			"faces": {
				"north": {"uv": [0, 0, 6, 6], "texture": "#9"},
				"east": {"uv": [6, 0, 8, 6], "texture": "#9"},
				"south": {"uv": [0, 6, 6, 12], "texture": "#9"},
				"west": {"uv": [6, 6, 8, 12], "texture": "#9"},
				"up": {"uv": [14, 2, 8, 0], "texture": "#9"},
				"down": {"uv": [14, 2, 8, 4], "texture": "#9"}
			}
		},
		{
			"from": [5, 3.5, 7.5],
			"to": [11, 8, 10.5],
			"faces": {
				"north": {"uv": [0, 0, 6, 4.5], "texture": "#11"},
				"east": {"uv": [6, 6, 9, 10.5], "texture": "#11"},
				"south": {"uv": [0, 5, 6, 9.5], "texture": "#11"},
				"west": {"uv": [9, 6, 12, 10.5], "texture": "#11"},
				"up": {"uv": [12, 3, 6, 0], "texture": "#11"},
				"down": {"uv": [12, 3, 6, 6], "texture": "#11"}
			}
		},
		{
			"from": [10.75, 1.5, 8.5],
			"to": [13.75, 4.5, 9.5],
			"rotation": {"angle": 22.5, "axis": "z", "origin": [0, 0, 0]},
			"faces": {
				"north": {"uv": [0, 0, 6, 6], "texture": "#10"},
				"east": {"uv": [6, 0, 8, 6], "texture": "#10"},
				"south": {"uv": [0, 6, 6, 12], "texture": "#10"},
				"west": {"uv": [6, 6, 8, 12], "texture": "#10"},
				"up": {"uv": [14, 2, 8, 0], "texture": "#10"},
				"down": {"uv": [14, 2, 8, 4], "texture": "#10"}
			}
		}
	],
	"display": {
		"thirdperson_righthand": {
			"rotation": [180, 0, 180],
			"translation": [0, 6.75, -0.5],
			"scale": [1.5, 1.5, 1.8]
		},
		"thirdperson_lefthand": {
			"rotation": [180, 0, 180],
			"translation": [0, 6.75, -0.5],
			"scale": [1.5, 1.5, 1.5]
		},
		"firstperson_righthand": {
			"rotation": [0, 155, 0],
			"translation": [0, 7.5, 0],
			"scale": [1.5, 1.5, 1.5]
		},
		"firstperson_lefthand": {
			"rotation": [0, 155, 0],
			"translation": [0, 7.5, 0],
			"scale": [1.5, 1.5, 1.5]
		},
		"ground": {
			"rotation": [90, 0, 0],
			"translation": [0, 2.5, 10],
			"scale": [2.5, 2.5, 2.5]
		},
		"gui": {
			"rotation": [0, 155, 0],
			"translation": [0, 4, 0],
			"scale": [1.5, 1.5, 1.5]
		},
		"head": {
			"translation": [0, 26.25, 0],
			"scale": [2.5, 2.5, 2.5]
		},
		"fixed": {
			"rotation": [-90, 0, 0],
			"translation": [0, -1.5, -27],
			"scale": [3.5, 3.5, 3.5]
		}
	},
	"groups": [
		{
			"name": "torso",
			"origin": [8, 8, 8],
			"color": 0,
			"children": [0, 1, 2, 3, 4, 5, 6, 7, 8]
		},
		{
			"name": "head",
			"origin": [8, 8, 8],
			"color": 0,
			"children": [9, 10, 11]
		}
	]
}