{
	"credit": "Made with Blockbench",
	"textures": {
		"1": "./chococattorso",
		"2": "./chococatleg1",
		"3": "./chococatleg2",
		"4": "./chococatarm1",
		"5": "./chococatarm2",
		"6": "./chococatear1",
		"7": "./chococatear2",
		"8": "./chococathead",
		"9": "./chococattail",
		"particle": "./chococathead"
	},
	"elements": [
		{
			"from": [5.5, 0, 6],
			"to": [9.5, 5, 9],
			"faces": {
				"north": {"uv": [0, 0, 4, 5], "texture": "#1"},
				"east": {"uv": [0, 5, 3, 10], "texture": "#1"},
				"south": {"uv": [4, 0, 8, 5], "texture": "#1"},
				"west": {"uv": [3, 5, 6, 10], "texture": "#1"},
				"up": {"uv": [10, 8, 6, 5], "texture": "#1"},
				"down": {"uv": [12, 0, 8, 3], "texture": "#1"}
			}
		},
		{
			"from": [5.5, 0, 4],
			"to": [7.25, 1.75, 6],
			"faces": {
				"north": {"uv": [0, 0, 2, 2], "texture": "#2"},
				"east": {"uv": [0, 2, 2, 4], "texture": "#2"},
				"south": {"uv": [2, 0, 4, 2], "texture": "#2"},
				"west": {"uv": [2, 2, 4, 4], "texture": "#2"},
				"up": {"uv": [2, 6, 0, 4], "texture": "#2"},
				"down": {"uv": [6, 0, 4, 2], "texture": "#2"}
			}
		},
		{
			"from": [7.75, 0, 4],
			"to": [9.5, 1.75, 6],
			"faces": {
				"north": {"uv": [0, 0, 2, 2], "texture": "#3"},
				"east": {"uv": [0, 2, 2, 4], "texture": "#3"},
				"south": {"uv": [2, 0, 4, 2], "texture": "#3"},
				"west": {"uv": [2, 2, 4, 4], "texture": "#3"},
				"up": {"uv": [2, 6, 0, 4], "texture": "#3"},
				"down": {"uv": [6, 0, 4, 2], "texture": "#3"}
			}
		},
		{
			"from": [9.75, -2, 7],
			"to": [10.75, 1, 8],
			"rotation": {"angle": 22.5, "axis": "z", "origin": [0, 0, 0]},
			"faces": {
				"north": {"uv": [0, 0, 1, 3], "texture": "#4"},
				"east": {"uv": [1, 0, 2, 3], "texture": "#4"},
				"south": {"uv": [2, 0, 3, 3], "texture": "#4"},
				"west": {"uv": [0, 3, 1, 6], "texture": "#4"},
				"up": {"uv": [4, 1, 3, 0], "texture": "#4"},
				"down": {"uv": [2, 3, 1, 4], "texture": "#4"}
			}
		},
		{
			"from": [3.125, 3.75, 7],
			"to": [4.125, 6.75, 8],
			"rotation": {"angle": -22.5, "axis": "z", "origin": [0, 0, 0]},
			"faces": {
				"north": {"uv": [0, 0, 1, 3], "texture": "#5"},
				"east": {"uv": [1, 0, 2, 3], "texture": "#5"},
				"south": {"uv": [2, 0, 3, 3], "texture": "#5"},
				"west": {"uv": [0, 3, 1, 6], "texture": "#5"},
				"up": {"uv": [4, 1, 3, 0], "texture": "#5"},
				"down": {"uv": [2, 3, 1, 4], "texture": "#5"}
			}
		},
		{
			"from": [3.5, 5, 5],
			"to": [11.5, 11, 10],
			"faces": {
				"north": {"uv": [0, 0, 4, 3], "texture": "#8"},
				"east": {"uv": [4, 5, 6.5, 8], "texture": "#8"},
				"south": {"uv": [0, 3, 4, 6], "texture": "#8"},
				"west": {"uv": [0, 6, 2.5, 9], "texture": "#8"},
				"up": {"uv": [8, 2.5, 4, 0], "texture": "#8"},
				"down": {"uv": [8, 2.5, 4, 5], "texture": "#8"}
			}
		},
		{
			"from": [12, 4, 7],
			"to": [15, 7, 8],
			"rotation": {"angle": 22.5, "axis": "z", "origin": [0, 0, 0]},
			"faces": {
				"north": {"uv": [0, 0, 6, 6], "texture": "#6"},
				"east": {"uv": [6, 0, 8, 6], "texture": "#6"},
				"south": {"uv": [0, 6, 6, 12], "texture": "#6"},
				"west": {"uv": [6, 6, 8, 12], "texture": "#6"},
				"up": {"uv": [14, 2, 8, 0], "texture": "#6"},
				"down": {"uv": [14, 2, 8, 4], "texture": "#6"}
			}
		},
		{
			"from": [-1.125, 9.75, 7],
			"to": [1.875, 12.75, 8],
			"rotation": {"angle": -22.5, "axis": "z", "origin": [0, 0, 0]},
			"faces": {
				"north": {"uv": [0, 0, 6, 6], "texture": "#7"},
				"east": {"uv": [6, 0, 8, 6], "texture": "#7"},
				"south": {"uv": [0, 6, 6, 12], "texture": "#7"},
				"west": {"uv": [6, 6, 8, 12], "texture": "#7"},
				"up": {"uv": [14, 2, 8, 0], "texture": "#7"},
				"down": {"uv": [14, 2, 8, 4], "texture": "#7"}
			}
		},
		{
			"from": [7, 0, 9],
			"to": [11, 1, 10],
			"faces": {
				"north": {"uv": [0, 0, 4, 1], "texture": "#9"},
				"east": {"uv": [0, 4, 1, 5], "texture": "#9"},
				"south": {"uv": [0, 1, 4, 2], "texture": "#9"},
				"west": {"uv": [4, 0, 5, 1], "texture": "#9"},
				"up": {"uv": [4, 3, 0, 2], "texture": "#9"},
				"down": {"uv": [4, 3, 0, 4], "texture": "#9"}
			}
		}
	],
	"display": {
		"thirdperson_righthand": {
			"rotation": [0, 180, 0],
			"translation": [0, 3.25, -2.5]
		},
		"thirdperson_lefthand": {
			"rotation": [0, 180, 0],
			"translation": [0, 3.25, -2.5]
		},
		"firstperson_righthand": {
			"rotation": [0, 155, 0],
			"translation": [0, 3.75, 0]
		},
		"firstperson_lefthand": {
			"rotation": [0, 155, 0],
			"translation": [0, 3.75, 0]
		},
		"ground": {
			"rotation": [90, 0, 0],
			"translation": [0, 0, 3.25],
			"scale": [1.5, 1.5, 1.5]
		},
		"gui": {
			"rotation": [0, 155, 0],
			"translation": [0, 2, 0],
			"scale": [1.25, 1.25, 1.25]
		},
		"head": {
			"translation": [0, 18.25, 0],
			"scale": [1.5, 1.5, 1.5]
		},
		"fixed": {
			"rotation": [-90, 0, 0],
			"translation": [1.25, 2, -19],
			"scale": [2.5, 2.5, 2.5]
		}
	}
}