{
	"credit": "Made with Blockbench",
	"texture_size": [32, 32],
	"textures": {
		"0": "./cinnaleg",
		"1": "./cinnabody",
		"2": "./cinnaarm",
		"3": "./cinnatail",
		"4": "./cinnaear",
		"5": "./cinnahead",
		"particle": "./cinnahead"
	},
	"elements": [
		{
			"from": [5, 0, 4],
			"to": [6, 1, 5],
			"faces": {
				"north": {"uv": [0, 0, 1, 1], "texture": "#0"},
				"east": {"uv": [0, 1, 1, 2], "texture": "#0"},
				"south": {"uv": [1, 0, 2, 1], "texture": "#0"},
				"west": {"uv": [1, 1, 2, 2], "texture": "#0"},
				"up": {"uv": [1, 3, 0, 2], "texture": "#0"},
				"down": {"uv": [3, 0, 2, 1], "texture": "#0"}
			}
		},
		{
			"from": [10, 0, 4],
			"to": [11, 1, 5],
			"faces": {
				"north": {"uv": [0, 0, 0.5, 0.5], "texture": "#0"},
				"east": {"uv": [0, 0, 0.5, 0.5], "texture": "#0"},
				"south": {"uv": [0, 0, 0.5, 0.5], "texture": "#0"},
				"west": {"uv": [0, 0, 0.5, 0.5], "texture": "#0"},
				"up": {"uv": [0, 0, 0.5, 0.5], "texture": "#0"},
				"down": {"uv": [0, 0, 0.5, 0.5], "texture": "#0"}
			}
		},
		{
			"from": [4.25, 0, 5],
			"to": [11.75, 5, 10],
			"rotation": {"angle": 0, "axis": "y", "origin": [0, -1, 0]},
			"faces": {
				"north": {"uv": [0, 0, 4, 3], "texture": "#1"},
				"east": {"uv": [4, 5, 6.5, 8], "texture": "#1"},
				"south": {"uv": [0, 3, 4, 6], "texture": "#1"},
				"west": {"uv": [0, 6, 2.5, 9], "texture": "#1"},
				"up": {"uv": [8, 2.5, 4, 0], "texture": "#1"},
				"down": {"uv": [8, 2.5, 4, 5], "texture": "#1"}
			}
		},
		{
			"from": [1.25, 4, 7],
			"to": [2.25, 7, 8],
			"rotation": {"angle": -22.5, "axis": "z", "origin": [0, -1, 0]},
			"faces": {
				"north": {"uv": [0, 0, 1, 2], "texture": "#2"},
				"east": {"uv": [1, 0, 2, 2], "texture": "#2"},
				"south": {"uv": [0, 2, 1, 4], "texture": "#2"},
				"west": {"uv": [2, 0, 3, 2], "texture": "#2"},
				"up": {"uv": [2, 3, 1, 2], "texture": "#2"},
				"down": {"uv": [3, 2, 2, 3], "texture": "#2"}
			}
		},
		{
			"from": [12.75, -2, 7],
			"to": [13.75, 1, 8],
			"rotation": {"angle": 22.5, "axis": "z", "origin": [0, -1, 0]},
			"faces": {
				"north": {"uv": [0, 0, 0.5, 1.5], "texture": "#2"},
				"east": {"uv": [0, 0, 0.5, 1.5], "texture": "#2"},
				"south": {"uv": [0, 0, 0.5, 1.5], "texture": "#2"},
				"west": {"uv": [0, 0, 0.5, 1.5], "texture": "#2"},
				"up": {"uv": [0, 0, 0.5, 0.5], "texture": "#2"},
				"down": {"uv": [0, 0, 0.5, 0.5], "texture": "#2"}
			}
		},
		{
			"from": [8, -3, 10],
			"to": [11, 0, 12],
			"rotation": {"angle": 22.5, "axis": "z", "origin": [0, -1, 0]},
			"faces": {
				"north": {"uv": [0, 0, 6, 6], "texture": "#3"},
				"east": {"uv": [6, 0, 10, 6], "texture": "#3"},
				"south": {"uv": [0, 6, 6, 12], "texture": "#3"},
				"west": {"uv": [6, 6, 10, 12], "texture": "#3"},
				"up": {"uv": [16, 4, 10, 0], "texture": "#3"},
				"down": {"uv": [16, 4, 10, 8], "texture": "#3"}
			}
		},
		{
			"from": [15, -4.5, 6],
			"to": [17, 4.5, 10],
			"rotation": {"angle": 22.5, "axis": "z", "origin": [0, -1, 0]},
			"faces": {
				"north": {"uv": [4, 0, 5, 4.5], "texture": "#4"},
				"east": {"uv": [0, 0, 2, 4.5], "texture": "#4"},
				"south": {"uv": [0, 4.5, 1, 9], "texture": "#4"},
				"west": {"uv": [2, 0, 4, 4.5], "texture": "#4"},
				"up": {"uv": [2, 6.5, 1, 4.5], "texture": "#4"},
				"down": {"uv": [3, 4.5, 2, 6.5], "texture": "#4"}
			}
		},
		{
			"from": [-2, 1.5, 6],
			"to": [0, 10.5, 10],
			"rotation": {"angle": -22.5, "axis": "z", "origin": [0, -1, 0]},
			"faces": {
				"north": {"uv": [0, 0, 1, 4.5], "texture": "#4"},
				"east": {"uv": [0, 0, 2, 4.5], "texture": "#4"},
				"south": {"uv": [0, 0, 1, 4.5], "texture": "#4"},
				"west": {"uv": [0, 0, 2, 4.5], "texture": "#4"},
				"up": {"uv": [0, 0, 1, 2], "texture": "#4"},
				"down": {"uv": [0, 0, 1, 2], "texture": "#4"}
			}
		},
		{
			"from": [3, 5, 4],
			"to": [13, 11, 11],
			"rotation": {"angle": 0, "axis": "y", "origin": [0, -1, 0]},
			"faces": {
				"north": {"uv": [5, 0, 10, 3], "texture": "#5"},
				"east": {"uv": [5, 6, 8.5, 9], "texture": "#5"},
				"south": {"uv": [5, 3, 10, 6], "texture": "#5"},
				"west": {"uv": [0, 7, 3.5, 10], "texture": "#5"},
				"up": {"uv": [5, 3.5, 0, 0], "texture": "#5"},
				"down": {"uv": [5, 3.5, 0, 7], "texture": "#5"}
			}
		}
	],
	"display": {
		"thirdperson_righthand": {
			"rotation": [0, -180, 0],
			"translation": [0, 3, -3.5]
		},
		"thirdperson_lefthand": {
			"rotation": [0, -180, 0],
			"translation": [0, 3, -3.5]
		},
		"firstperson_righthand": {
			"rotation": [-6, 155, 0],
			"translation": [-0.25, 3, -1.25]
		},
		"firstperson_lefthand": {
			"rotation": [-6, 155, 0],
			"translation": [-0.25, 3, -1.25]
		},
		"ground": {
			"rotation": [90, 0, 0],
			"translation": [0, 2.75, 5],
			"scale": [1.5, 1.5, 1.5]
		},
		"gui": {
			"rotation": [0, 160, 0],
			"translation": [0, 0.5, 0],
			"scale": [1.1, 1.1, 1.1]
		},
		"head": {
			"translation": [0, 22.5, 0.5],
			"scale": [2, 2, 2]
		},
		"fixed": {
			"rotation": [-90, 0, 0],
			"translation": [0, 0, -22.75],
			"scale": [3, 3, 3]
		}
	},
	"groups": [
		{
			"name": "torso",
			"origin": [0, 0, 0],
			"color": 0,
			"children": [0, 1, 2, 3, 4, 5]
		},
		{
			"name": "head",
			"origin": [8, 8, 8],
			"color": 0,
			"children": [6, 7, 8]
		}
	]
}