{
	"credit": "Made with Blockbench",
	"textures": {
		"1": "./hellohand1",
		"2": "./hellohand2",
		"4": "./helloleg1",
		"5": "./helloleg2",
		"7": "./hellotail",
		"8": "./helloear2",
		"9": "./helloribbon1",
		"10": "./helloribbon3",
		"11": "./helloribbon2",
		"12": "./helloear1",
		"13": "./hellohead",
		"14": "./hellobody",
		"15": "./helloarm2",
		"16": "./helloarm1",
		"17": "./hellowisker",
		"particle": "./hellohead"
	},
	"elements": [
		{
			"from": [1, 3, 6.5],
			"to": [2, 5, 9.5],
			"rotation": {"angle": -22.5, "axis": "z", "origin": [0, 0, 0]},
			"faces": {
				"north": {"uv": [0, 4, 1, 6], "texture": "#1"},
				"east": {"uv": [0, 0, 3, 2], "texture": "#1"},
				"south": {"uv": [4, 0, 5, 2], "texture": "#1"},
				"west": {"uv": [0, 2, 3, 4], "texture": "#1"},
				"up": {"uv": [4, 3, 3, 0], "texture": "#1"},
				"down": {"uv": [4, 3, 3, 6], "texture": "#1"}
			}
		},
		{
			"from": [4, 0, 6],
			"to": [12, 7, 10],
			"faces": {
				"north": {"uv": [0, 0, 8, 7], "texture": "#14"},
				"east": {"uv": [8, 8, 12, 15], "texture": "#14"},
				"south": {"uv": [0, 7, 8, 14], "texture": "#14"},
				"west": {"uv": [12, 8, 16, 15], "texture": "#14"},
				"up": {"uv": [16, 4, 8, 0], "texture": "#14"},
				"down": {"uv": [16, 4, 8, 8], "texture": "#14"}
			}
		},
		{
			"from": [13, -3, 6.5],
			"to": [14, -1, 9.5],
			"rotation": {"angle": 22.5, "axis": "z", "origin": [0, 0, 0]},
			"faces": {
				"north": {"uv": [0, 4, 1, 6], "texture": "#2"},
				"east": {"uv": [0, 0, 3, 2], "texture": "#2"},
				"south": {"uv": [4, 0, 5, 2], "texture": "#2"},
				"west": {"uv": [0, 2, 3, 4], "texture": "#2"},
				"up": {"uv": [4, 3, 3, 0], "texture": "#2"},
				"down": {"uv": [4, 3, 3, 6], "texture": "#2"}
			}
		},
		{
			"from": [13, -1, 7],
			"to": [14, 2, 9],
			"rotation": {"angle": 22.5, "axis": "z", "origin": [0, 0, 0]},
			"faces": {
				"north": {"uv": [0, 6, 2, 12], "texture": "#15"},
				"east": {"uv": [0, 0, 4, 6], "texture": "#15"},
				"south": {"uv": [2, 6, 4, 12], "texture": "#15"},
				"west": {"uv": [4, 0, 8, 6], "texture": "#15"},
				"up": {"uv": [6, 10, 4, 6], "texture": "#15"},
				"down": {"uv": [8, 6, 6, 10], "texture": "#15"}
			}
		},
		{
			"from": [4, 0, 3],
			"to": [7.9, 2, 6],
			"faces": {
				"north": {"uv": [4, 0, 8, 2], "texture": "#4"},
				"east": {"uv": [4, 4, 7, 6], "texture": "#4"},
				"south": {"uv": [4, 2, 8, 4], "texture": "#4"},
				"west": {"uv": [0, 6, 3, 8], "texture": "#4"},
				"up": {"uv": [4, 3, 0, 0], "texture": "#4"},
				"down": {"uv": [4, 3, 0, 6], "texture": "#4"}
			}
		},
		{
			"from": [8.1, 0, 3],
			"to": [12, 2, 6],
			"faces": {
				"north": {"uv": [4, 0, 8, 2], "texture": "#5"},
				"east": {"uv": [4, 4, 7, 6], "texture": "#5"},
				"south": {"uv": [4, 2, 8, 4], "texture": "#5"},
				"west": {"uv": [0, 6, 3, 8], "texture": "#5"},
				"up": {"uv": [4, 3, 0, 0], "texture": "#5"},
				"down": {"uv": [4, 3, 0, 6], "texture": "#5"}
			}
		},
		{
			"from": [1, 5, 7],
			"to": [2, 8, 9],
			"rotation": {"angle": -22.5, "axis": "z", "origin": [0, 0, 0]},
			"faces": {
				"north": {"uv": [0, 6, 2, 12], "texture": "#16"},
				"east": {"uv": [0, 0, 4, 6], "texture": "#16"},
				"south": {"uv": [2, 6, 4, 12], "texture": "#16"},
				"west": {"uv": [4, 0, 8, 6], "texture": "#16"},
				"up": {"uv": [6, 10, 4, 6], "texture": "#16"},
				"down": {"uv": [8, 6, 6, 10], "texture": "#16"}
			}
		},
		{
			"from": [7, 0, 10],
			"to": [9, 1, 13],
			"faces": {
				"north": {"uv": [0, 4, 2, 5], "texture": "#7"},
				"east": {"uv": [0, 3, 3, 4], "texture": "#7"},
				"south": {"uv": [4, 0, 6, 1], "texture": "#7"},
				"west": {"uv": [3, 3, 6, 4], "texture": "#7"},
				"up": {"uv": [2, 3, 0, 0], "texture": "#7"},
				"down": {"uv": [4, 0, 2, 3], "texture": "#7"}
			}
		},
		{
			"from": [3, 7, 5.5],
			"to": [13, 13, 11],
			"faces": {
				"north": {"uv": [0, 0, 5, 3], "texture": "#13"},
				"east": {"uv": [0, 6, 3, 9], "texture": "#13"},
				"south": {"uv": [0, 3, 5, 6], "texture": "#13"},
				"west": {"uv": [3, 6, 6, 9], "texture": "#13"},
				"up": {"uv": [10, 3, 5, 0], "texture": "#13"},
				"down": {"uv": [10, 3, 5, 6], "texture": "#13"}
			}
		},
		{
			"from": [15, -0.25, 5.55],
			"to": [18, 2.75, 6.55],
			"rotation": {"angle": 45, "axis": "z", "origin": [0, 0, 0]},
			"faces": {
				"north": {"uv": [0, 0, 3, 3], "texture": "#8"},
				"east": {"uv": [3, 0, 4, 3], "texture": "#8"},
				"south": {"uv": [0, 3, 3, 6], "texture": "#8"},
				"west": {"uv": [3, 3, 4, 6], "texture": "#8"},
				"up": {"uv": [7, 1, 4, 0], "texture": "#8"},
				"down": {"uv": [7, 1, 4, 2], "texture": "#8"}
			}
		},
		{
			"from": [6.75, 9, 4.5],
			"to": [8.75, 11, 5.5],
			"rotation": {"angle": 22.5, "axis": "z", "origin": [0, 0, 0]},
			"faces": {
				"north": {"uv": [0, 0, 2, 2], "texture": "#9"},
				"east": {"uv": [2, 0, 3, 2], "texture": "#9"},
				"south": {"uv": [0, 2, 2, 4], "texture": "#9"},
				"west": {"uv": [2, 2, 3, 4], "texture": "#9"},
				"up": {"uv": [5, 1, 3, 0], "texture": "#9"},
				"down": {"uv": [5, 1, 3, 2], "texture": "#9"}
			}
		},
		{
			"from": [9.75, 9, 4.5],
			"to": [11.75, 11, 5.5],
			"rotation": {"angle": 22.5, "axis": "z", "origin": [0, 0, 0]},
			"faces": {
				"north": {"uv": [0, 0, 2, 2], "texture": "#10"},
				"east": {"uv": [2, 0, 3, 2], "texture": "#10"},
				"south": {"uv": [0, 2, 2, 4], "texture": "#10"},
				"west": {"uv": [2, 2, 3, 4], "texture": "#10"},
				"up": {"uv": [5, 1, 3, 0], "texture": "#10"},
				"down": {"uv": [5, 1, 3, 2], "texture": "#10"}
			}
		},
		{
			"from": [8.75, 9.5, 5],
			"to": [9.75, 10.5, 5.5],
			"rotation": {"angle": 22.5, "axis": "z", "origin": [0, 0, 0]},
			"faces": {
				"north": {"uv": [0, 0, 1, 1], "texture": "#11"},
				"east": {"uv": [0, 1, 1, 2], "texture": "#11"},
				"south": {"uv": [1, 0, 2, 1], "texture": "#11"},
				"west": {"uv": [1, 1, 2, 2], "texture": "#11"},
				"up": {"uv": [1, 3, 0, 2], "texture": "#11"},
				"down": {"uv": [3, 0, 2, 1], "texture": "#11"}
			}
		},
		{
			"from": [11, 3.75, 5.55],
			"to": [14, 6.75, 6.55],
			"rotation": {"angle": 45, "axis": "z", "origin": [0, 0, 0]},
			"faces": {
				"north": {"uv": [0, 0, 3, 3], "texture": "#12"},
				"east": {"uv": [3, 0, 4, 3], "texture": "#12"},
				"south": {"uv": [0, 3, 3, 6], "texture": "#12"},
				"west": {"uv": [3, 3, 4, 6], "texture": "#12"},
				"up": {"uv": [7, 1, 4, 0], "texture": "#12"},
				"down": {"uv": [7, 1, 4, 2], "texture": "#12"}
			}
		},
		{
			"from": [12, 8.5, 5],
			"to": [14, 9, 5.5],
			"faces": {
				"north": {"uv": [0, 0, 2, 1], "texture": "#17"},
				"east": {"uv": [2, 1, 3, 2], "texture": "#17"},
				"south": {"uv": [0, 1, 2, 2], "texture": "#17"},
				"west": {"uv": [2, 2, 3, 3], "texture": "#17"},
				"up": {"uv": [2, 3, 0, 2], "texture": "#17"},
				"down": {"uv": [4, 0, 2, 1], "texture": "#17"}
			}
		},
		{
			"from": [5, 5.5, 5],
			"to": [7, 6, 5.5],
			"rotation": {"angle": 22.5, "axis": "z", "origin": [0, 0, 0]},
			"faces": {
				"north": {"uv": [0, 0, 2, 0.5], "texture": "#17"},
				"east": {"uv": [0, 0, 0.5, 0.5], "texture": "#17"},
				"south": {"uv": [0, 0, 2, 0.5], "texture": "#17"},
				"west": {"uv": [0, 0, 0.5, 0.5], "texture": "#17"},
				"up": {"uv": [0, 0, 2, 0.5], "texture": "#17"},
				"down": {"uv": [0, 0, 2, 0.5], "texture": "#17"}
			}
		},
		{
			"from": [15, 4.5, 5],
			"to": [17, 5, 5.5],
			"rotation": {"angle": 22.5, "axis": "z", "origin": [0, 0, 0]},
			"faces": {
				"north": {"uv": [0, 0, 2, 0.5], "texture": "#17"},
				"east": {"uv": [0, 0, 0.5, 0.5], "texture": "#17"},
				"south": {"uv": [0, 0, 2, 0.5], "texture": "#17"},
				"west": {"uv": [0, 0, 0.5, 0.5], "texture": "#17"},
				"up": {"uv": [0, 0, 2, 0.5], "texture": "#17"},
				"down": {"uv": [0, 0, 2, 0.5], "texture": "#17"}
			}
		},
		{
			"from": [8, 11.5, 5],
			"to": [10, 12, 5.5],
			"rotation": {"angle": -22.5, "axis": "z", "origin": [0, 0, 0]},
			"faces": {
				"north": {"uv": [0, 0, 2, 0.5], "texture": "#17"},
				"east": {"uv": [0, 0, 0.5, 0.5], "texture": "#17"},
				"south": {"uv": [0, 0, 2, 0.5], "texture": "#17"},
				"west": {"uv": [0, 0, 0.5, 0.5], "texture": "#17"},
				"up": {"uv": [0, 0, 2, 0.5], "texture": "#17"},
				"down": {"uv": [0, 0, 2, 0.5], "texture": "#17"}
			}
		},
		{
			"from": [2, 8.5, 5],
			"to": [4, 9, 5.5],
			"faces": {
				"north": {"uv": [0, 0, 2, 0.5], "texture": "#17"},
				"east": {"uv": [0, 0, 0.5, 0.5], "texture": "#17"},
				"south": {"uv": [0, 0, 2, 0.5], "texture": "#17"},
				"west": {"uv": [0, 0, 0.5, 0.5], "texture": "#17"},
				"up": {"uv": [0, 0, 2, 0.5], "texture": "#17"},
				"down": {"uv": [0, 0, 2, 0.5], "texture": "#17"}
			}
		},
		{
			"from": [-2, 10.5, 5],
			"to": [0, 11, 5.5],
			"rotation": {"angle": -22.5, "axis": "z", "origin": [0, 0, 0]},
			"faces": {
				"north": {"uv": [0, 0, 2, 0.5], "texture": "#17"},
				"east": {"uv": [0, 0, 0.5, 0.5], "texture": "#17"},
				"south": {"uv": [0, 0, 2, 0.5], "texture": "#17"},
				"west": {"uv": [0, 0, 0.5, 0.5], "texture": "#17"},
				"up": {"uv": [0, 0, 2, 0.5], "texture": "#17"},
				"down": {"uv": [0, 0, 2, 0.5], "texture": "#17"}
			}
		}
	],
	"display": {
		"thirdperson_righthand": {
			"rotation": [0, -180, 0],
			"translation": [0, 2, -2.5]
		},
		"thirdperson_lefthand": {
			"rotation": [0, -180, 0],
			"translation": [0, 2, -2.5]
		},
		"firstperson_righthand": {
			"rotation": [0, 160, 0],
			"translation": [-0.25, 1.5, 0]
		},
		"firstperson_lefthand": {
			"rotation": [0, 160, 0],
			"translation": [-0.25, 1.5, 0]
		},
		"ground": {
			"rotation": [90, 0, 0],
			"translation": [0, 0.75, 1.5],
			"scale": [1.5, 1.5, 1.5]
		},
		"gui": {
			"rotation": [0, 150, 0],
			"translation": [0.5, 0.75, 0],
			"scale": [1.1, 1.1, 1.1]
		},
		"head": {
			"translation": [0, 19, 0],
			"scale": [1.5, 1.5, 1.5]
		},
		"fixed": {
			"rotation": [-90, 0, 0],
			"translation": [0, 0, -23.25],
			"scale": [3, 3, 3]
		}
	},
	"groups": [
		{
			"name": "torso",
			"origin": [8, 8, 8],
			"color": 0,
			"children": [0, 1, 2, 3, 4, 5, 6, 7]
		},
		{
			"name": "head",
			"origin": [8, 8, 8],
			"color": 0,
			"children": [
				8,
				9,
				10,
				11,
				12,
				13,
				{
					"name": "wiskers",
					"origin": [8, 8, 8],
					"color": 0,
					"children": [14, 15, 16, 17, 18, 19]
				}
			]
		}
	]
}