{
	"credit": "Made with Blockbench",
	"textures": {
		"0": "./keroeye2",
		"1": "./kerohead",
		"2": "./keroeye1",
		"3": "./kerobody",
		"4": "./kerofoot2",
		"5": "./kerofoot1",
		"6": "./keroarm2",
		"7": "./keroarm1",
		"8": "./kerofinger1",
		"9": "./kerotoe1",
		"10": "./kerobowtie1",
		"11": "./kerobowtie2",
		"particle": "./keroeye2"
	},
	"elements": [
		{
			"from": [4.25, 6.875, 4.9],
			"to": [7.875, 10.5, 8.525],
			"faces": {
				"north": {"uv": [0, 0, 3.5, 3.5], "texture": "#0"},
				"east": {"uv": [0, 4, 3.5, 7.5], "texture": "#0"},
				"south": {"uv": [4, 0, 7.5, 3.5], "texture": "#0"},
				"west": {"uv": [4, 4, 7.5, 7.5], "texture": "#0"},
				"up": {"uv": [3.5, 11.5, 0, 8], "texture": "#0"},
				"down": {"uv": [11.5, 0, 8, 3.5], "texture": "#0"}
			}
		},
		{
			"from": [4, 3.5, 5],
			"to": [12, 8.5, 11],
			"faces": {
				"north": {"uv": [4, 0, 8, 2.5], "texture": "#1"},
				"east": {"uv": [4, 5, 7, 7.5], "texture": "#1"},
				"south": {"uv": [4, 2.5, 8, 5], "texture": "#1"},
				"west": {"uv": [0, 6, 3, 8.5], "texture": "#1"},
				"up": {"uv": [4, 3, 0, 0], "texture": "#1"},
				"down": {"uv": [4, 3, 0, 6], "texture": "#1"}
			}
		},
		{
			"from": [8, 6.875, 4.9],
			"to": [11.625, 10.5, 8.525],
			"faces": {
				"north": {"uv": [0, 0, 3.5, 3.5], "texture": "#2"},
				"east": {"uv": [0, 4, 3.5, 7.5], "texture": "#2"},
				"south": {"uv": [4, 0, 7.5, 3.5], "texture": "#2"},
				"west": {"uv": [4, 4, 7.5, 7.5], "texture": "#2"},
				"up": {"uv": [3.5, 11.5, 0, 8], "texture": "#2"},
				"down": {"uv": [11.5, 0, 8, 3.5], "texture": "#2"}
			}
		},
		{
			"from": [8.25, 2.625, 5.9],
			"to": [8.75, 3.375, 6.4],
			"faces": {
				"north": {"uv": [0, 0, 1, 1], "texture": "#10"},
				"east": {"uv": [0, 1, 1, 2], "texture": "#10"},
				"south": {"uv": [1, 0, 2, 1], "texture": "#10"},
				"west": {"uv": [1, 1, 2, 2], "texture": "#10"},
				"up": {"uv": [1, 3, 0, 2], "texture": "#10"},
				"down": {"uv": [3, 0, 2, 1], "texture": "#10"}
			}
		},
		{
			"from": [7.25, 2.625, 5.9],
			"to": [7.75, 3.375, 6.4],
			"faces": {
				"north": {"uv": [0, 0, 0.5, 0.75], "texture": "#10"},
				"east": {"uv": [0, 0, 0.5, 0.75], "texture": "#10"},
				"south": {"uv": [0, 0, 0.5, 0.75], "texture": "#10"},
				"west": {"uv": [0, 0, 0.5, 0.75], "texture": "#10"},
				"up": {"uv": [0, 0, 0.5, 0.5], "texture": "#10"},
				"down": {"uv": [0, 0, 0.5, 0.5], "texture": "#10"}
			}
		},
		{
			"from": [7.75, 2.75, 5.9],
			"to": [8.25, 3.25, 6.4],
			"faces": {
				"north": {"uv": [0, 0, 1, 1], "texture": "#11"},
				"east": {"uv": [0, 1, 1, 2], "texture": "#11"},
				"south": {"uv": [1, 0, 2, 1], "texture": "#11"},
				"west": {"uv": [1, 1, 2, 2], "texture": "#11"},
				"up": {"uv": [1, 3, 0, 2], "texture": "#11"},
				"down": {"uv": [3, 0, 2, 1], "texture": "#11"}
			}
		},
		{
			"from": [5, 0, 6],
			"to": [11, 3.5, 10],
			"faces": {
				"north": {"uv": [0, 0, 6, 4], "texture": "#3"},
				"east": {"uv": [0, 8, 4, 12], "texture": "#3"},
				"south": {"uv": [0, 4, 6, 8], "texture": "#3"},
				"west": {"uv": [4, 8, 8, 12], "texture": "#3"},
				"up": {"uv": [12, 4, 6, 0], "texture": "#3"},
				"down": {"uv": [12, 4, 6, 8], "texture": "#3"}
			}
		},
		{
			"from": [5, 0, 5],
			"to": [7.9, 1.5, 6],
			"faces": {
				"north": {"uv": [0, 0, 3, 2], "texture": "#4"},
				"east": {"uv": [3, 2, 4, 4], "texture": "#4"},
				"south": {"uv": [0, 2, 3, 4], "texture": "#4"},
				"west": {"uv": [0, 4, 1, 6], "texture": "#4"},
				"up": {"uv": [6, 1, 3, 0], "texture": "#4"},
				"down": {"uv": [6, 1, 3, 2], "texture": "#4"}
			}
		},
		{
			"from": [8.1, 0, 5],
			"to": [11, 1.5, 6],
			"faces": {
				"north": {"uv": [0, 0, 3, 2], "texture": "#5"},
				"east": {"uv": [3, 2, 4, 4], "texture": "#5"},
				"south": {"uv": [0, 2, 3, 4], "texture": "#5"},
				"west": {"uv": [0, 4, 1, 6], "texture": "#5"},
				"up": {"uv": [6, 1, 3, 0], "texture": "#5"},
				"down": {"uv": [6, 1, 3, 2], "texture": "#5"}
			}
		},
		{
			"from": [0.75, 4.25, 7],
			"to": [1.75, 6.25, 9],
			"rotation": {"angle": -45, "axis": "z", "origin": [0, 0, 0]},
			"faces": {
				"north": {"uv": [2, 0, 3, 2], "texture": "#6"},
				"east": {"uv": [0, 0, 2, 2], "texture": "#6"},
				"south": {"uv": [2, 2, 3, 4], "texture": "#6"},
				"west": {"uv": [0, 2, 2, 4], "texture": "#6"},
				"up": {"uv": [4, 2, 3, 0], "texture": "#6"},
				"down": {"uv": [4, 2, 3, 4], "texture": "#6"}
			}
		},
		{
			"from": [9.5, -7, 7],
			"to": [10.5, -5, 9],
			"rotation": {"angle": 45, "axis": "z", "origin": [0, 0, 0]},
			"faces": {
				"north": {"uv": [2, 0, 3, 2], "texture": "#7"},
				"east": {"uv": [0, 0, 2, 2], "texture": "#7"},
				"south": {"uv": [2, 2, 3, 4], "texture": "#7"},
				"west": {"uv": [0, 2, 2, 4], "texture": "#7"},
				"up": {"uv": [4, 2, 3, 0], "texture": "#7"},
				"down": {"uv": [4, 2, 3, 4], "texture": "#7"}
			}
		},
		{
			"from": [0.75, 3.75, 7.6875],
			"to": [1.75, 4.25, 8.2875],
			"rotation": {"angle": -45, "axis": "z", "origin": [0, 0, 0]},
			"faces": {
				"north": {"uv": [0, 0, 1, 1], "texture": "#8"},
				"east": {"uv": [0, 1, 1, 2], "texture": "#8"},
				"south": {"uv": [1, 0, 2, 1], "texture": "#8"},
				"west": {"uv": [1, 1, 2, 2], "texture": "#8"},
				"up": {"uv": [1, 3, 0, 2], "texture": "#8"},
				"down": {"uv": [3, 0, 2, 1], "texture": "#8"}
			}
		},
		{
			"from": [0.75, 3.75, 8.425],
			"to": [1.75, 4.25, 9.025],
			"rotation": {"angle": -45, "axis": "z", "origin": [0, 0, 0]},
			"faces": {
				"north": {"uv": [0, 0, 1, 1], "texture": "#8"},
				"east": {"uv": [0, 1, 1, 2], "texture": "#8"},
				"south": {"uv": [1, 0, 2, 1], "texture": "#8"},
				"west": {"uv": [1, 1, 2, 2], "texture": "#8"},
				"up": {"uv": [1, 3, 0, 2], "texture": "#8"},
				"down": {"uv": [3, 0, 2, 1], "texture": "#8"}
			}
		},
		{
			"from": [0.75, 3.75, 7],
			"to": [1.75, 4.25, 7.6],
			"rotation": {"angle": -45, "axis": "z", "origin": [0, 0, 0]},
			"faces": {
				"north": {"uv": [0, 0, 1, 0.5], "texture": "#8"},
				"east": {"uv": [0, 0, 0.6, 0.5], "texture": "#8"},
				"south": {"uv": [0, 0, 1, 0.5], "texture": "#8"},
				"west": {"uv": [0, 0, 0.6, 0.5], "texture": "#8"},
				"up": {"uv": [0, 0, 1, 0.6], "texture": "#8"},
				"down": {"uv": [0, 0, 1, 0.6], "texture": "#8"}
			}
		},
		{
			"from": [10.1, 1.5, 5],
			"to": [11, 2, 6],
			"faces": {
				"north": {"uv": [0, 0, 1, 1], "texture": "#9"},
				"east": {"uv": [0, 1, 1, 2], "texture": "#9"},
				"south": {"uv": [1, 0, 2, 1], "texture": "#9"},
				"west": {"uv": [1, 1, 2, 2], "texture": "#9"},
				"up": {"uv": [1, 3, 0, 2], "texture": "#9"},
				"down": {"uv": [3, 0, 2, 1], "texture": "#9"}
			}
		},
		{
			"from": [9.1, 1.5, 5],
			"to": [10, 2, 6],
			"faces": {
				"north": {"uv": [0, 0, 0.9, 0.5], "texture": "#9"},
				"east": {"uv": [0, 0, 1, 0.5], "texture": "#9"},
				"south": {"uv": [0, 0, 0.9, 0.5], "texture": "#9"},
				"west": {"uv": [0, 0, 1, 0.5], "texture": "#9"},
				"up": {"uv": [0, 0, 0.9, 1], "texture": "#9"},
				"down": {"uv": [0, 0, 0.9, 1], "texture": "#9"}
			}
		},
		{
			"from": [8.1, 1.5, 5],
			"to": [9, 2, 6],
			"faces": {
				"north": {"uv": [0, 0, 0.9, 0.5], "texture": "#9"},
				"east": {"uv": [0, 0, 1, 0.5], "texture": "#9"},
				"south": {"uv": [0, 0, 0.9, 0.5], "texture": "#9"},
				"west": {"uv": [0, 0, 1, 0.5], "texture": "#9"},
				"up": {"uv": [0, 0, 0.9, 1], "texture": "#9"},
				"down": {"uv": [0, 0, 0.9, 1], "texture": "#9"}
			}
		},
		{
			"from": [7, 1.5, 5],
			"to": [7.9, 2, 6],
			"faces": {
				"north": {"uv": [0, 0, 0.9, 0.5], "texture": "#9"},
				"east": {"uv": [0, 0, 1, 0.5], "texture": "#9"},
				"south": {"uv": [0, 0, 0.9, 0.5], "texture": "#9"},
				"west": {"uv": [0, 0, 1, 0.5], "texture": "#9"},
				"up": {"uv": [0, 0, 0.9, 1], "texture": "#9"},
				"down": {"uv": [0, 0, 0.9, 1], "texture": "#9"}
			}
		},
		{
			"from": [5, 1.5, 5],
			"to": [5.9, 2, 6],
			"faces": {
				"north": {"uv": [0, 0, 0.9, 0.5], "texture": "#9"},
				"east": {"uv": [0, 0, 1, 0.5], "texture": "#9"},
				"south": {"uv": [0, 0, 0.9, 0.5], "texture": "#9"},
				"west": {"uv": [0, 0, 1, 0.5], "texture": "#9"},
				"up": {"uv": [0, 0, 0.9, 1], "texture": "#9"},
				"down": {"uv": [0, 0, 0.9, 1], "texture": "#9"}
			}
		},
		{
			"from": [6, 1.5, 5],
			"to": [6.9, 2, 6],
			"faces": {
				"north": {"uv": [0, 0, 0.9, 0.5], "texture": "#9"},
				"east": {"uv": [0, 0, 1, 0.5], "texture": "#9"},
				"south": {"uv": [0, 0, 0.9, 0.5], "texture": "#9"},
				"west": {"uv": [0, 0, 1, 0.5], "texture": "#9"},
				"up": {"uv": [0, 0, 0.9, 1], "texture": "#9"},
				"down": {"uv": [0, 0, 0.9, 1], "texture": "#9"}
			}
		},
		{
			"from": [9.5, -7.5, 7],
			"to": [10.5, -7, 7.6],
			"rotation": {"angle": 45, "axis": "z", "origin": [0, 0, 0]},
			"faces": {
				"north": {"uv": [0, 0, 1, 0.5], "texture": "#8"},
				"east": {"uv": [0, 0, 0.6, 0.5], "texture": "#8"},
				"south": {"uv": [0, 0, 1, 0.5], "texture": "#8"},
				"west": {"uv": [0, 0, 0.6, 0.5], "texture": "#8"},
				"up": {"uv": [0, 0, 1, 0.6], "texture": "#8"},
				"down": {"uv": [0, 0, 1, 0.6], "texture": "#8"}
			}
		},
		{
			"from": [9.5, -7.5, 7.6875],
			"to": [10.5, -7, 8.2875],
			"rotation": {"angle": 45, "axis": "z", "origin": [0, 0, 0]},
			"faces": {
				"north": {"uv": [0, 0, 1, 0.5], "texture": "#8"},
				"east": {"uv": [0, 0, 0.6, 0.5], "texture": "#8"},
				"south": {"uv": [0, 0, 1, 0.5], "texture": "#8"},
				"west": {"uv": [0, 0, 0.6, 0.5], "texture": "#8"},
				"up": {"uv": [0, 0, 1, 0.6], "texture": "#8"},
				"down": {"uv": [0, 0, 1, 0.6], "texture": "#8"}
			}
		},
		{
			"from": [9.5, -7.5, 8.425],
			"to": [10.5, -7, 9.025],
			"rotation": {"angle": 45, "axis": "z", "origin": [0, 0, 0]},
			"faces": {
				"north": {"uv": [0, 0, 1, 0.5], "texture": "#8"},
				"east": {"uv": [0, 0, 0.6, 0.5], "texture": "#8"},
				"south": {"uv": [0, 0, 1, 0.5], "texture": "#8"},
				"west": {"uv": [0, 0, 0.6, 0.5], "texture": "#8"},
				"up": {"uv": [0, 0, 1, 0.6], "texture": "#8"},
				"down": {"uv": [0, 0, 1, 0.6], "texture": "#8"}
			}
		}
	],
	"display": {
		"thirdperson_righthand": {
			"rotation": [0, -180, 0],
			"translation": [0, 3.25, 0]
		},
		"thirdperson_lefthand": {
			"rotation": [0, -180, 0],
			"translation": [0, 3.25, 0]
		},
		"firstperson_righthand": {
			"rotation": [0, 145, 0],
			"translation": [1, 5, 0]
		},
		"firstperson_lefthand": {
			"rotation": [0, 145, 0],
			"translation": [1, 5, 0]
		},
		"ground": {
			"rotation": [90, 0, 0],
			"translation": [0, 0.75, 4.5],
			"scale": [1.5, 1.5, 1.5]
		},
		"gui": {
			"rotation": [0, 160, 0],
			"translation": [0, 4, 0],
			"scale": [1.5, 1.5, 1.5]
		},
		"head": {
			"translation": [0, 18.25, 0],
			"scale": [1.5, 1.5, 1.5]
		},
		"fixed": {
			"rotation": [-90, 0, 0],
			"translation": [0, 0, -22.75],
			"scale": [3, 3, 3]
		}
	},
	"groups": [
		{
			"name": "head",
			"origin": [8, 8, 8],
			"color": 0,
			"children": [0, 1, 2]
		},
		{
			"name": "body",
			"origin": [8, 8, 8],
			"color": 0,
			"children": [
				3,
				4,
				5,
				6,
				{
					"name": "limbs",
					"origin": [8, 8, 8],
					"color": 0,
					"children": [
						7,
						8,
						9,
						10,
						{
							"name": "tingers",
							"origin": [8, 8, 8],
							"color": 0,
							"children": [11, 12, 13, 14, 15, 16, 17, 18, 19, 20, 21, 22]
						}
					]
				}
			]
		}
	]
}