{
	"credit": "Made with Blockbench",
	"textures": {
		"0": "./kuromileg",
		"1": "./kuromiarm",
		"2": "./kuromileg2",
		"3": "./kuromifoot1",
		"4": "./kuromifoot2",
		"5": "./kuromitail1",
		"6": "./kuromiarm2",
		"7": "./kuromihand1",
		"9": "./kuromihand2",
		"10": "./kuromitail2",
		"11": "./kuromihead",
		"12": "./kuromitorso",
		"13": "./kuromiear1",
		"14": "./kuromiear2",
		"15": "./kuromiear3",
		"16": "./kuromiear4",
		"particle": "./kuromihead"
	},
	"elements": [
		{
			"from": [8.1, 0, 6],
			"to": [11, 2, 7],
			"faces": {
				"north": {"uv": [0, 0, 3, 2], "texture": "#0"},
				"east": {"uv": [3, 2, 4, 4], "texture": "#0"},
				"south": {"uv": [0, 2, 3, 4], "texture": "#0"},
				"west": {"uv": [0, 4, 1, 6], "texture": "#0"},
				"up": {"uv": [6, 1, 3, 0], "texture": "#0"},
				"down": {"uv": [6, 1, 3, 2], "texture": "#0"}
			}
		},
		{
			"from": [11.5, -1.5, 8],
			"to": [12.5, 1.5, 9],
			"rotation": {"angle": 22.5, "axis": "z", "origin": [0, 0, 0]},
			"faces": {
				"north": {"uv": [0, 0, 1, 3], "texture": "#1"},
				"east": {"uv": [1, 0, 2, 3], "texture": "#1"},
				"south": {"uv": [2, 0, 3, 3], "texture": "#1"},
				"west": {"uv": [0, 3, 1, 6], "texture": "#1"},
				"up": {"uv": [4, 1, 3, 0], "texture": "#1"},
				"down": {"uv": [2, 3, 1, 4], "texture": "#1"}
			}
		},
		{
			"from": [5, 0, 6],
			"to": [7.9, 2, 7],
			"faces": {
				"north": {"uv": [0, 0, 3, 2], "texture": "#2"},
				"east": {"uv": [3, 2, 4, 4], "texture": "#2"},
				"south": {"uv": [0, 2, 3, 4], "texture": "#2"},
				"west": {"uv": [0, 4, 1, 6], "texture": "#2"},
				"up": {"uv": [6, 1, 3, 0], "texture": "#2"},
				"down": {"uv": [6, 1, 3, 2], "texture": "#2"}
			}
		},
		{
			"from": [5, 0, 4],
			"to": [7.9, 3, 6],
			"faces": {
				"north": {"uv": [0, 0, 3, 3], "texture": "#3"},
				"east": {"uv": [3, 0, 5, 3], "texture": "#3"},
				"south": {"uv": [0, 3, 3, 6], "texture": "#3"},
				"west": {"uv": [3, 3, 5, 6], "texture": "#3"},
				"up": {"uv": [8, 2, 5, 0], "texture": "#3"},
				"down": {"uv": [8, 2, 5, 4], "texture": "#3"}
			}
		},
		{
			"from": [8.1, 0, 4],
			"to": [11, 3, 6],
			"faces": {
				"north": {"uv": [0, 0, 3, 3], "texture": "#4"},
				"east": {"uv": [3, 0, 5, 3], "texture": "#4"},
				"south": {"uv": [0, 3, 3, 6], "texture": "#4"},
				"west": {"uv": [3, 3, 5, 6], "texture": "#4"},
				"up": {"uv": [8, 2, 5, 0], "texture": "#4"},
				"down": {"uv": [8, 2, 5, 4], "texture": "#4"}
			}
		},
		{
			"from": [7.3, -3, 10],
			"to": [10.3, -2.25, 10.775],
			"rotation": {"angle": 22.5, "axis": "z", "origin": [0, 0, 0]},
			"faces": {
				"north": {"uv": [0, 0, 3, 1], "texture": "#5"},
				"east": {"uv": [3, 0, 4, 1], "texture": "#5"},
				"south": {"uv": [0, 1, 3, 2], "texture": "#5"},
				"west": {"uv": [3, 1, 4, 2], "texture": "#5"},
				"up": {"uv": [3, 3, 0, 2], "texture": "#5"},
				"down": {"uv": [3, 3, 0, 4], "texture": "#5"}
			}
		},
		{
			"from": [2.25, 4.6, 8],
			"to": [3.25, 7.6, 9],
			"rotation": {"angle": -22.5, "axis": "z", "origin": [0, 0, 0]},
			"faces": {
				"north": {"uv": [0, 0, 1, 3], "texture": "#6"},
				"east": {"uv": [1, 0, 2, 3], "texture": "#6"},
				"south": {"uv": [2, 0, 3, 3], "texture": "#6"},
				"west": {"uv": [0, 3, 1, 6], "texture": "#6"},
				"up": {"uv": [4, 1, 3, 0], "texture": "#6"},
				"down": {"uv": [2, 3, 1, 4], "texture": "#6"}
			}
		},
		{
			"from": [11.425, -2.75, 7.9],
			"to": [12.675, -1.5, 9.15],
			"rotation": {"angle": 22.5, "axis": "z", "origin": [0, 0, 0]},
			"faces": {
				"north": {"uv": [0, 0, 1, 1], "texture": "#7"},
				"east": {"uv": [0, 1, 1, 2], "texture": "#7"},
				"south": {"uv": [1, 0, 2, 1], "texture": "#7"},
				"west": {"uv": [1, 1, 2, 2], "texture": "#7"},
				"up": {"uv": [1, 3, 0, 2], "texture": "#7"},
				"down": {"uv": [3, 0, 2, 1], "texture": "#7"}
			}
		},
		{
			"from": [5, 0, 7],
			"to": [11, 6, 10],
			"faces": {
				"north": {"uv": [0, 0, 6, 6], "texture": "#12"},
				"east": {"uv": [6, 0, 9, 6], "texture": "#12"},
				"south": {"uv": [0, 6, 6, 12], "texture": "#12"},
				"west": {"uv": [6, 6, 9, 12], "texture": "#12"},
				"up": {"uv": [15, 3, 9, 0], "texture": "#12"},
				"down": {"uv": [15, 3, 9, 6], "texture": "#12"}
			}
		},
		{
			"from": [2.125, 3.325, 7.9],
			"to": [3.375, 4.575, 9.15],
			"rotation": {"angle": -22.5, "axis": "z", "origin": [0, 0, 0]},
			"faces": {
				"north": {"uv": [0, 0, 1, 1], "texture": "#9"},
				"east": {"uv": [0, 1, 1, 2], "texture": "#9"},
				"south": {"uv": [1, 0, 2, 1], "texture": "#9"},
				"west": {"uv": [1, 1, 2, 2], "texture": "#9"},
				"up": {"uv": [1, 3, 0, 2], "texture": "#9"},
				"down": {"uv": [3, 0, 2, 1], "texture": "#9"}
			}
		},
		{
			"from": [8.8, 5.1, 10],
			"to": [9.8, 6.1, 11],
			"rotation": {"angle": -22.5, "axis": "z", "origin": [0, 0, 0]},
			"faces": {
				"north": {"uv": [0, 0, 1, 1], "rotation": 90, "texture": "#10"},
				"east": {"uv": [3, 0, 2, 1], "rotation": 270, "texture": "#10"},
				"south": {"uv": [1, 0, 2, 1], "rotation": 270, "texture": "#10"},
				"west": {"uv": [1, 3, 0, 2], "rotation": 270, "texture": "#10"},
				"up": {"uv": [0, 1, 1, 2], "rotation": 270, "texture": "#10"},
				"down": {"uv": [1, 1, 2, 2], "rotation": 270, "texture": "#10"}
			}
		},
		{
			"from": [4, 6, 6],
			"to": [12, 12, 11],
			"faces": {
				"north": {"uv": [0, 0, 4, 3], "texture": "#11"},
				"east": {"uv": [4, 5, 6.5, 8], "texture": "#11"},
				"south": {"uv": [0, 3, 4, 6], "texture": "#11"},
				"west": {"uv": [0, 6, 2.5, 9], "texture": "#11"},
				"up": {"uv": [8, 2.5, 4, 0], "texture": "#11"},
				"down": {"uv": [8, 2.5, 4, 5], "texture": "#11"}
			}
		},
		{
			"from": [17.425, 9.25, 7],
			"to": [18.425, 10.25, 10],
			"rotation": {"angle": 22.5, "axis": "z", "origin": [0, 0, 0]},
			"faces": {
				"north": {"uv": [2, 2, 3, 3], "texture": "#13"},
				"east": {"uv": [0, 0, 3, 1], "texture": "#13"},
				"south": {"uv": [3, 0, 4, 1], "texture": "#13"},
				"west": {"uv": [0, 1, 3, 2], "texture": "#13"},
				"up": {"uv": [1, 5, 0, 2], "texture": "#13"},
				"down": {"uv": [2, 2, 1, 5], "texture": "#13"}
			}
		},
		{
			"from": [13.425, 5.25, 7],
			"to": [17.425, 9.25, 10],
			"rotation": {"angle": 22.5, "axis": "z", "origin": [0, 0, 0]},
			"faces": {
				"north": {"uv": [0, 0, 4, 4], "texture": "#14"},
				"east": {"uv": [4, 0, 7, 4], "texture": "#14"},
				"south": {"uv": [0, 4, 4, 8], "texture": "#14"},
				"west": {"uv": [4, 4, 7, 8], "texture": "#14"},
				"up": {"uv": [11, 3, 7, 0], "texture": "#14"},
				"down": {"uv": [11, 3, 7, 6], "texture": "#14"}
			}
		},
		{
			"from": [-3.65, 15.35, 7],
			"to": [-2.65, 16.35, 10],
			"rotation": {"angle": -22.5, "axis": "z", "origin": [0, 0, 0]},
			"faces": {
				"north": {"uv": [2, 2, 3, 3], "texture": "#15"},
				"east": {"uv": [0, 0, 3, 1], "texture": "#15"},
				"south": {"uv": [3, 0, 4, 1], "texture": "#15"},
				"west": {"uv": [0, 1, 3, 2], "texture": "#15"},
				"up": {"uv": [1, 5, 0, 2], "texture": "#15"},
				"down": {"uv": [2, 2, 1, 5], "texture": "#15"}
			}
		},
		{
			"from": [-2.65, 11.35, 7],
			"to": [1.35, 15.35, 10],
			"rotation": {"angle": -22.5, "axis": "z", "origin": [0, 0, 0]},
			"faces": {
				"north": {"uv": [0, 0, 4, 4], "texture": "#16"},
				"east": {"uv": [4, 0, 7, 4], "texture": "#16"},
				"south": {"uv": [0, 4, 4, 8], "texture": "#16"},
				"west": {"uv": [4, 4, 7, 8], "texture": "#16"},
				"up": {"uv": [11, 3, 7, 0], "texture": "#16"},
				"down": {"uv": [11, 3, 7, 6], "texture": "#16"}
			}
		}
	],
	"display": {
		"thirdperson_righthand": {
			"rotation": [0, -180, 0],
			"translation": [0, 2, -1.5]
		},
		"thirdperson_lefthand": {
			"rotation": [0, -180, 0],
			"translation": [0, 2, -1.5]
		},
		"firstperson_righthand": {
			"rotation": [0, 155, 0],
			"translation": [0, 2.5, 0]
		},
		"firstperson_lefthand": {
			"rotation": [0, 155, 0],
			"translation": [0, 2.5, 0]
		},
		"ground": {
			"rotation": [90, 0, 0],
			"translation": [0, 1.25, 2.25],
			"scale": [1.5, 1.5, 1.5]
		},
		"gui": {
			"rotation": [0, 150, 0],
			"translation": [0.5, 0, 0]
		},
		"head": {
			"translation": [0, 18.5, 0],
			"scale": [1.5, 1.5, 1.5]
		},
		"fixed": {
			"rotation": [-90, 0, 0],
			"translation": [0, 0, -23],
			"scale": [3, 3, 3]
		}
	},
	"groups": [
		{
			"name": "torso",
			"origin": [8, 8, 8],
			"color": 0,
			"children": [0, 1, 2, 3, 4, 5, 6, 7, 8, 9, 10]
		},
		{
			"name": "head",
			"origin": [8, 8, 8],
			"color": 0,
			"children": [11, 12, 13, 14, 15]
		}
	]
}