{
	"credit": "Made with Blockbench",
	"textures": {
		"1": "./momousaarm",
		"2": "./momousabody",
		"3": "./momousaleg",
		"4": "./momousahair",
		"5": "./momousaear1",
		"6": "./momousaear2",
		"7": "./momousahead",
		"8": "./momousaribbon",
		"9": "./momousatail",
		"particle": "./momousahead"
	},
	"elements": [
		{
			"from": [10, -3, 8],
			"to": [11, 0, 9],
			"rotation": {"angle": 22.5, "axis": "z", "origin": [0, 0, 0]},
			"faces": {
				"north": {"uv": [0, 0, 1, 3], "texture": "#1"},
				"east": {"uv": [1, 0, 2, 3], "texture": "#1"},
				"south": {"uv": [2, 0, 3, 3], "texture": "#1"},
				"west": {"uv": [0, 3, 1, 6], "texture": "#1"},
				"up": {"uv": [4, 1, 3, 0], "texture": "#1"},
				"down": {"uv": [2, 3, 1, 4], "texture": "#1"}
			}
		},
		{
			"from": [3.75, 3.125, 8],
			"to": [4.75, 6.125, 9],
			"rotation": {"angle": -22.5, "axis": "z", "origin": [0, 0, 0]},
			"faces": {
				"north": {"uv": [0, 0, 1, 3], "texture": "#1"},
				"east": {"uv": [0, 0, 1, 3], "texture": "#1"},
				"south": {"uv": [0, 0, 1, 3], "texture": "#1"},
				"west": {"uv": [0, 0, 1, 3], "texture": "#1"},
				"up": {"uv": [0, 0, 1, 1], "texture": "#1"},
				"down": {"uv": [0, 0, 1, 1], "texture": "#1"}
			}
		},
		{
			"from": [6, 0, 5.5],
			"to": [7.9, 1.5, 7],
			"faces": {
				"north": {"uv": [0, 0, 2, 2], "texture": "#3"},
				"east": {"uv": [0, 2, 2, 4], "texture": "#3"},
				"south": {"uv": [2, 0, 4, 2], "texture": "#3"},
				"west": {"uv": [2, 2, 4, 4], "texture": "#3"},
				"up": {"uv": [2, 6, 0, 4], "texture": "#3"},
				"down": {"uv": [6, 0, 4, 2], "texture": "#3"}
			}
		},
		{
			"from": [6, 0, 7],
			"to": [10, 3.5, 10],
			"faces": {
				"north": {"uv": [0, 0, 4, 3.5], "texture": "#2"},
				"east": {"uv": [4, 6, 7, 9.5], "texture": "#2"},
				"south": {"uv": [0, 4, 4, 7.5], "texture": "#2"},
				"west": {"uv": [7, 6, 10, 9.5], "texture": "#2"},
				"up": {"uv": [8, 3, 4, 0], "texture": "#2"},
				"down": {"uv": [8, 3, 4, 6], "texture": "#2"}
			}
		},
		{
			"from": [8.1, 0, 5.5],
			"to": [10, 1.5, 7],
			"faces": {
				"north": {"uv": [0, 0, 1.9, 1.5], "texture": "#3"},
				"east": {"uv": [0, 0, 1.5, 1.5], "texture": "#3"},
				"south": {"uv": [0, 0, 1.9, 1.5], "texture": "#3"},
				"west": {"uv": [0, 0, 1.5, 1.5], "texture": "#3"},
				"up": {"uv": [0, 0, 1.9, 1.5], "texture": "#3"},
				"down": {"uv": [0, 0, 1.9, 1.5], "texture": "#3"}
			}
		},
		{
			"from": [7.5, 0, 10],
			"to": [8.5, 1, 11],
			"faces": {
				"north": {"uv": [0, 0, 1, 1], "texture": "#9"},
				"east": {"uv": [0, 1, 1, 2], "texture": "#9"},
				"south": {"uv": [1, 0, 2, 1], "texture": "#9"},
				"west": {"uv": [1, 1, 2, 2], "texture": "#9"},
				"up": {"uv": [1, 3, 0, 2], "texture": "#9"},
				"down": {"uv": [3, 0, 2, 1], "texture": "#9"}
			}
		},
		{
			"from": [10, 8.425, 5.75],
			"to": [10.75, 8.675, 6],
			"faces": {
				"north": {"uv": [0, 0, 1, 1], "texture": "#8"},
				"east": {"uv": [0, 1, 1, 2], "texture": "#8"},
				"south": {"uv": [1, 0, 2, 1], "texture": "#8"},
				"west": {"uv": [1, 1, 2, 2], "texture": "#8"},
				"up": {"uv": [1, 3, 0, 2], "texture": "#8"},
				"down": {"uv": [3, 0, 2, 1], "texture": "#8"}
			}
		},
		{
			"from": [1.875, 13.625, 5.75],
			"to": [2.625, 13.875, 6],
			"rotation": {"angle": -45, "axis": "z", "origin": [0, 0, 0]},
			"faces": {
				"north": {"uv": [0, 0, 0.75, 0.25], "texture": "#8"},
				"east": {"uv": [0, 0, 0.25, 0.25], "texture": "#8"},
				"south": {"uv": [0, 0, 0.75, 0.25], "texture": "#8"},
				"west": {"uv": [0, 0, 0.25, 0.25], "texture": "#8"},
				"up": {"uv": [0, 0, 0.75, 0.25], "texture": "#8"},
				"down": {"uv": [0, 0, 0.75, 0.25], "texture": "#8"}
			}
		},
		{
			"from": [7.125, 11.9, 5.75],
			"to": [7.625, 12.325, 6],
			"rotation": {"angle": -22.5, "axis": "z", "origin": [0, 0, 0]},
			"faces": {
				"north": {"uv": [0, 0, 0.5, 0.425], "texture": "#8"},
				"east": {"uv": [0, 0, 0.25, 0.425], "texture": "#8"},
				"south": {"uv": [0, 0, 0.5, 0.425], "texture": "#8"},
				"west": {"uv": [0, 0, 0.25, 0.425], "texture": "#8"},
				"up": {"uv": [0, 0, 0.5, 0.25], "texture": "#8"},
				"down": {"uv": [0, 0, 0.5, 0.25], "texture": "#8"}
			}
		},
		{
			"from": [6.125, 11.9, 5.75],
			"to": [6.625, 12.325, 6],
			"rotation": {"angle": -22.5, "axis": "z", "origin": [0, 0, 0]},
			"faces": {
				"north": {"uv": [0, 0, 0.5, 0.425], "texture": "#8"},
				"east": {"uv": [0, 0, 0.25, 0.425], "texture": "#8"},
				"south": {"uv": [0, 0, 0.5, 0.425], "texture": "#8"},
				"west": {"uv": [0, 0, 0.25, 0.425], "texture": "#8"},
				"up": {"uv": [0, 0, 0.5, 0.25], "texture": "#8"},
				"down": {"uv": [0, 0, 0.5, 0.25], "texture": "#8"}
			}
		},
		{
			"from": [6.625, 11.9, 5.75],
			"to": [7.125, 12.15, 6],
			"rotation": {"angle": -22.5, "axis": "z", "origin": [0, 0, 0]},
			"faces": {
				"north": {"uv": [0, 0, 0.5, 0.25], "texture": "#8"},
				"east": {"uv": [0, 0, 0.25, 0.25], "texture": "#8"},
				"south": {"uv": [0, 0, 0.5, 0.25], "texture": "#8"},
				"west": {"uv": [0, 0, 0.25, 0.25], "texture": "#8"},
				"up": {"uv": [0, 0, 0.5, 0.25], "texture": "#8"},
				"down": {"uv": [0, 0, 0.5, 0.25], "texture": "#8"}
			}
		},
		{
			"from": [3.5, 9.85, 6.1],
			"to": [6.5, 11.85, 10.9],
			"rotation": {"angle": -22.5, "axis": "z", "origin": [0, 0, 0]},
			"faces": {
				"north": {"uv": [6, 0, 9, 2], "texture": "#4"},
				"east": {"uv": [0, 5, 5, 7], "texture": "#4"},
				"south": {"uv": [6, 2, 9, 4], "texture": "#4"},
				"west": {"uv": [5, 5, 10, 7], "texture": "#4"},
				"up": {"uv": [3, 5, 0, 0], "texture": "#4"},
				"down": {"uv": [6, 0, 3, 5], "texture": "#4"}
			}
		},
		{
			"from": [0.5, 5.125, 7],
			"to": [2, 10.125, 10],
			"rotation": {"angle": -22.5, "axis": "z", "origin": [0, 0, 0]},
			"faces": {
				"north": {"uv": [0, 5, 1.5, 10], "texture": "#5"},
				"east": {"uv": [0, 0, 3, 5], "texture": "#5"},
				"south": {"uv": [2, 5, 3.5, 10], "texture": "#5"},
				"west": {"uv": [3, 0, 6, 5], "texture": "#5"},
				"up": {"uv": [5.5, 8, 4, 5], "texture": "#5"},
				"down": {"uv": [7.5, 0, 6, 3], "texture": "#5"}
			}
		},
		{
			"from": [12.75, -1, 7],
			"to": [14.25, 4, 10],
			"rotation": {"angle": 22.5, "axis": "z", "origin": [0, 0, 0]},
			"faces": {
				"north": {"uv": [0, 5, 1.5, 10], "texture": "#6"},
				"east": {"uv": [0, 0, 3, 5], "texture": "#6"},
				"south": {"uv": [2, 5, 3.5, 10], "texture": "#6"},
				"west": {"uv": [3, 0, 6, 5], "texture": "#6"},
				"up": {"uv": [5.5, 8, 4, 5], "texture": "#6"},
				"down": {"uv": [7.5, 0, 6, 3], "texture": "#6"}
			}
		},
		{
			"from": [5, 3.5, 6],
			"to": [11, 8.5, 11],
			"faces": {
				"north": {"uv": [0, 0, 6, 5], "texture": "#7"},
				"east": {"uv": [0, 10, 5, 15], "texture": "#7"},
				"south": {"uv": [0, 5, 6, 10], "texture": "#7"},
				"west": {"uv": [5, 10, 10, 15], "texture": "#7"},
				"up": {"uv": [12, 5, 6, 0], "texture": "#7"},
				"down": {"uv": [12, 5, 6, 10], "texture": "#7"}
			}
		}
	],
	"display": {
		"thirdperson_righthand": {
			"rotation": [0, -180, 0],
			"translation": [0, 1.5, -1.5],
			"scale": [0.75, 0.75, 0.75]
		},
		"thirdperson_lefthand": {
			"rotation": [0, -180, 0],
			"translation": [0, 1.5, -1.5],
			"scale": [0.75, 0.75, 0.75]
		},
		"firstperson_righthand": {
			"rotation": [0, 150, 0],
			"translation": [0, 4.25, 0.75],
			"scale": [0.75, 0.75, 0.75]
		},
		"firstperson_lefthand": {
			"rotation": [0, 150, 0],
			"translation": [0, 4.25, 0.75],
			"scale": [0.75, 0.75, 0.75]
		},
		"ground": {
			"rotation": [90, 0, 0],
			"translation": [0, 1.25, 4.75],
			"scale": [1.5, 1.5, 1.5]
		},
		"gui": {
			"rotation": [0, 165, 0],
			"translation": [0, 2, 0],
			"scale": [1.25, 1.25, 1.25]
		},
		"head": {
			"translation": [0, 18.25, 0],
			"scale": [1.5, 1.5, 1.5]
		},
		"fixed": {
			"rotation": [-90, 0, 0],
			"translation": [0, -0.5, -11],
			"scale": [1.5, 1.5, 1.5]
		}
	},
	"groups": [
		{
			"name": "torso",
			"origin": [8, 8, 8],
			"color": 0,
			"children": [0, 1, 2, 3, 4, 5]
		},
		{
			"name": "head",
			"origin": [8, 8, 8],
			"color": 0,
			"children": [
				{
					"name": "ribbon",
					"origin": [8, 8, 8],
					"color": 0,
					"children": [6, 7, 8, 9, 10]
				},
				11,
				12,
				13,
				14
			]
		}
	]
}