{
	"credit": "Made with Blockbench",
	"textures": {
		"0": "./melodyhead",
		"1": "./melodyear1",
		"2": "./melodyear2",
		"3": "./melodyear3",
		"4": "./melodyflower1",
		"5": "./melodyflower2",
		"6": "./melodyleg1",
		"7": "./melodyarm1",
		"8": "./melodyleg2",
		"9": "./melodyfeet2",
		"10": "./melodyfeet1",
		"11": "./melodytail",
		"12": "./melodyarm2",
		"13": "./melodyhand1",
		"14": "./melodybody",
		"15": "./melodyhand2",
		"particle": "./melodyhead"
	},
	"elements": [
		{
			"from": [8.1, 0, 6],
			"to": [11, 2, 7],
			"faces": {
				"north": {"uv": [0, 0, 3, 2], "texture": "#6"},
				"east": {"uv": [0, 4, 2, 6], "texture": "#6"},
				"south": {"uv": [0, 2, 3, 4], "texture": "#6"},
				"west": {"uv": [2, 4, 4, 6], "texture": "#6"},
				"up": {"uv": [6, 2, 3, 0], "texture": "#6"},
				"down": {"uv": [6, 2, 3, 4], "texture": "#6"}
			}
		},
		{
			"from": [11.5, -1.5, 8],
			"to": [12.5, 1.5, 9],
			"rotation": {"angle": 22.5, "axis": "z", "origin": [0, 0, 0]},
			"faces": {
				"north": {"uv": [0, 0, 1, 3], "texture": "#7"},
				"east": {"uv": [1, 0, 2, 3], "texture": "#7"},
				"south": {"uv": [2, 0, 3, 3], "texture": "#7"},
				"west": {"uv": [0, 3, 1, 6], "texture": "#7"},
				"up": {"uv": [4, 1, 3, 0], "texture": "#7"},
				"down": {"uv": [2, 3, 1, 4], "texture": "#7"}
			}
		},
		{
			"from": [5, 0, 6],
			"to": [7.9, 2, 7],
			"faces": {
				"north": {"uv": [0, 0, 3, 2], "texture": "#8"},
				"east": {"uv": [0, 4, 2, 6], "texture": "#8"},
				"south": {"uv": [0, 2, 3, 4], "texture": "#8"},
				"west": {"uv": [2, 4, 4, 6], "texture": "#8"},
				"up": {"uv": [6, 2, 3, 0], "texture": "#8"},
				"down": {"uv": [6, 2, 3, 4], "texture": "#8"}
			}
		},
		{
			"from": [5, 0, 4],
			"to": [7.9, 3, 6],
			"faces": {
				"north": {"uv": [0, 0, 3, 3], "texture": "#9"},
				"east": {"uv": [3, 0, 5, 3], "texture": "#9"},
				"south": {"uv": [0, 3, 3, 6], "texture": "#9"},
				"west": {"uv": [3, 3, 5, 6], "texture": "#9"},
				"up": {"uv": [8, 2, 5, 0], "texture": "#9"},
				"down": {"uv": [8, 2, 5, 4], "texture": "#9"}
			}
		},
		{
			"from": [8.1, 0, 4],
			"to": [11, 3, 6],
			"faces": {
				"north": {"uv": [0, 0, 3, 3], "texture": "#10"},
				"east": {"uv": [3, 0, 5, 3], "texture": "#10"},
				"south": {"uv": [0, 3, 3, 6], "texture": "#10"},
				"west": {"uv": [3, 3, 5, 6], "texture": "#10"},
				"up": {"uv": [8, 2, 5, 0], "texture": "#10"},
				"down": {"uv": [8, 2, 5, 4], "texture": "#10"}
			}
		},
		{
			"from": [7, 0, 10],
			"to": [9, 2, 12],
			"faces": {
				"north": {"uv": [0, 0, 2, 2], "texture": "#11"},
				"east": {"uv": [0, 2, 2, 4], "texture": "#11"},
				"south": {"uv": [2, 0, 4, 2], "texture": "#11"},
				"west": {"uv": [2, 2, 4, 4], "texture": "#11"},
				"up": {"uv": [2, 6, 0, 4], "texture": "#11"},
				"down": {"uv": [6, 0, 4, 2], "texture": "#11"}
			}
		},
		{
			"from": [2.25, 4.6, 8],
			"to": [3.25, 7.6, 9],
			"rotation": {"angle": -22.5, "axis": "z", "origin": [0, 0, 0]},
			"faces": {
				"north": {"uv": [0, 0, 1, 3], "texture": "#12"},
				"east": {"uv": [1, 0, 2, 3], "texture": "#12"},
				"south": {"uv": [2, 0, 3, 3], "texture": "#12"},
				"west": {"uv": [0, 3, 1, 6], "texture": "#12"},
				"up": {"uv": [4, 1, 3, 0], "texture": "#12"},
				"down": {"uv": [2, 3, 1, 4], "texture": "#12"}
			}
		},
		{
			"from": [11.425, -2.75, 7.9],
			"to": [12.675, -1.5, 9.15],
			"rotation": {"angle": 22.5, "axis": "z", "origin": [0, 0, 0]},
			"faces": {
				"north": {"uv": [0, 0, 1, 1], "texture": "#13"},
				"east": {"uv": [0, 1, 1, 2], "texture": "#13"},
				"south": {"uv": [1, 0, 2, 1], "texture": "#13"},
				"west": {"uv": [1, 1, 2, 2], "texture": "#13"},
				"up": {"uv": [1, 3, 0, 2], "texture": "#13"},
				"down": {"uv": [3, 0, 2, 1], "texture": "#13"}
			}
		},
		{
			"from": [5, 0, 7],
			"to": [11, 6, 10],
			"faces": {
				"north": {"uv": [0, 0, 6, 6], "texture": "#14"},
				"east": {"uv": [6, 0, 9, 6], "texture": "#14"},
				"south": {"uv": [0, 6, 6, 12], "texture": "#14"},
				"west": {"uv": [6, 6, 9, 12], "texture": "#14"},
				"up": {"uv": [15, 3, 9, 0], "texture": "#14"},
				"down": {"uv": [15, 3, 9, 6], "texture": "#14"}
			}
		},
		{
			"from": [2.125, 3.325, 7.9],
			"to": [3.375, 4.575, 9.15],
			"rotation": {"angle": -22.5, "axis": "z", "origin": [0, 0, 0]},
			"faces": {
				"north": {"uv": [0, 0, 1, 1], "texture": "#15"},
				"east": {"uv": [0, 1, 1, 2], "texture": "#15"},
				"south": {"uv": [1, 0, 2, 1], "texture": "#15"},
				"west": {"uv": [1, 1, 2, 2], "texture": "#15"},
				"up": {"uv": [1, 3, 0, 2], "texture": "#15"},
				"down": {"uv": [3, 0, 2, 1], "texture": "#15"}
			}
		},
		{
			"from": [8, 12, 7],
			"to": [11.25, 17, 9],
			"faces": {
				"north": {"uv": [0, 0, 3, 5], "texture": "#1"},
				"east": {"uv": [0, 5, 2, 10], "texture": "#1"},
				"south": {"uv": [3, 0, 6, 5], "texture": "#1"},
				"west": {"uv": [2, 5, 4, 10], "texture": "#1"},
				"up": {"uv": [7, 7, 4, 5], "texture": "#1"},
				"down": {"uv": [9, 0, 6, 2], "texture": "#1"}
			}
		},
		{
			"from": [4.5, 12, 7],
			"to": [7.75, 14, 9],
			"faces": {
				"north": {"uv": [0, 0, 3, 2], "texture": "#2"},
				"east": {"uv": [0, 4, 2, 6], "texture": "#2"},
				"south": {"uv": [0, 2, 3, 4], "texture": "#2"},
				"west": {"uv": [2, 4, 4, 6], "texture": "#2"},
				"up": {"uv": [6, 2, 3, 0], "texture": "#2"},
				"down": {"uv": [6, 2, 3, 4], "texture": "#2"}
			}
		},
		{
			"from": [4.5, 9.5, 9.75],
			"to": [7.75, 11.5, 13.75],
			"rotation": {"angle": -22.5, "axis": "x", "origin": [0, 0, 0]},
			"faces": {
				"north": {"uv": [0, 6, 3, 8], "texture": "#3"},
				"east": {"uv": [0, 4, 4, 6], "texture": "#3"},
				"south": {"uv": [6, 0, 9, 2], "texture": "#3"},
				"west": {"uv": [4, 4, 8, 6], "texture": "#3"},
				"up": {"uv": [3, 4, 0, 0], "texture": "#3"},
				"down": {"uv": [6, 0, 3, 4], "texture": "#3"}
			}
		},
		{
			"from": [4, 6, 6],
			"to": [12, 12, 11],
			"faces": {
				"north": {"uv": [0, 0, 4, 3], "texture": "#0"},
				"east": {"uv": [4, 5, 6.5, 8], "texture": "#0"},
				"south": {"uv": [0, 3, 4, 6], "texture": "#0"},
				"west": {"uv": [0, 6, 2.5, 9], "texture": "#0"},
				"up": {"uv": [8, 2.5, 4, 0], "texture": "#0"},
				"down": {"uv": [8, 2.5, 4, 5], "texture": "#0"}
			}
		},
		{
			"from": [13.05, 7, 5.75],
			"to": [14.05, 8, 6],
			"rotation": {"angle": 22.5, "axis": "z", "origin": [0, 0, 0]},
			"faces": {
				"north": {"uv": [0, 0, 1, 1], "texture": "#4"},
				"east": {"uv": [0, 1, 1, 2], "texture": "#4"},
				"south": {"uv": [1, 0, 2, 1], "texture": "#4"},
				"west": {"uv": [1, 1, 2, 2], "texture": "#4"},
				"up": {"uv": [1, 3, 0, 2], "texture": "#4"},
				"down": {"uv": [3, 0, 2, 1], "texture": "#4"}
			}
		},
		{
			"from": [11.95, 6.95, 5.5],
			"to": [13.05, 8.05, 6],
			"rotation": {"angle": 22.5, "axis": "z", "origin": [0, 0, 0]},
			"faces": {
				"north": {"uv": [0, 0, 1, 1], "texture": "#5"},
				"east": {"uv": [0, 1, 1, 2], "texture": "#5"},
				"south": {"uv": [1, 0, 2, 1], "texture": "#5"},
				"west": {"uv": [1, 1, 2, 2], "texture": "#5"},
				"up": {"uv": [1, 3, 0, 2], "texture": "#5"},
				"down": {"uv": [3, 0, 2, 1], "texture": "#5"}
			}
		},
		{
			"from": [13, 5.9, 5.5],
			"to": [14.1, 7, 6],
			"rotation": {"angle": 22.5, "axis": "z", "origin": [0, 0, 0]},
			"faces": {
				"north": {"uv": [0, 0, 1, 1], "texture": "#5"},
				"east": {"uv": [0, 1, 1, 2], "texture": "#5"},
				"south": {"uv": [1, 0, 2, 1], "texture": "#5"},
				"west": {"uv": [1, 1, 2, 2], "texture": "#5"},
				"up": {"uv": [1, 3, 0, 2], "texture": "#5"},
				"down": {"uv": [3, 0, 2, 1], "texture": "#5"}
			}
		},
		{
			"from": [14.05, 6.95, 5.5],
			"to": [15.15, 8.05, 6],
			"rotation": {"angle": 22.5, "axis": "z", "origin": [0, 0, 0]},
			"faces": {
				"north": {"uv": [0, 0, 1.1, 1.1], "texture": "#5"},
				"east": {"uv": [0, 0, 0.5, 1.1], "texture": "#5"},
				"south": {"uv": [0, 0, 1.1, 1.1], "texture": "#5"},
				"west": {"uv": [0, 0, 0.5, 1.1], "texture": "#5"},
				"up": {"uv": [0, 0, 1.1, 0.5], "texture": "#5"},
				"down": {"uv": [0, 0, 1.1, 0.5], "texture": "#5"}
			}
		},
		{
			"from": [13, 8, 5.5],
			"to": [14.1, 9.1, 6],
			"rotation": {"angle": 22.5, "axis": "z", "origin": [0, 0, 0]},
			"faces": {
				"north": {"uv": [0, 0, 1.1, 1.1], "texture": "#5"},
				"east": {"uv": [0, 0, 0.5, 1.1], "texture": "#5"},
				"south": {"uv": [0, 0, 1.1, 1.1], "texture": "#5"},
				"west": {"uv": [0, 0, 0.5, 1.1], "texture": "#5"},
				"up": {"uv": [0, 0, 1.1, 0.5], "texture": "#5"},
				"down": {"uv": [0, 0, 1.1, 0.5], "texture": "#5"}
			}
		}
	],
	"display": {
		"thirdperson_righthand": {
			"rotation": [0, -180, 0],
			"translation": [0, 2, -1.5]
		},
		"thirdperson_lefthand": {
			"rotation": [0, -180, 0],
			"translation": [0, 2, -1.5]
		},
		"firstperson_righthand": {
			"rotation": [0, 155, 0],
			"translation": [0, 2.5, 0]
		},
		"firstperson_lefthand": {
			"rotation": [0, 155, 0],
			"translation": [0, 2.5, 0]
		},
		"ground": {
			"rotation": [90, 0, 0],
			"translation": [0, 1.25, 2.25],
			"scale": [1.5, 1.5, 1.5]
		},
		"gui": {
			"rotation": [0, 150, 0],
			"translation": [0.5, 0, 0]
		},
		"head": {
			"translation": [0, 18.5, 0],
			"scale": [1.5, 1.5, 1.5]
		},
		"fixed": {
			"rotation": [-90, 0, 0],
			"translation": [0, 0, -23],
			"scale": [3, 3, 3]
		}
	},
	"groups": [
		{
			"name": "torso",
			"origin": [8, 8, 8],
			"color": 0,
			"children": [0, 1, 2, 3, 4, 5, 6, 7, 8, 9]
		},
		{
			"name": "head",
			"origin": [8, 8, 8],
			"color": 0,
			"children": [10, 11, 12, 13, 14, 15, 16, 17, 18]
		}
	]
}