{
	"credit": "Made with Blockbench",
	"texture_size": [32, 32],
	"textures": {
		"0": "./pompombody",
		"2": "./pompomfoot",
		"3": "./pompomarm",
		"4": "./pompomarm2",
		"5": "./pompomear",
		"6": "./pompomhat1",
		"7": "./pompomhat2",
		"8": "./pompomtail",
		"9": "./pompomhead",
		"particle": "./pompomhead"
	},
	"elements": [
		{
			"from": [4.5, 0, 5],
			"to": [11.5, 6, 11],
			"faces": {
				"north": {"uv": [0, 0, 3.5, 3], "texture": "#0"},
				"east": {"uv": [0, 6, 3, 9], "texture": "#0"},
				"south": {"uv": [0, 3, 3.5, 6], "texture": "#0"},
				"west": {"uv": [3, 6, 6, 9], "texture": "#0"},
				"up": {"uv": [7, 3, 3.5, 0], "texture": "#0"},
				"down": {"uv": [7, 3, 3.5, 6], "texture": "#0"}
			}
		},
		{
			"from": [4.5, 0, 4],
			"to": [6.5, 2, 5],
			"faces": {
				"north": {"uv": [0, 0, 2, 2], "texture": "#2"},
				"east": {"uv": [2, 0, 3, 2], "texture": "#2"},
				"south": {"uv": [0, 2, 2, 4], "texture": "#2"},
				"west": {"uv": [2, 2, 3, 4], "texture": "#2"},
				"up": {"uv": [5, 1, 3, 0], "texture": "#2"},
				"down": {"uv": [5, 1, 3, 2], "texture": "#2"}
			}
		},
		{
			"from": [9.5, 0, 4],
			"to": [11.5, 2, 5],
			"faces": {
				"north": {"uv": [0, 0, 2, 2], "texture": "#2"},
				"east": {"uv": [0, 0, 1, 2], "texture": "#2"},
				"south": {"uv": [0, 0, 2, 2], "texture": "#2"},
				"west": {"uv": [0, 0, 1, 2], "texture": "#2"},
				"up": {"uv": [0, 0, 2, 1], "texture": "#2"},
				"down": {"uv": [0, 0, 2, 1], "texture": "#2"}
			}
		},
		{
			"from": [11, -6.5, 7],
			"to": [12, -4, 9],
			"rotation": {"angle": 45, "axis": "z", "origin": [0, 0, 0]},
			"faces": {
				"north": {"uv": [0, 3, 1, 6], "texture": "#3"},
				"east": {"uv": [0, 0, 2, 3], "texture": "#3"},
				"south": {"uv": [1, 3, 2, 6], "texture": "#3"},
				"west": {"uv": [2, 0, 4, 3], "texture": "#3"},
				"up": {"uv": [3, 5, 2, 3], "texture": "#3"},
				"down": {"uv": [4, 3, 3, 5], "texture": "#3"}
			}
		},
		{
			"from": [-0.625, 4.75, 7],
			"to": [0.375, 7.25, 9],
			"rotation": {"angle": -45, "axis": "z", "origin": [0, 0, 0]},
			"faces": {
				"north": {"uv": [0, 3, 1, 6], "texture": "#4"},
				"east": {"uv": [0, 0, 2, 3], "texture": "#4"},
				"south": {"uv": [1, 3, 2, 6], "texture": "#4"},
				"west": {"uv": [2, 0, 4, 3], "texture": "#4"},
				"up": {"uv": [3, 5, 2, 3], "texture": "#4"},
				"down": {"uv": [4, 3, 3, 5], "texture": "#4"}
			}
		},
		{
			"from": [7.25, 0, 11],
			"to": [8.75, 2, 11.75],
			"faces": {
				"north": {"uv": [0, 0, 2, 2], "texture": "#8"},
				"east": {"uv": [2, 0, 3, 2], "texture": "#8"},
				"south": {"uv": [0, 2, 2, 4], "texture": "#8"},
				"west": {"uv": [2, 2, 3, 4], "texture": "#8"},
				"up": {"uv": [5, 1, 3, 0], "texture": "#8"},
				"down": {"uv": [5, 1, 3, 2], "texture": "#8"}
			}
		},
		{
			"from": [4.45, 6, 4.95],
			"to": [11.55, 11, 11.05],
			"faces": {
				"north": {"uv": [3.5, 0, 7, 2.5], "texture": "#9"},
				"east": {"uv": [3.5, 5, 6.5, 7.5], "texture": "#9"},
				"south": {"uv": [3.5, 2.5, 7, 5], "texture": "#9"},
				"west": {"uv": [0, 6, 3, 8.5], "texture": "#9"},
				"up": {"uv": [3.5, 3, 0, 0], "texture": "#9"},
				"down": {"uv": [3.5, 3, 0, 6], "texture": "#9"}
			}
		},
		{
			"from": [13, 0, 6.5],
			"to": [15.5, 6, 9.5],
			"rotation": {"angle": 22.5, "axis": "z", "origin": [0, 0, 0]},
			"faces": {
				"north": {"uv": [0, 0, 3, 6], "texture": "#5"},
				"east": {"uv": [3, 0, 6, 6], "texture": "#5"},
				"south": {"uv": [0, 6, 3, 12], "texture": "#5"},
				"west": {"uv": [6, 0, 9, 6], "texture": "#5"},
				"up": {"uv": [6, 9, 3, 6], "texture": "#5"},
				"down": {"uv": [9, 6, 6, 9], "texture": "#5"}
			}
		},
		{
			"from": [-0.625, 6, 6.5],
			"to": [1.875, 12, 9.5],
			"rotation": {"angle": -22.5, "axis": "z", "origin": [0, 0, 0]},
			"faces": {
				"north": {"uv": [0, 0, 2.5, 6], "texture": "#5"},
				"east": {"uv": [0, 0, 3, 6], "texture": "#5"},
				"south": {"uv": [0, 0, 2.5, 6], "texture": "#5"},
				"west": {"uv": [0, 0, 3, 6], "texture": "#5"},
				"up": {"uv": [0, 0, 2.5, 3], "texture": "#5"},
				"down": {"uv": [0, 0, 2.5, 3], "texture": "#5"}
			}
		},
		{
			"from": [5.5, 11, 6],
			"to": [10.5, 12, 10],
			"rotation": {"angle": 0, "axis": "y", "origin": [0, 1, 0]},
			"faces": {
				"north": {"uv": [5, 0, 10, 1], "texture": "#6"},
				"east": {"uv": [5, 2, 9, 3], "texture": "#6"},
				"south": {"uv": [5, 1, 10, 2], "texture": "#6"},
				"west": {"uv": [5, 3, 9, 4], "texture": "#6"},
				"up": {"uv": [5, 4, 0, 0], "texture": "#6"},
				"down": {"uv": [5, 4, 0, 8], "texture": "#6"}
			}
		},
		{
			"from": [7.5, 12, 7.5],
			"to": [8.5, 12.75, 8.5],
			"faces": {
				"north": {"uv": [0, 0, 1, 1], "texture": "#7"},
				"east": {"uv": [0, 1, 1, 2], "texture": "#7"},
				"south": {"uv": [1, 0, 2, 1], "texture": "#7"},
				"west": {"uv": [1, 1, 2, 2], "texture": "#7"},
				"up": {"uv": [1, 3, 0, 2], "texture": "#7"},
				"down": {"uv": [3, 0, 2, 1], "texture": "#7"}
			}
		}
	],
	"display": {
		"thirdperson_righthand": {
			"rotation": [0, -180, 0],
			"translation": [0, 3, -4.25],
			"scale": [1.25, 1.25, 1.25]
		},
		"thirdperson_lefthand": {
			"rotation": [0, -180, 0],
			"translation": [0, 3, -4.25],
			"scale": [1.25, 1.25, 1.25]
		},
		"firstperson_righthand": {
			"rotation": [0, 165, 0],
			"translation": [0, 2.75, 0]
		},
		"firstperson_lefthand": {
			"rotation": [0, 165, 0],
			"translation": [0, 2.75, 0]
		},
		"ground": {
			"rotation": [90, 0, 0],
			"translation": [0, 2, 3.5],
			"scale": [1.5, 1.5, 1.5]
		},
		"gui": {
			"rotation": [0, 165, 0],
			"translation": [0, 2, 0],
			"scale": [1.25, 1.25, 1.25]
		},
		"head": {
			"translation": [0, 18.5, 0],
			"scale": [1.5, 1.5, 1.5]
		},
		"fixed": {
			"rotation": [-90, 0, 0],
			"translation": [0, 0, -23],
			"scale": [3, 3, 3]
		}
	},
	"groups": [
		{
			"name": "torso",
			"origin": [8, 8, 8],
			"color": 0,
			"children": [0, 1, 2, 3, 4, 5]
		},
		{
			"name": "head",
			"origin": [8, 8, 8],
			"color": 0,
			"children": [
				6,
				7,
				8,
				{
					"name": "hat",
					"origin": [8, 8, 8],
					"color": 0,
					"children": [9, 10]
				}
			]
		}
	]
}