{
	"credit": "Made with Blockbench",
	"textures": {
		"0": "tuxedobody",
		"1": "tuxedopaw1",
		"2": "tuxedopaw2",
		"3": "tuxedowing1",
		"4": "tuxedowing2",
		"5": "tuxedohat1",
		"6": "tuxedohat2",
		"7": "tuxedohat3",
		"8": "tuxedotie1",
		"9": "tuxedotie2",
		"10": "tuxedotie3",
		"11": "tuxedobeak",
		"particle": "tuxedobody"
	},
	"elements": [
		{
			"from": [3.5, 0, 5],
			"to": [12.5, 13, 12],
			"faces": {
				"north": {"uv": [0, 0, 4.5, 6.5], "texture": "#0"},
				"east": {"uv": [0, 6.5, 3.5, 13], "texture": "#0"},
				"south": {"uv": [4.5, 0, 9, 6.5], "texture": "#0"},
				"west": {"uv": [3.5, 6.5, 7, 13], "texture": "#0"},
				"up": {"uv": [11.5, 10, 7, 6.5], "texture": "#0"},
				"down": {"uv": [13.5, 0, 9, 3.5], "texture": "#0"}
			}
		},
		{
			"from": [9, 0, 4],
			"to": [12, 3, 5],
			"faces": {
				"north": {"uv": [0, 0, 3, 3], "texture": "#1"},
				"east": {"uv": [3, 0, 4, 3], "texture": "#1"},
				"south": {"uv": [0, 3, 3, 6], "texture": "#1"},
				"west": {"uv": [3, 3, 4, 6], "texture": "#1"},
				"up": {"uv": [7, 1, 4, 0], "texture": "#1"},
				"down": {"uv": [7, 1, 4, 2], "texture": "#1"}
			}
		},
		{
			"from": [4, 0, 4],
			"to": [7, 3, 5],
			"faces": {
				"north": {"uv": [0, 0, 3, 3], "texture": "#2"},
				"east": {"uv": [3, 0, 4, 3], "texture": "#2"},
				"south": {"uv": [0, 3, 3, 6], "texture": "#2"},
				"west": {"uv": [3, 3, 4, 6], "texture": "#2"},
				"up": {"uv": [7, 1, 4, 0], "texture": "#2"},
				"down": {"uv": [7, 1, 4, 2], "texture": "#2"}
			}
		},
		{
			"from": [13.5, -2, 7.5],
			"to": [14.5, 2, 9.5],
			"rotation": {"angle": 22.5, "axis": "z", "origin": [0, 0, 0]},
			"faces": {
				"north": {"uv": [0, 4, 1, 8], "texture": "#3"},
				"east": {"uv": [0, 0, 2, 4], "texture": "#3"},
				"south": {"uv": [4, 0, 5, 4], "texture": "#3"},
				"west": {"uv": [2, 0, 4, 4], "texture": "#3"},
				"up": {"uv": [2, 6, 1, 4], "texture": "#3"},
				"down": {"uv": [3, 4, 2, 6], "texture": "#3"}
			}
		},
		{
			"from": [0.25, 4.125, 7.5],
			"to": [1.25, 8.125, 9.5],
			"rotation": {"angle": -22.5, "axis": "z", "origin": [0, 0, 0]},
			"faces": {
				"north": {"uv": [0, 4, 1, 8], "texture": "#4"},
				"east": {"uv": [0, 0, 2, 4], "texture": "#4"},
				"south": {"uv": [4, 0, 5, 4], "texture": "#4"},
				"west": {"uv": [2, 0, 4, 4], "texture": "#4"},
				"up": {"uv": [2, 6, 1, 4], "texture": "#4"},
				"down": {"uv": [3, 4, 2, 6], "texture": "#4"}
			}
		},
		{
			"from": [7, 7, 4.25],
			"to": [9, 8, 5],
			"faces": {
				"north": {"uv": [0, 0, 2, 1], "texture": "#11"},
				"east": {"uv": [2, 1, 3, 2], "texture": "#11"},
				"south": {"uv": [0, 1, 2, 2], "texture": "#11"},
				"west": {"uv": [2, 2, 3, 3], "texture": "#11"},
				"up": {"uv": [2, 3, 0, 2], "texture": "#11"},
				"down": {"uv": [4, 0, 2, 1], "texture": "#11"}
			}
		},
		{
			"from": [5.5, 13, 6.5],
			"to": [10.5, 14, 10.5],
			"faces": {
				"north": {"uv": [5, 0, 10, 1], "texture": "#5"},
				"east": {"uv": [5, 2, 9, 3], "texture": "#5"},
				"south": {"uv": [5, 1, 10, 2], "texture": "#5"},
				"west": {"uv": [5, 3, 9, 4], "texture": "#5"},
				"up": {"uv": [5, 4, 0, 0], "texture": "#5"},
				"down": {"uv": [5, 4, 0, 8], "texture": "#5"}
			}
		},
		{
			"from": [6, 14, 7],
			"to": [10, 15, 10],
			"faces": {
				"north": {"uv": [4, 0, 8, 1], "texture": "#6"},
				"east": {"uv": [4, 2, 7, 3], "texture": "#6"},
				"south": {"uv": [4, 1, 8, 2], "texture": "#6"},
				"west": {"uv": [4, 3, 7, 4], "texture": "#6"},
				"up": {"uv": [4, 3, 0, 0], "texture": "#6"},
				"down": {"uv": [4, 3, 0, 6], "texture": "#6"}
			}
		},
		{
			"from": [10, 10.5, 8],
			"to": [11, 11.5, 9],
			"rotation": {"angle": 22.5, "axis": "z", "origin": [0, 0, 0]},
			"faces": {
				"north": {"uv": [0, 0, 1, 1], "texture": "#7"},
				"east": {"uv": [0, 1, 1, 2], "texture": "#7"},
				"south": {"uv": [1, 0, 2, 1], "texture": "#7"},
				"west": {"uv": [1, 1, 2, 2], "texture": "#7"},
				"up": {"uv": [1, 3, 0, 2], "texture": "#7"},
				"down": {"uv": [3, 0, 2, 1], "texture": "#7"}
			}
		},
		{
			"from": [7.5, 5.5, 4.5],
			"to": [8.5, 6.5, 5],
			"faces": {
				"north": {"uv": [0, 0, 1, 1], "texture": "#8"},
				"east": {"uv": [0, 1, 1, 2], "texture": "#8"},
				"south": {"uv": [1, 0, 2, 1], "texture": "#8"},
				"west": {"uv": [1, 1, 2, 2], "texture": "#8"},
				"up": {"uv": [1, 3, 0, 2], "texture": "#8"},
				"down": {"uv": [3, 0, 2, 1], "texture": "#8"}
			}
		},
		{
			"from": [6.5, 5.25, 4.5],
			"to": [7.5, 6.75, 5],
			"faces": {
				"north": {"uv": [0, 0, 1, 2], "texture": "#9"},
				"east": {"uv": [1, 0, 2, 2], "texture": "#9"},
				"south": {"uv": [0, 2, 1, 4], "texture": "#9"},
				"west": {"uv": [2, 0, 3, 2], "texture": "#9"},
				"up": {"uv": [2, 3, 1, 2], "texture": "#9"},
				"down": {"uv": [3, 2, 2, 3], "texture": "#9"}
			}
		},
		{
			"from": [8.5, 5.25, 4.5],
			"to": [9.5, 6.75, 5],
			"faces": {
				"north": {"uv": [0, 0, 1, 2], "texture": "#10"},
				"east": {"uv": [1, 0, 2, 2], "texture": "#10"},
				"south": {"uv": [0, 2, 1, 4], "texture": "#10"},
				"west": {"uv": [2, 0, 3, 2], "texture": "#10"},
				"up": {"uv": [2, 3, 1, 2], "texture": "#10"},
				"down": {"uv": [3, 2, 2, 3], "texture": "#10"}
			}
		}
	],
	"display": {
		"thirdperson_righthand": {
			"rotation": [0, 180, 0],
			"translation": [0, 1.75, -3.5]
		},
		"thirdperson_lefthand": {
			"rotation": [0, 180, 0],
			"translation": [0, 1.75, -3.5]
		},
		"firstperson_righthand": {
			"rotation": [0, 155, 0],
			"translation": [0, 3.5, 0]
		},
		"firstperson_lefthand": {
			"rotation": [0, 155, 0],
			"translation": [0, 3.5, 0]
		},
		"ground": {
			"rotation": [90, 0, 0],
			"translation": [0, 2.5, 2.5],
			"scale": [1.5, 1.5, 1.5]
		},
		"gui": {
			"rotation": [0, 155, 0]
		},
		"head": {
			"translation": [0, 18.5, 0],
			"scale": [1.5, 1.5, 1.5]
		},
		"fixed": {
			"rotation": [-90, 0, 0],
			"translation": [0, 0, -23],
			"scale": [3, 3, 3]
		}
	},
	"groups": [
		0,
		1,
		2,
		3,
		4,
		5,
		{
			"name": "hat",
			"origin": [8, 8, 8],
			"color": 0,
			"children": [6, 7, 8]
		},
		{
			"name": "bowtie",
			"origin": [8, 8, 8],
			"color": 0,
			"children": [9, 10, 11]
		}
	]
}